<?xml version="1.0" encoding="UTF-8"?><gpx version="1.1" creator="Relive" xmlns="http://www.topografix.com/GPX/1/1" xmlns:xsi="http://www.w3.org/2001/XMLSchema-instance" xsi:schemaLocation="http://www.topografix.com/GPX/1/1 http://www.topografix.com/GPX/1/1/gpx.xsd http://www.garmin.com/xmlschemas/TrackPointExtension/v1 http://www.garmin.com/xmlschemas/TrackPointExtensionv1.xsd http://www.garmin.com/xmlschemas/GpxExtensions/v3 http://www.garmin.com/xmlschemas/GpxExtensionsv3.xsd" xmlns:gpxtpx="http://www.garmin.com/xmlschemas/TrackPointExtension/v1" xmlns:gpxx="http://www.garmin.com/xmlschemas/GpxExtensions/v3"><metadata><time>2026-06-28T04:59:39.000Z</time><name>옛집</name></metadata><trk><trkseg><trkpt lat="35.164409" lon="126.853756"><time>2026-06-28T04:59:39.000Z</time><ele>62</ele></trkpt><trkpt lat="35.164324" lon="126.853675"><time>2026-06-28T04:59:40.000Z</time><ele>47</ele></trkpt><trkpt lat="35.164266" lon="126.853609"><time>2026-06-28T04:59:41.000Z</time><ele>47</ele></trkpt><trkpt lat="35.164179" lon="126.853514"><time>2026-06-28T04:59:42.000Z</time><ele>45</ele></trkpt><trkpt lat="35.164078" lon="126.853414"><time>2026-06-28T04:59:43.000Z</time><ele>43</ele></trkpt><trkpt lat="35.163978" lon="126.853313"><time>2026-06-28T04:59:44.000Z</time><ele>43</ele></trkpt><trkpt lat="35.163892" lon="126.853211"><time>2026-06-28T04:59:45.000Z</time><ele>43</ele></trkpt><trkpt lat="35.163811" lon="126.853101"><time>2026-06-28T04:59:46.000Z</time><ele>43</ele></trkpt><trkpt lat="35.163727" lon="126.852989"><time>2026-06-28T04:59:47.000Z</time><ele>42</ele></trkpt><trkpt lat="35.163641" lon="126.852877"><time>2026-06-28T04:59:48.000Z</time><ele>43</ele></trkpt><trkpt lat="35.163564" lon="126.852758"><time>2026-06-28T04:59:49.000Z</time><ele>43</ele></trkpt><trkpt lat="35.163497" lon="126.852646"><time>2026-06-28T04:59:50.000Z</time><ele>43</ele></trkpt><trkpt lat="35.163428" lon="126.852535"><time>2026-06-28T04:59:51.000Z</time><ele>43</ele></trkpt><trkpt lat="35.16336" lon="126.852425"><time>2026-06-28T04:59:52.000Z</time><ele>43</ele></trkpt><trkpt lat="35.163297" lon="126.852318"><time>2026-06-28T04:59:53.000Z</time><ele>43</ele></trkpt><trkpt lat="35.163246" lon="126.852215"><time>2026-06-28T04:59:54.000Z</time><ele>43</ele></trkpt><trkpt lat="35.163194" lon="126.852118"><time>2026-06-28T04:59:55.000Z</time><ele>43</ele></trkpt><trkpt lat="35.163147" lon="126.852027"><time>2026-06-28T04:59:56.000Z</time><ele>43</ele></trkpt><trkpt lat="35.163101" lon="126.851944"><time>2026-06-28T04:59:57.000Z</time><ele>43</ele></trkpt><trkpt lat="35.163061" lon="126.851865"><time>2026-06-28T04:59:58.000Z</time><ele>44</ele></trkpt><trkpt lat="35.163027" lon="126.851788"><time>2026-06-28T04:59:59.000Z</time><ele>43</ele></trkpt><trkpt lat="35.162998" lon="126.85171"><time>2026-06-28T05:00:00.000Z</time><ele>43</ele></trkpt><trkpt lat="35.162984" lon="126.851626"><time>2026-06-28T05:00:01.000Z</time><ele>42</ele></trkpt><trkpt lat="35.162982" lon="126.851532"><time>2026-06-28T05:00:02.000Z</time><ele>42</ele></trkpt><trkpt lat="35.162983" lon="126.851432"><time>2026-06-28T05:00:03.000Z</time><ele>41</ele></trkpt><trkpt lat="35.162987" lon="126.851325"><time>2026-06-28T05:00:04.000Z</time><ele>42</ele></trkpt><trkpt lat="35.162991" lon="126.851208"><time>2026-06-28T05:00:05.000Z</time><ele>41</ele></trkpt><trkpt lat="35.162997" lon="126.851084"><time>2026-06-28T05:00:06.000Z</time><ele>41</ele></trkpt><trkpt lat="35.163002" lon="126.850952"><time>2026-06-28T05:00:07.000Z</time><ele>40</ele></trkpt><trkpt lat="35.163007" lon="126.850812"><time>2026-06-28T05:00:08.000Z</time><ele>40</ele></trkpt><trkpt lat="35.163012" lon="126.850666"><time>2026-06-28T05:00:09.000Z</time><ele>39</ele></trkpt><trkpt lat="35.163018" lon="126.850515"><time>2026-06-28T05:00:10.000Z</time><ele>39</ele></trkpt><trkpt lat="35.163026" lon="126.850361"><time>2026-06-28T05:00:11.000Z</time><ele>39</ele></trkpt><trkpt lat="35.163034" lon="126.850207"><time>2026-06-28T05:00:12.000Z</time><ele>40</ele></trkpt><trkpt lat="35.163041" lon="126.85005"><time>2026-06-28T05:00:13.000Z</time><ele>40</ele></trkpt><trkpt lat="35.163049" lon="126.849892"><time>2026-06-28T05:00:14.000Z</time><ele>40</ele></trkpt><trkpt lat="35.163062" lon="126.849732"><time>2026-06-28T05:00:15.000Z</time><ele>40</ele></trkpt><trkpt lat="35.163074" lon="126.849575"><time>2026-06-28T05:00:16.000Z</time><ele>40</ele></trkpt><trkpt lat="35.163091" lon="126.849426"><time>2026-06-28T05:00:17.000Z</time><ele>39</ele></trkpt><trkpt lat="35.163105" lon="126.849279"><time>2026-06-28T05:00:18.000Z</time><ele>39</ele></trkpt><trkpt lat="35.163115" lon="126.849132"><time>2026-06-28T05:00:19.000Z</time><ele>38</ele></trkpt><trkpt lat="35.163129" lon="126.848999"><time>2026-06-28T05:00:20.000Z</time><ele>38</ele></trkpt><trkpt lat="35.16314" lon="126.848876"><time>2026-06-28T05:00:21.000Z</time><ele>38</ele></trkpt><trkpt lat="35.163154" lon="126.848767"><time>2026-06-28T05:00:22.000Z</time><ele>38</ele></trkpt><trkpt lat="35.163166" lon="126.848678"><time>2026-06-28T05:00:23.000Z</time><ele>38</ele></trkpt><trkpt lat="35.163184" lon="126.848602"><time>2026-06-28T05:00:24.000Z</time><ele>39</ele></trkpt><trkpt lat="35.163207" lon="126.848536"><time>2026-06-28T05:00:25.000Z</time><ele>39</ele></trkpt><trkpt lat="35.16324" lon="126.848472"><time>2026-06-28T05:00:26.000Z</time><ele>39</ele></trkpt><trkpt lat="35.16328" lon="126.848418"><time>2026-06-28T05:00:27.000Z</time><ele>39</ele></trkpt><trkpt lat="35.163333" lon="126.84838"><time>2026-06-28T05:00:28.000Z</time><ele>38</ele></trkpt><trkpt lat="35.163393" lon="126.848352"><time>2026-06-28T05:00:29.000Z</time><ele>38</ele></trkpt><trkpt lat="35.16346" lon="126.848329"><time>2026-06-28T05:00:30.000Z</time><ele>38</ele></trkpt><trkpt lat="35.163531" lon="126.848304"><time>2026-06-28T05:00:31.000Z</time><ele>38</ele></trkpt><trkpt lat="35.163609" lon="126.84829"><time>2026-06-28T05:00:32.000Z</time><ele>38</ele></trkpt><trkpt lat="35.163694" lon="126.848288"><time>2026-06-28T05:00:33.000Z</time><ele>39</ele></trkpt><trkpt lat="35.163785" lon="126.848289"><time>2026-06-28T05:00:34.000Z</time><ele>40</ele></trkpt><trkpt lat="35.163871" lon="126.84829"><time>2026-06-28T05:00:35.000Z</time><ele>40</ele></trkpt><trkpt lat="35.163951" lon="126.848287"><time>2026-06-28T05:00:36.000Z</time><ele>41</ele></trkpt><trkpt lat="35.164029" lon="126.848285"><time>2026-06-28T05:00:37.000Z</time><ele>41</ele></trkpt><trkpt lat="35.164087" lon="126.848283"><time>2026-06-28T05:00:38.000Z</time><ele>41</ele></trkpt><trkpt lat="35.164138" lon="126.848273"><time>2026-06-28T05:00:39.000Z</time><ele>41</ele></trkpt><trkpt lat="35.164122" lon="126.848198"><time>2026-06-28T05:00:41.000Z</time><ele>41</ele></trkpt><trkpt lat="35.16407" lon="126.848185"><time>2026-06-28T05:00:42.000Z</time><ele>41</ele></trkpt><trkpt lat="35.163997" lon="126.848188"><time>2026-06-28T05:00:43.000Z</time><ele>41</ele></trkpt><trkpt lat="35.163929" lon="126.848194"><time>2026-06-28T05:00:44.000Z</time><ele>41</ele></trkpt><trkpt lat="35.163855" lon="126.848195"><time>2026-06-28T05:00:45.000Z</time><ele>41</ele></trkpt><trkpt lat="35.163779" lon="126.848187"><time>2026-06-28T05:00:46.000Z</time><ele>42</ele></trkpt><trkpt lat="35.163703" lon="126.848183"><time>2026-06-28T05:00:47.000Z</time><ele>42</ele></trkpt><trkpt lat="35.163631" lon="126.848178"><time>2026-06-28T05:00:48.000Z</time><ele>42</ele></trkpt><trkpt lat="35.163563" lon="126.848179"><time>2026-06-28T05:00:49.000Z</time><ele>42</ele></trkpt><trkpt lat="35.163504" lon="126.848179"><time>2026-06-28T05:00:50.000Z</time><ele>42</ele></trkpt><trkpt lat="35.163448" lon="126.848179"><time>2026-06-28T05:00:51.000Z</time><ele>42</ele></trkpt><trkpt lat="35.163399" lon="126.848181"><time>2026-06-28T05:00:52.000Z</time><ele>41</ele></trkpt><trkpt lat="35.163343" lon="126.848183"><time>2026-06-28T05:00:54.000Z</time><ele>42</ele></trkpt><trkpt lat="35.163281" lon="126.848189"><time>2026-06-28T05:02:15.000Z</time><ele>41</ele></trkpt><trkpt lat="35.1632" lon="126.8482"><time>2026-06-28T05:02:16.000Z</time><ele>41</ele></trkpt><trkpt lat="35.163113" lon="126.848198"><time>2026-06-28T05:02:17.000Z</time><ele>40</ele></trkpt><trkpt lat="35.163028" lon="126.848197"><time>2026-06-28T05:02:18.000Z</time><ele>40</ele></trkpt><trkpt lat="35.162931" lon="126.848203"><time>2026-06-28T05:02:19.000Z</time><ele>40</ele></trkpt><trkpt lat="35.162832" lon="126.848202"><time>2026-06-28T05:02:20.000Z</time><ele>39</ele></trkpt><trkpt lat="35.162724" lon="126.848209"><time>2026-06-28T05:02:21.000Z</time><ele>40</ele></trkpt><trkpt lat="35.162618" lon="126.848219"><time>2026-06-28T05:02:22.000Z</time><ele>40</ele></trkpt><trkpt lat="35.162517" lon="126.848226"><time>2026-06-28T05:02:23.000Z</time><ele>41</ele></trkpt><trkpt lat="35.162408" lon="126.848228"><time>2026-06-28T05:02:24.000Z</time><ele>40</ele></trkpt><trkpt lat="35.162292" lon="126.848237"><time>2026-06-28T05:02:25.000Z</time><ele>40</ele></trkpt><trkpt lat="35.16217" lon="126.848236"><time>2026-06-28T05:02:26.000Z</time><ele>40</ele></trkpt><trkpt lat="35.162041" lon="126.848229"><time>2026-06-28T05:02:27.000Z</time><ele>41</ele></trkpt><trkpt lat="35.16191" lon="126.848231"><time>2026-06-28T05:02:28.000Z</time><ele>42</ele></trkpt><trkpt lat="35.161781" lon="126.848231"><time>2026-06-28T05:02:29.000Z</time><ele>42</ele></trkpt><trkpt lat="35.161658" lon="126.84823"><time>2026-06-28T05:02:30.000Z</time><ele>43</ele></trkpt><trkpt lat="35.16154" lon="126.848231"><time>2026-06-28T05:02:31.000Z</time><ele>43</ele></trkpt><trkpt lat="35.16142" lon="126.84823"><time>2026-06-28T05:02:32.000Z</time><ele>43</ele></trkpt><trkpt lat="35.161302" lon="126.84823"><time>2026-06-28T05:02:33.000Z</time><ele>44</ele></trkpt><trkpt lat="35.161191" lon="126.848229"><time>2026-06-28T05:02:34.000Z</time><ele>44</ele></trkpt><trkpt lat="35.161087" lon="126.848229"><time>2026-06-28T05:02:35.000Z</time><ele>44</ele></trkpt><trkpt lat="35.160987" lon="126.848229"><time>2026-06-28T05:02:36.000Z</time><ele>44</ele></trkpt><trkpt lat="35.160891" lon="126.848226"><time>2026-06-28T05:02:37.000Z</time><ele>44</ele></trkpt><trkpt lat="35.160805" lon="126.848225"><time>2026-06-28T05:02:38.000Z</time><ele>44</ele></trkpt><trkpt lat="35.160736" lon="126.848225"><time>2026-06-28T05:02:39.000Z</time><ele>44</ele></trkpt><trkpt lat="35.160679" lon="126.848227"><time>2026-06-28T05:02:40.000Z</time><ele>44</ele></trkpt><trkpt lat="35.16063" lon="126.848222"><time>2026-06-28T05:02:41.000Z</time><ele>43</ele></trkpt><trkpt lat="35.160585" lon="126.848201"><time>2026-06-28T05:02:42.000Z</time><ele>43</ele></trkpt><trkpt lat="35.160548" lon="126.848161"><time>2026-06-28T05:02:43.000Z</time><ele>43</ele></trkpt><trkpt lat="35.160527" lon="126.848095"><time>2026-06-28T05:02:44.000Z</time><ele>43</ele></trkpt><trkpt lat="35.160519" lon="126.848007"><time>2026-06-28T05:02:45.000Z</time><ele>43</ele></trkpt><trkpt lat="35.160512" lon="126.847905"><time>2026-06-28T05:02:46.000Z</time><ele>43</ele></trkpt><trkpt lat="35.160492" lon="126.847789"><time>2026-06-28T05:02:47.000Z</time><ele>42</ele></trkpt><trkpt lat="35.160468" lon="126.847658"><time>2026-06-28T05:02:48.000Z</time><ele>42</ele></trkpt><trkpt lat="35.160444" lon="126.847514"><time>2026-06-28T05:02:49.000Z</time><ele>42</ele></trkpt><trkpt lat="35.160424" lon="126.847361"><time>2026-06-28T05:02:50.000Z</time><ele>42</ele></trkpt><trkpt lat="35.160413" lon="126.847203"><time>2026-06-28T05:02:51.000Z</time><ele>42</ele></trkpt><trkpt lat="35.1604" lon="126.847035"><time>2026-06-28T05:02:52.000Z</time><ele>42</ele></trkpt><trkpt lat="35.160387" lon="126.846857"><time>2026-06-28T05:02:53.000Z</time><ele>42</ele></trkpt><trkpt lat="35.160372" lon="126.846675"><time>2026-06-28T05:02:54.000Z</time><ele>41</ele></trkpt><trkpt lat="35.160358" lon="126.846494"><time>2026-06-28T05:02:55.000Z</time><ele>42</ele></trkpt><trkpt lat="35.16034" lon="126.846308"><time>2026-06-28T05:02:56.000Z</time><ele>42</ele></trkpt><trkpt lat="35.160324" lon="126.846115"><time>2026-06-28T05:02:57.000Z</time><ele>41</ele></trkpt><trkpt lat="35.160307" lon="126.845926"><time>2026-06-28T05:02:58.000Z</time><ele>41</ele></trkpt><trkpt lat="35.160291" lon="126.845732"><time>2026-06-28T05:02:59.000Z</time><ele>41</ele></trkpt><trkpt lat="35.160275" lon="126.845529"><time>2026-06-28T05:03:00.000Z</time><ele>41</ele></trkpt><trkpt lat="35.160263" lon="126.845326"><time>2026-06-28T05:03:01.000Z</time><ele>41</ele></trkpt><trkpt lat="35.160248" lon="126.845126"><time>2026-06-28T05:03:02.000Z</time><ele>41</ele></trkpt><trkpt lat="35.160227" lon="126.844927"><time>2026-06-28T05:03:03.000Z</time><ele>41</ele></trkpt><trkpt lat="35.160203" lon="126.844726"><time>2026-06-28T05:03:04.000Z</time><ele>41</ele></trkpt><trkpt lat="35.160176" lon="126.844527"><time>2026-06-28T05:03:05.000Z</time><ele>41</ele></trkpt><trkpt lat="35.160141" lon="126.844329"><time>2026-06-28T05:03:06.000Z</time><ele>41</ele></trkpt><trkpt lat="35.1601" lon="126.84413"><time>2026-06-28T05:03:07.000Z</time><ele>41</ele></trkpt><trkpt lat="35.160059" lon="126.843927"><time>2026-06-28T05:03:08.000Z</time><ele>41</ele></trkpt><trkpt lat="35.160016" lon="126.843719"><time>2026-06-28T05:03:09.000Z</time><ele>41</ele></trkpt><trkpt lat="35.159972" lon="126.843512"><time>2026-06-28T05:03:10.000Z</time><ele>41</ele></trkpt><trkpt lat="35.159926" lon="126.843304"><time>2026-06-28T05:03:11.000Z</time><ele>41</ele></trkpt><trkpt lat="35.159869" lon="126.843093"><time>2026-06-28T05:03:12.000Z</time><ele>41</ele></trkpt><trkpt lat="35.159801" lon="126.84288"><time>2026-06-28T05:03:13.000Z</time><ele>41</ele></trkpt><trkpt lat="35.159726" lon="126.842674"><time>2026-06-28T05:03:14.000Z</time><ele>41</ele></trkpt><trkpt lat="35.159647" lon="126.842469"><time>2026-06-28T05:03:15.000Z</time><ele>41</ele></trkpt><trkpt lat="35.15957" lon="126.842262"><time>2026-06-28T05:03:16.000Z</time><ele>41</ele></trkpt><trkpt lat="35.159487" lon="126.842059"><time>2026-06-28T05:03:17.000Z</time><ele>41</ele></trkpt><trkpt lat="35.159402" lon="126.841854"><time>2026-06-28T05:03:18.000Z</time><ele>41</ele></trkpt><trkpt lat="35.159313" lon="126.841652"><time>2026-06-28T05:03:19.000Z</time><ele>41</ele></trkpt><trkpt lat="35.159222" lon="126.841448"><time>2026-06-28T05:03:20.000Z</time><ele>40</ele></trkpt><trkpt lat="35.159129" lon="126.841251"><time>2026-06-28T05:03:21.000Z</time><ele>41</ele></trkpt><trkpt lat="35.159031" lon="126.841052"><time>2026-06-28T05:03:22.000Z</time><ele>41</ele></trkpt><trkpt lat="35.158931" lon="126.840853"><time>2026-06-28T05:03:23.000Z</time><ele>41</ele></trkpt><trkpt lat="35.15883" lon="126.840652"><time>2026-06-28T05:03:24.000Z</time><ele>41</ele></trkpt><trkpt lat="35.158733" lon="126.840451"><time>2026-06-28T05:03:25.000Z</time><ele>40</ele></trkpt><trkpt lat="35.158638" lon="126.840247"><time>2026-06-28T05:03:26.000Z</time><ele>41</ele></trkpt><trkpt lat="35.158541" lon="126.840049"><time>2026-06-28T05:03:27.000Z</time><ele>41</ele></trkpt><trkpt lat="35.158449" lon="126.839852"><time>2026-06-28T05:03:28.000Z</time><ele>41</ele></trkpt><trkpt lat="35.158361" lon="126.839647"><time>2026-06-28T05:03:29.000Z</time><ele>40</ele></trkpt><trkpt lat="35.158271" lon="126.839446"><time>2026-06-28T05:03:30.000Z</time><ele>40</ele></trkpt><trkpt lat="35.158184" lon="126.83926"><time>2026-06-28T05:03:31.000Z</time><ele>40</ele></trkpt><trkpt lat="35.15809" lon="126.839085"><time>2026-06-28T05:03:32.000Z</time><ele>40</ele></trkpt><trkpt lat="35.157996" lon="126.838929"><time>2026-06-28T05:03:33.000Z</time><ele>40</ele></trkpt><trkpt lat="35.157895" lon="126.83877"><time>2026-06-28T05:03:34.000Z</time><ele>40</ele></trkpt><trkpt lat="35.157783" lon="126.838609"><time>2026-06-28T05:03:35.000Z</time><ele>39</ele></trkpt><trkpt lat="35.157664" lon="126.838452"><time>2026-06-28T05:03:36.000Z</time><ele>39</ele></trkpt><trkpt lat="35.157538" lon="126.838298"><time>2026-06-28T05:03:37.000Z</time><ele>40</ele></trkpt><trkpt lat="35.157401" lon="126.838151"><time>2026-06-28T05:03:38.000Z</time><ele>40</ele></trkpt><trkpt lat="35.157258" lon="126.838007"><time>2026-06-28T05:03:39.000Z</time><ele>40</ele></trkpt><trkpt lat="35.15711" lon="126.837868"><time>2026-06-28T05:03:40.000Z</time><ele>40</ele></trkpt><trkpt lat="35.156958" lon="126.837739"><time>2026-06-28T05:03:41.000Z</time><ele>39</ele></trkpt><trkpt lat="35.156791" lon="126.837618"><time>2026-06-28T05:03:42.000Z</time><ele>39</ele></trkpt><trkpt lat="35.156621" lon="126.837505"><time>2026-06-28T05:03:43.000Z</time><ele>39</ele></trkpt><trkpt lat="35.156453" lon="126.837404"><time>2026-06-28T05:03:44.000Z</time><ele>39</ele></trkpt><trkpt lat="35.156278" lon="126.837305"><time>2026-06-28T05:03:45.000Z</time><ele>40</ele></trkpt><trkpt lat="35.156102" lon="126.837213"><time>2026-06-28T05:03:46.000Z</time><ele>40</ele></trkpt><trkpt lat="35.15593" lon="126.837129"><time>2026-06-28T05:03:47.000Z</time><ele>40</ele></trkpt><trkpt lat="35.155765" lon="126.837048"><time>2026-06-28T05:03:48.000Z</time><ele>40</ele></trkpt><trkpt lat="35.155606" lon="126.83697"><time>2026-06-28T05:03:49.000Z</time><ele>41</ele></trkpt><trkpt lat="35.155452" lon="126.83689"><time>2026-06-28T05:03:50.000Z</time><ele>41</ele></trkpt><trkpt lat="35.155302" lon="126.836816"><time>2026-06-28T05:03:51.000Z</time><ele>41</ele></trkpt><trkpt lat="35.155155" lon="126.836742"><time>2026-06-28T05:03:52.000Z</time><ele>41</ele></trkpt><trkpt lat="35.155016" lon="126.83667"><time>2026-06-28T05:03:53.000Z</time><ele>41</ele></trkpt><trkpt lat="35.154879" lon="126.836602"><time>2026-06-28T05:03:54.000Z</time><ele>41</ele></trkpt><trkpt lat="35.154749" lon="126.836536"><time>2026-06-28T05:03:55.000Z</time><ele>41</ele></trkpt><trkpt lat="35.15462" lon="126.83647"><time>2026-06-28T05:03:56.000Z</time><ele>42</ele></trkpt><trkpt lat="35.15449" lon="126.836401"><time>2026-06-28T05:03:57.000Z</time><ele>42</ele></trkpt><trkpt lat="35.154362" lon="126.836325"><time>2026-06-28T05:03:58.000Z</time><ele>42</ele></trkpt><trkpt lat="35.154238" lon="126.836248"><time>2026-06-28T05:03:59.000Z</time><ele>42</ele></trkpt><trkpt lat="35.154117" lon="126.836171"><time>2026-06-28T05:04:00.000Z</time><ele>42</ele></trkpt><trkpt lat="35.153998" lon="126.836092"><time>2026-06-28T05:04:01.000Z</time><ele>42</ele></trkpt><trkpt lat="35.15389" lon="126.836018"><time>2026-06-28T05:04:02.000Z</time><ele>42</ele></trkpt><trkpt lat="35.153786" lon="126.835942"><time>2026-06-28T05:04:03.000Z</time><ele>42</ele></trkpt><trkpt lat="35.153682" lon="126.835869"><time>2026-06-28T05:04:04.000Z</time><ele>42</ele></trkpt><trkpt lat="35.15358" lon="126.835795"><time>2026-06-28T05:04:05.000Z</time><ele>42</ele></trkpt><trkpt lat="35.153486" lon="126.835718"><time>2026-06-28T05:04:06.000Z</time><ele>42</ele></trkpt><trkpt lat="35.153397" lon="126.835642"><time>2026-06-28T05:04:07.000Z</time><ele>42</ele></trkpt><trkpt lat="35.153305" lon="126.835558"><time>2026-06-28T05:04:08.000Z</time><ele>42</ele></trkpt><trkpt lat="35.153209" lon="126.835467"><time>2026-06-28T05:04:09.000Z</time><ele>42</ele></trkpt><trkpt lat="35.153111" lon="126.83538"><time>2026-06-28T05:04:10.000Z</time><ele>42</ele></trkpt><trkpt lat="35.153014" lon="126.835287"><time>2026-06-28T05:04:11.000Z</time><ele>42</ele></trkpt><trkpt lat="35.152916" lon="126.835197"><time>2026-06-28T05:04:12.000Z</time><ele>42</ele></trkpt><trkpt lat="35.152826" lon="126.835105"><time>2026-06-28T05:04:13.000Z</time><ele>42</ele></trkpt><trkpt lat="35.15273" lon="126.835015"><time>2026-06-28T05:04:14.000Z</time><ele>41</ele></trkpt><trkpt lat="35.152636" lon="126.834928"><time>2026-06-28T05:04:15.000Z</time><ele>41</ele></trkpt><trkpt lat="35.152548" lon="126.834839"><time>2026-06-28T05:04:16.000Z</time><ele>41</ele></trkpt><trkpt lat="35.152456" lon="126.83475"><time>2026-06-28T05:04:17.000Z</time><ele>41</ele></trkpt><trkpt lat="35.152362" lon="126.834654"><time>2026-06-28T05:04:18.000Z</time><ele>41</ele></trkpt><trkpt lat="35.152266" lon="126.834553"><time>2026-06-28T05:04:19.000Z</time><ele>41</ele></trkpt><trkpt lat="35.152168" lon="126.834454"><time>2026-06-28T05:04:20.000Z</time><ele>41</ele></trkpt><trkpt lat="35.152063" lon="126.834355"><time>2026-06-28T05:04:21.000Z</time><ele>41</ele></trkpt><trkpt lat="35.151955" lon="126.834254"><time>2026-06-28T05:04:22.000Z</time><ele>41</ele></trkpt><trkpt lat="35.151846" lon="126.834158"><time>2026-06-28T05:04:23.000Z</time><ele>41</ele></trkpt><trkpt lat="35.151736" lon="126.83406"><time>2026-06-28T05:04:24.000Z</time><ele>41</ele></trkpt><trkpt lat="35.151623" lon="126.833959"><time>2026-06-28T05:04:25.000Z</time><ele>41</ele></trkpt><trkpt lat="35.151509" lon="126.83386"><time>2026-06-28T05:04:26.000Z</time><ele>41</ele></trkpt><trkpt lat="35.151394" lon="126.833759"><time>2026-06-28T05:04:27.000Z</time><ele>42</ele></trkpt><trkpt lat="35.151275" lon="126.83365"><time>2026-06-28T05:04:28.000Z</time><ele>42</ele></trkpt><trkpt lat="35.151152" lon="126.833542"><time>2026-06-28T05:04:29.000Z</time><ele>42</ele></trkpt><trkpt lat="35.151024" lon="126.833437"><time>2026-06-28T05:04:30.000Z</time><ele>42</ele></trkpt><trkpt lat="35.150889" lon="126.833325"><time>2026-06-28T05:04:31.000Z</time><ele>41</ele></trkpt><trkpt lat="35.15075" lon="126.833212"><time>2026-06-28T05:04:32.000Z</time><ele>41</ele></trkpt><trkpt lat="35.150612" lon="126.833095"><time>2026-06-28T05:04:33.000Z</time><ele>41</ele></trkpt><trkpt lat="35.150476" lon="126.832976"><time>2026-06-28T05:04:34.000Z</time><ele>41</ele></trkpt><trkpt lat="35.150332" lon="126.832853"><time>2026-06-28T05:04:35.000Z</time><ele>41</ele></trkpt><trkpt lat="35.150184" lon="126.83273"><time>2026-06-28T05:04:36.000Z</time><ele>41</ele></trkpt><trkpt lat="35.150036" lon="126.832607"><time>2026-06-28T05:04:37.000Z</time><ele>40</ele></trkpt><trkpt lat="35.149882" lon="126.832486"><time>2026-06-28T05:04:38.000Z</time><ele>40</ele></trkpt><trkpt lat="35.149721" lon="126.832371"><time>2026-06-28T05:04:39.000Z</time><ele>40</ele></trkpt><trkpt lat="35.149558" lon="126.832268"><time>2026-06-28T05:04:40.000Z</time><ele>40</ele></trkpt><trkpt lat="35.149393" lon="126.832168"><time>2026-06-28T05:04:41.000Z</time><ele>40</ele></trkpt><trkpt lat="35.149225" lon="126.832075"><time>2026-06-28T05:04:42.000Z</time><ele>40</ele></trkpt><trkpt lat="35.149057" lon="126.831991"><time>2026-06-28T05:04:43.000Z</time><ele>39</ele></trkpt><trkpt lat="35.148886" lon="126.831908"><time>2026-06-28T05:04:44.000Z</time><ele>39</ele></trkpt><trkpt lat="35.148711" lon="126.831826"><time>2026-06-28T05:04:45.000Z</time><ele>39</ele></trkpt><trkpt lat="35.148533" lon="126.83175"><time>2026-06-28T05:04:46.000Z</time><ele>39</ele></trkpt><trkpt lat="35.148357" lon="126.83168"><time>2026-06-28T05:04:47.000Z</time><ele>39</ele></trkpt><trkpt lat="35.148184" lon="126.831617"><time>2026-06-28T05:04:48.000Z</time><ele>39</ele></trkpt><trkpt lat="35.148017" lon="126.831565"><time>2026-06-28T05:04:49.000Z</time><ele>39</ele></trkpt><trkpt lat="35.147852" lon="126.831524"><time>2026-06-28T05:04:50.000Z</time><ele>39</ele></trkpt><trkpt lat="35.147686" lon="126.831485"><time>2026-06-28T05:04:51.000Z</time><ele>39</ele></trkpt><trkpt lat="35.147515" lon="126.831458"><time>2026-06-28T05:04:52.000Z</time><ele>39</ele></trkpt><trkpt lat="35.147341" lon="126.831441"><time>2026-06-28T05:04:53.000Z</time><ele>39</ele></trkpt><trkpt lat="35.147164" lon="126.831437"><time>2026-06-28T05:04:54.000Z</time><ele>38</ele></trkpt><trkpt lat="35.146996" lon="126.831434"><time>2026-06-28T05:04:55.000Z</time><ele>38</ele></trkpt><trkpt lat="35.146823" lon="126.831435"><time>2026-06-28T05:04:56.000Z</time><ele>38</ele></trkpt><trkpt lat="35.146652" lon="126.831439"><time>2026-06-28T05:04:57.000Z</time><ele>38</ele></trkpt><trkpt lat="35.146482" lon="126.831449"><time>2026-06-28T05:04:58.000Z</time><ele>38</ele></trkpt><trkpt lat="35.14631" lon="126.831454"><time>2026-06-28T05:04:59.000Z</time><ele>38</ele></trkpt><trkpt lat="35.146138" lon="126.831466"><time>2026-06-28T05:05:00.000Z</time><ele>38</ele></trkpt><trkpt lat="35.145964" lon="126.831475"><time>2026-06-28T05:05:01.000Z</time><ele>38</ele></trkpt><trkpt lat="35.145789" lon="126.831485"><time>2026-06-28T05:05:02.000Z</time><ele>38</ele></trkpt><trkpt lat="35.145615" lon="126.831492"><time>2026-06-28T05:05:03.000Z</time><ele>38</ele></trkpt><trkpt lat="35.14544" lon="126.831495"><time>2026-06-28T05:05:04.000Z</time><ele>39</ele></trkpt><trkpt lat="35.145266" lon="126.8315"><time>2026-06-28T05:05:05.000Z</time><ele>39</ele></trkpt><trkpt lat="35.145096" lon="126.831505"><time>2026-06-28T05:05:06.000Z</time><ele>39</ele></trkpt><trkpt lat="35.144925" lon="126.831508"><time>2026-06-28T05:05:07.000Z</time><ele>39</ele></trkpt><trkpt lat="35.144754" lon="126.831509"><time>2026-06-28T05:05:08.000Z</time><ele>39</ele></trkpt><trkpt lat="35.144586" lon="126.831505"><time>2026-06-28T05:05:09.000Z</time><ele>40</ele></trkpt><trkpt lat="35.144424" lon="126.831498"><time>2026-06-28T05:05:10.000Z</time><ele>40</ele></trkpt><trkpt lat="35.144268" lon="126.831485"><time>2026-06-28T05:05:11.000Z</time><ele>40</ele></trkpt><trkpt lat="35.144115" lon="126.831472"><time>2026-06-28T05:05:12.000Z</time><ele>40</ele></trkpt><trkpt lat="35.143966" lon="126.831456"><time>2026-06-28T05:05:13.000Z</time><ele>41</ele></trkpt><trkpt lat="35.143822" lon="126.831437"><time>2026-06-28T05:05:14.000Z</time><ele>41</ele></trkpt><trkpt lat="35.143684" lon="126.831417"><time>2026-06-28T05:05:15.000Z</time><ele>40</ele></trkpt><trkpt lat="35.143552" lon="126.831394"><time>2026-06-28T05:05:16.000Z</time><ele>40</ele></trkpt><trkpt lat="35.143417" lon="126.831374"><time>2026-06-28T05:05:17.000Z</time><ele>41</ele></trkpt><trkpt lat="35.143292" lon="126.831345"><time>2026-06-28T05:05:18.000Z</time><ele>40</ele></trkpt><trkpt lat="35.143172" lon="126.831313"><time>2026-06-28T05:05:19.000Z</time><ele>40</ele></trkpt><trkpt lat="35.143049" lon="126.83128"><time>2026-06-28T05:05:20.000Z</time><ele>40</ele></trkpt><trkpt lat="35.142917" lon="126.831242"><time>2026-06-28T05:05:21.000Z</time><ele>40</ele></trkpt><trkpt lat="35.142778" lon="126.831199"><time>2026-06-28T05:05:22.000Z</time><ele>39</ele></trkpt><trkpt lat="35.142637" lon="126.831153"><time>2026-06-28T05:05:23.000Z</time><ele>39</ele></trkpt><trkpt lat="35.142496" lon="126.831108"><time>2026-06-28T05:05:24.000Z</time><ele>39</ele></trkpt><trkpt lat="35.142353" lon="126.831064"><time>2026-06-28T05:05:25.000Z</time><ele>39</ele></trkpt><trkpt lat="35.142216" lon="126.831016"><time>2026-06-28T05:05:26.000Z</time><ele>39</ele></trkpt><trkpt lat="35.142088" lon="126.830966"><time>2026-06-28T05:05:27.000Z</time><ele>39</ele></trkpt><trkpt lat="35.141967" lon="126.830916"><time>2026-06-28T05:05:28.000Z</time><ele>38</ele></trkpt><trkpt lat="35.141851" lon="126.830868"><time>2026-06-28T05:05:29.000Z</time><ele>38</ele></trkpt><trkpt lat="35.141742" lon="126.830825"><time>2026-06-28T05:05:30.000Z</time><ele>38</ele></trkpt><trkpt lat="35.141631" lon="126.830781"><time>2026-06-28T05:05:31.000Z</time><ele>38</ele></trkpt><trkpt lat="35.14152" lon="126.830738"><time>2026-06-28T05:05:32.000Z</time><ele>38</ele></trkpt><trkpt lat="35.141412" lon="126.830691"><time>2026-06-28T05:05:33.000Z</time><ele>38</ele></trkpt><trkpt lat="35.141303" lon="126.83064"><time>2026-06-28T05:05:34.000Z</time><ele>38</ele></trkpt><trkpt lat="35.141194" lon="126.830587"><time>2026-06-28T05:05:35.000Z</time><ele>38</ele></trkpt><trkpt lat="35.14109" lon="126.830537"><time>2026-06-28T05:05:36.000Z</time><ele>38</ele></trkpt><trkpt lat="35.14099" lon="126.830493"><time>2026-06-28T05:05:37.000Z</time><ele>38</ele></trkpt><trkpt lat="35.140899" lon="126.830444"><time>2026-06-28T05:05:38.000Z</time><ele>38</ele></trkpt><trkpt lat="35.140812" lon="126.830395"><time>2026-06-28T05:05:39.000Z</time><ele>38</ele></trkpt><trkpt lat="35.140737" lon="126.830336"><time>2026-06-28T05:05:40.000Z</time><ele>39</ele></trkpt><trkpt lat="35.140685" lon="126.830268"><time>2026-06-28T05:05:41.000Z</time><ele>38</ele></trkpt><trkpt lat="35.140647" lon="126.830169"><time>2026-06-28T05:05:42.000Z</time><ele>39</ele></trkpt><trkpt lat="35.140647" lon="126.830057"><time>2026-06-28T05:05:43.000Z</time><ele>39</ele></trkpt><trkpt lat="35.140669" lon="126.829926"><time>2026-06-28T05:05:44.000Z</time><ele>39</ele></trkpt><trkpt lat="35.14071" lon="126.82979"><time>2026-06-28T05:05:45.000Z</time><ele>39</ele></trkpt><trkpt lat="35.140758" lon="126.829646"><time>2026-06-28T05:05:46.000Z</time><ele>39</ele></trkpt><trkpt lat="35.140811" lon="126.8295"><time>2026-06-28T05:05:47.000Z</time><ele>39</ele></trkpt><trkpt lat="35.140862" lon="126.829353"><time>2026-06-28T05:05:48.000Z</time><ele>40</ele></trkpt><trkpt lat="35.14091" lon="126.829198"><time>2026-06-28T05:05:49.000Z</time><ele>39</ele></trkpt><trkpt lat="35.140959" lon="126.829038"><time>2026-06-28T05:05:50.000Z</time><ele>39</ele></trkpt><trkpt lat="35.141008" lon="126.828873"><time>2026-06-28T05:05:51.000Z</time><ele>39</ele></trkpt><trkpt lat="35.141058" lon="126.828705"><time>2026-06-28T05:05:52.000Z</time><ele>39</ele></trkpt><trkpt lat="35.141106" lon="126.828537"><time>2026-06-28T05:05:53.000Z</time><ele>39</ele></trkpt><trkpt lat="35.141155" lon="126.828373"><time>2026-06-28T05:05:54.000Z</time><ele>39</ele></trkpt><trkpt lat="35.141201" lon="126.828221"><time>2026-06-28T05:05:55.000Z</time><ele>39</ele></trkpt><trkpt lat="35.141247" lon="126.828072"><time>2026-06-28T05:05:56.000Z</time><ele>39</ele></trkpt><trkpt lat="35.141293" lon="126.827924"><time>2026-06-28T05:05:57.000Z</time><ele>39</ele></trkpt><trkpt lat="35.141334" lon="126.827784"><time>2026-06-28T05:05:58.000Z</time><ele>39</ele></trkpt><trkpt lat="35.141373" lon="126.827649"><time>2026-06-28T05:05:59.000Z</time><ele>39</ele></trkpt><trkpt lat="35.141413" lon="126.827516"><time>2026-06-28T05:06:00.000Z</time><ele>39</ele></trkpt><trkpt lat="35.141454" lon="126.827389"><time>2026-06-28T05:06:01.000Z</time><ele>39</ele></trkpt><trkpt lat="35.141494" lon="126.827265"><time>2026-06-28T05:06:02.000Z</time><ele>39</ele></trkpt><trkpt lat="35.141534" lon="126.827143"><time>2026-06-28T05:06:03.000Z</time><ele>40</ele></trkpt><trkpt lat="35.14157" lon="126.827026"><time>2026-06-28T05:06:04.000Z</time><ele>40</ele></trkpt><trkpt lat="35.141602" lon="126.82691"><time>2026-06-28T05:06:05.000Z</time><ele>40</ele></trkpt><trkpt lat="35.141633" lon="126.826797"><time>2026-06-28T05:06:06.000Z</time><ele>40</ele></trkpt><trkpt lat="35.141665" lon="126.826687"><time>2026-06-28T05:06:07.000Z</time><ele>40</ele></trkpt><trkpt lat="35.141696" lon="126.826582"><time>2026-06-28T05:06:08.000Z</time><ele>40</ele></trkpt><trkpt lat="35.141727" lon="126.826482"><time>2026-06-28T05:06:09.000Z</time><ele>40</ele></trkpt><trkpt lat="35.141755" lon="126.82639"><time>2026-06-28T05:06:10.000Z</time><ele>40</ele></trkpt><trkpt lat="35.141781" lon="126.826301"><time>2026-06-28T05:06:11.000Z</time><ele>40</ele></trkpt><trkpt lat="35.141808" lon="126.826213"><time>2026-06-28T05:06:12.000Z</time><ele>40</ele></trkpt><trkpt lat="35.141836" lon="126.82613"><time>2026-06-28T05:06:13.000Z</time><ele>40</ele></trkpt><trkpt lat="35.141864" lon="126.826051"><time>2026-06-28T05:06:14.000Z</time><ele>40</ele></trkpt><trkpt lat="35.141894" lon="126.825974"><time>2026-06-28T05:06:15.000Z</time><ele>40</ele></trkpt><trkpt lat="35.141922" lon="126.825893"><time>2026-06-28T05:06:16.000Z</time><ele>39</ele></trkpt><trkpt lat="35.141948" lon="126.825806"><time>2026-06-28T05:06:17.000Z</time><ele>39</ele></trkpt><trkpt lat="35.141973" lon="126.825716"><time>2026-06-28T05:06:18.000Z</time><ele>39</ele></trkpt><trkpt lat="35.141999" lon="126.825625"><time>2026-06-28T05:06:19.000Z</time><ele>39</ele></trkpt><trkpt lat="35.142022" lon="126.825541"><time>2026-06-28T05:06:20.000Z</time><ele>39</ele></trkpt><trkpt lat="35.142047" lon="126.825459"><time>2026-06-28T05:06:21.000Z</time><ele>39</ele></trkpt><trkpt lat="35.14207" lon="126.825379"><time>2026-06-28T05:06:22.000Z</time><ele>39</ele></trkpt><trkpt lat="35.142092" lon="126.825296"><time>2026-06-28T05:06:23.000Z</time><ele>39</ele></trkpt><trkpt lat="35.142116" lon="126.825211"><time>2026-06-28T05:06:24.000Z</time><ele>39</ele></trkpt><trkpt lat="35.142141" lon="126.825121"><time>2026-06-28T05:06:25.000Z</time><ele>39</ele></trkpt><trkpt lat="35.142166" lon="126.825033"><time>2026-06-28T05:06:26.000Z</time><ele>39</ele></trkpt><trkpt lat="35.142186" lon="126.824947"><time>2026-06-28T05:06:27.000Z</time><ele>38</ele></trkpt><trkpt lat="35.142209" lon="126.824867"><time>2026-06-28T05:06:28.000Z</time><ele>38</ele></trkpt><trkpt lat="35.142229" lon="126.824786"><time>2026-06-28T05:06:29.000Z</time><ele>39</ele></trkpt><trkpt lat="35.142249" lon="126.824697"><time>2026-06-28T05:06:30.000Z</time><ele>39</ele></trkpt><trkpt lat="35.142268" lon="126.824593"><time>2026-06-28T05:06:31.000Z</time><ele>39</ele></trkpt><trkpt lat="35.142296" lon="126.824476"><time>2026-06-28T05:06:32.000Z</time><ele>39</ele></trkpt><trkpt lat="35.142325" lon="126.824356"><time>2026-06-28T05:06:33.000Z</time><ele>39</ele></trkpt><trkpt lat="35.142352" lon="126.824221"><time>2026-06-28T05:06:34.000Z</time><ele>39</ele></trkpt><trkpt lat="35.142381" lon="126.824082"><time>2026-06-28T05:06:35.000Z</time><ele>39</ele></trkpt><trkpt lat="35.142407" lon="126.823929"><time>2026-06-28T05:06:36.000Z</time><ele>39</ele></trkpt><trkpt lat="35.142434" lon="126.823769"><time>2026-06-28T05:06:37.000Z</time><ele>39</ele></trkpt><trkpt lat="35.142464" lon="126.823606"><time>2026-06-28T05:06:38.000Z</time><ele>38</ele></trkpt><trkpt lat="35.142493" lon="126.823431"><time>2026-06-28T05:06:39.000Z</time><ele>38</ele></trkpt><trkpt lat="35.142524" lon="126.823252"><time>2026-06-28T05:06:40.000Z</time><ele>38</ele></trkpt><trkpt lat="35.142556" lon="126.823069"><time>2026-06-28T05:06:41.000Z</time><ele>38</ele></trkpt><trkpt lat="35.142585" lon="126.822873"><time>2026-06-28T05:06:42.000Z</time><ele>38</ele></trkpt><trkpt lat="35.142618" lon="126.822673"><time>2026-06-28T05:06:43.000Z</time><ele>37</ele></trkpt><trkpt lat="35.142658" lon="126.822464"><time>2026-06-28T05:06:44.000Z</time><ele>38</ele></trkpt><trkpt lat="35.142693" lon="126.822256"><time>2026-06-28T05:06:45.000Z</time><ele>37</ele></trkpt><trkpt lat="35.142728" lon="126.822052"><time>2026-06-28T05:06:46.000Z</time><ele>37</ele></trkpt><trkpt lat="35.142759" lon="126.821855"><time>2026-06-28T05:06:47.000Z</time><ele>38</ele></trkpt><trkpt lat="35.142784" lon="126.821659"><time>2026-06-28T05:06:48.000Z</time><ele>38</ele></trkpt><trkpt lat="35.142813" lon="126.82146"><time>2026-06-28T05:06:49.000Z</time><ele>38</ele></trkpt><trkpt lat="35.142841" lon="126.821257"><time>2026-06-28T05:06:50.000Z</time><ele>38</ele></trkpt><trkpt lat="35.142872" lon="126.821051"><time>2026-06-28T05:06:51.000Z</time><ele>38</ele></trkpt><trkpt lat="35.1429" lon="126.820841"><time>2026-06-28T05:06:52.000Z</time><ele>39</ele></trkpt><trkpt lat="35.142932" lon="126.820625"><time>2026-06-28T05:06:53.000Z</time><ele>39</ele></trkpt><trkpt lat="35.142961" lon="126.820408"><time>2026-06-28T05:06:54.000Z</time><ele>39</ele></trkpt><trkpt lat="35.142991" lon="126.820185"><time>2026-06-28T05:06:55.000Z</time><ele>39</ele></trkpt><trkpt lat="35.143019" lon="126.819961"><time>2026-06-28T05:06:56.000Z</time><ele>39</ele></trkpt><trkpt lat="35.14305" lon="126.819732"><time>2026-06-28T05:06:57.000Z</time><ele>39</ele></trkpt><trkpt lat="35.143079" lon="126.819504"><time>2026-06-28T05:06:58.000Z</time><ele>39</ele></trkpt><trkpt lat="35.14311" lon="126.819269"><time>2026-06-28T05:06:59.000Z</time><ele>39</ele></trkpt><trkpt lat="35.143143" lon="126.81903"><time>2026-06-28T05:07:00.000Z</time><ele>40</ele></trkpt><trkpt lat="35.143178" lon="126.818794"><time>2026-06-28T05:07:01.000Z</time><ele>40</ele></trkpt><trkpt lat="35.143215" lon="126.818549"><time>2026-06-28T05:07:02.000Z</time><ele>40</ele></trkpt><trkpt lat="35.14325" lon="126.818303"><time>2026-06-28T05:07:03.000Z</time><ele>40</ele></trkpt><trkpt lat="35.143283" lon="126.818056"><time>2026-06-28T05:07:04.000Z</time><ele>40</ele></trkpt><trkpt lat="35.143318" lon="126.817802"><time>2026-06-28T05:07:05.000Z</time><ele>40</ele></trkpt><trkpt lat="35.143356" lon="126.817549"><time>2026-06-28T05:07:06.000Z</time><ele>40</ele></trkpt><trkpt lat="35.143393" lon="126.817292"><time>2026-06-28T05:07:07.000Z</time><ele>40</ele></trkpt><trkpt lat="35.143428" lon="126.817039"><time>2026-06-28T05:07:08.000Z</time><ele>39</ele></trkpt><trkpt lat="35.143464" lon="126.816785"><time>2026-06-28T05:07:09.000Z</time><ele>39</ele></trkpt><trkpt lat="35.143499" lon="126.816531"><time>2026-06-28T05:07:10.000Z</time><ele>39</ele></trkpt><trkpt lat="35.143532" lon="126.816272"><time>2026-06-28T05:07:11.000Z</time><ele>39</ele></trkpt><trkpt lat="35.143567" lon="126.816013"><time>2026-06-28T05:07:12.000Z</time><ele>39</ele></trkpt><trkpt lat="35.143601" lon="126.815754"><time>2026-06-28T05:07:13.000Z</time><ele>39</ele></trkpt><trkpt lat="35.143637" lon="126.815495"><time>2026-06-28T05:07:14.000Z</time><ele>39</ele></trkpt><trkpt lat="35.143673" lon="126.815238"><time>2026-06-28T05:07:15.000Z</time><ele>38</ele></trkpt><trkpt lat="35.143802" lon="126.81433"><time>2026-06-28T05:07:19.000Z</time><ele>38</ele></trkpt><trkpt lat="35.143831" lon="126.814146"><time>2026-06-28T05:07:20.000Z</time><ele>38</ele></trkpt><trkpt lat="35.143856" lon="126.813981"><time>2026-06-28T05:07:21.000Z</time><ele>39</ele></trkpt><trkpt lat="35.143876" lon="126.813836"><time>2026-06-28T05:07:22.000Z</time><ele>39</ele></trkpt><trkpt lat="35.143894" lon="126.8137"><time>2026-06-28T05:07:23.000Z</time><ele>39</ele></trkpt><trkpt lat="35.143915" lon="126.813563"><time>2026-06-28T05:07:24.000Z</time><ele>39</ele></trkpt><trkpt lat="35.143932" lon="126.813422"><time>2026-06-28T05:07:25.000Z</time><ele>39</ele></trkpt><trkpt lat="35.143948" lon="126.813277"><time>2026-06-28T05:07:26.000Z</time><ele>38</ele></trkpt><trkpt lat="35.143969" lon="126.813132"><time>2026-06-28T05:07:27.000Z</time><ele>38</ele></trkpt><trkpt lat="35.143986" lon="126.81299"><time>2026-06-28T05:07:28.000Z</time><ele>38</ele></trkpt><trkpt lat="35.144006" lon="126.812853"><time>2026-06-28T05:07:29.000Z</time><ele>38</ele></trkpt><trkpt lat="35.144023" lon="126.812725"><time>2026-06-28T05:07:30.000Z</time><ele>38</ele></trkpt><trkpt lat="35.144042" lon="126.812605"><time>2026-06-28T05:07:31.000Z</time><ele>38</ele></trkpt><trkpt lat="35.144058" lon="126.812493"><time>2026-06-28T05:07:32.000Z</time><ele>38</ele></trkpt><trkpt lat="35.144076" lon="126.812391"><time>2026-06-28T05:07:33.000Z</time><ele>38</ele></trkpt><trkpt lat="35.144092" lon="126.812287"><time>2026-06-28T05:07:34.000Z</time><ele>39</ele></trkpt><trkpt lat="35.144103" lon="126.812198"><time>2026-06-28T05:07:35.000Z</time><ele>39</ele></trkpt><trkpt lat="35.144111" lon="126.81212"><time>2026-06-28T05:07:36.000Z</time><ele>39</ele></trkpt><trkpt lat="35.144121" lon="126.812057"><time>2026-06-28T05:07:37.000Z</time><ele>39</ele></trkpt><trkpt lat="35.144135" lon="126.81196"><time>2026-06-28T05:07:39.000Z</time><ele>39</ele></trkpt><trkpt lat="35.144147" lon="126.811892"><time>2026-06-28T05:08:33.000Z</time><ele>39</ele></trkpt><trkpt lat="35.14415" lon="126.811819"><time>2026-06-28T05:08:34.000Z</time><ele>40</ele></trkpt><trkpt lat="35.144159" lon="126.811735"><time>2026-06-28T05:08:35.000Z</time><ele>40</ele></trkpt><trkpt lat="35.144172" lon="126.81163"><time>2026-06-28T05:08:36.000Z</time><ele>40</ele></trkpt><trkpt lat="35.144187" lon="126.811511"><time>2026-06-28T05:08:37.000Z</time><ele>40</ele></trkpt><trkpt lat="35.144209" lon="126.811379"><time>2026-06-28T05:08:38.000Z</time><ele>40</ele></trkpt><trkpt lat="35.144227" lon="126.811242"><time>2026-06-28T05:08:39.000Z</time><ele>39</ele></trkpt><trkpt lat="35.144248" lon="126.811093"><time>2026-06-28T05:08:40.000Z</time><ele>39</ele></trkpt><trkpt lat="35.144266" lon="126.810931"><time>2026-06-28T05:08:41.000Z</time><ele>39</ele></trkpt><trkpt lat="35.144279" lon="126.810757"><time>2026-06-28T05:08:42.000Z</time><ele>38</ele></trkpt><trkpt lat="35.144288" lon="126.810573"><time>2026-06-28T05:08:43.000Z</time><ele>38</ele></trkpt><trkpt lat="35.144292" lon="126.810388"><time>2026-06-28T05:08:44.000Z</time><ele>38</ele></trkpt><trkpt lat="35.144297" lon="126.810196"><time>2026-06-28T05:08:45.000Z</time><ele>38</ele></trkpt><trkpt lat="35.1443" lon="126.810002"><time>2026-06-28T05:08:46.000Z</time><ele>39</ele></trkpt><trkpt lat="35.144302" lon="126.809805"><time>2026-06-28T05:08:47.000Z</time><ele>38</ele></trkpt><trkpt lat="35.144298" lon="126.809605"><time>2026-06-28T05:08:48.000Z</time><ele>38</ele></trkpt><trkpt lat="35.144298" lon="126.80941"><time>2026-06-28T05:08:49.000Z</time><ele>38</ele></trkpt><trkpt lat="35.144297" lon="126.809212"><time>2026-06-28T05:08:50.000Z</time><ele>38</ele></trkpt><trkpt lat="35.144298" lon="126.80901"><time>2026-06-28T05:08:51.000Z</time><ele>38</ele></trkpt><trkpt lat="35.144296" lon="126.808812"><time>2026-06-28T05:08:52.000Z</time><ele>38</ele></trkpt><trkpt lat="35.144288" lon="126.808617"><time>2026-06-28T05:08:53.000Z</time><ele>38</ele></trkpt><trkpt lat="35.144278" lon="126.808422"><time>2026-06-28T05:08:54.000Z</time><ele>37</ele></trkpt><trkpt lat="35.14427" lon="126.808234"><time>2026-06-28T05:08:55.000Z</time><ele>37</ele></trkpt><trkpt lat="35.144258" lon="126.808051"><time>2026-06-28T05:08:56.000Z</time><ele>37</ele></trkpt><trkpt lat="35.144242" lon="126.807876"><time>2026-06-28T05:08:57.000Z</time><ele>37</ele></trkpt><trkpt lat="35.144228" lon="126.80771"><time>2026-06-28T05:08:58.000Z</time><ele>37</ele></trkpt><trkpt lat="35.144218" lon="126.807546"><time>2026-06-28T05:08:59.000Z</time><ele>37</ele></trkpt><trkpt lat="35.144207" lon="126.807384"><time>2026-06-28T05:09:00.000Z</time><ele>37</ele></trkpt><trkpt lat="35.144202" lon="126.807225"><time>2026-06-28T05:09:01.000Z</time><ele>36</ele></trkpt><trkpt lat="35.144188" lon="126.807065"><time>2026-06-28T05:09:02.000Z</time><ele>37</ele></trkpt><trkpt lat="35.144173" lon="126.806908"><time>2026-06-28T05:09:03.000Z</time><ele>37</ele></trkpt><trkpt lat="35.14416" lon="126.806743"><time>2026-06-28T05:09:04.000Z</time><ele>37</ele></trkpt><trkpt lat="35.144148" lon="126.806572"><time>2026-06-28T05:09:05.000Z</time><ele>37</ele></trkpt><trkpt lat="35.144135" lon="126.8064"><time>2026-06-28T05:09:06.000Z</time><ele>37</ele></trkpt><trkpt lat="35.14412" lon="126.806222"><time>2026-06-28T05:09:07.000Z</time><ele>36</ele></trkpt><trkpt lat="35.144107" lon="126.806042"><time>2026-06-28T05:09:08.000Z</time><ele>36</ele></trkpt><trkpt lat="35.144092" lon="126.80586"><time>2026-06-28T05:09:09.000Z</time><ele>36</ele></trkpt><trkpt lat="35.14408" lon="126.805672"><time>2026-06-28T05:09:10.000Z</time><ele>37</ele></trkpt><trkpt lat="35.144064" lon="126.805484"><time>2026-06-28T05:09:11.000Z</time><ele>37</ele></trkpt><trkpt lat="35.144055" lon="126.805293"><time>2026-06-28T05:09:12.000Z</time><ele>37</ele></trkpt><trkpt lat="35.144041" lon="126.805103"><time>2026-06-28T05:09:13.000Z</time><ele>37</ele></trkpt><trkpt lat="35.144028" lon="126.804912"><time>2026-06-28T05:09:14.000Z</time><ele>37</ele></trkpt><trkpt lat="35.144011" lon="126.80472"><time>2026-06-28T05:09:15.000Z</time><ele>38</ele></trkpt><trkpt lat="35.143992" lon="126.804529"><time>2026-06-28T05:09:16.000Z</time><ele>38</ele></trkpt><trkpt lat="35.143974" lon="126.804335"><time>2026-06-28T05:09:17.000Z</time><ele>38</ele></trkpt><trkpt lat="35.143958" lon="126.804145"><time>2026-06-28T05:09:18.000Z</time><ele>38</ele></trkpt><trkpt lat="35.143944" lon="126.803956"><time>2026-06-28T05:09:19.000Z</time><ele>38</ele></trkpt><trkpt lat="35.143928" lon="126.803768"><time>2026-06-28T05:09:20.000Z</time><ele>38</ele></trkpt><trkpt lat="35.143917" lon="126.803581"><time>2026-06-28T05:09:21.000Z</time><ele>38</ele></trkpt><trkpt lat="35.143906" lon="126.803396"><time>2026-06-28T05:09:22.000Z</time><ele>38</ele></trkpt><trkpt lat="35.143894" lon="126.803212"><time>2026-06-28T05:09:23.000Z</time><ele>38</ele></trkpt><trkpt lat="35.14388" lon="126.80303"><time>2026-06-28T05:09:24.000Z</time><ele>38</ele></trkpt><trkpt lat="35.143866" lon="126.802845"><time>2026-06-28T05:09:25.000Z</time><ele>38</ele></trkpt><trkpt lat="35.143855" lon="126.802659"><time>2026-06-28T05:09:26.000Z</time><ele>38</ele></trkpt><trkpt lat="35.143845" lon="126.802471"><time>2026-06-28T05:09:27.000Z</time><ele>38</ele></trkpt><trkpt lat="35.143836" lon="126.802283"><time>2026-06-28T05:09:28.000Z</time><ele>39</ele></trkpt><trkpt lat="35.143825" lon="126.802094"><time>2026-06-28T05:09:29.000Z</time><ele>39</ele></trkpt><trkpt lat="35.14381" lon="126.801906"><time>2026-06-28T05:09:30.000Z</time><ele>39</ele></trkpt><trkpt lat="35.143791" lon="126.801716"><time>2026-06-28T05:09:31.000Z</time><ele>39</ele></trkpt><trkpt lat="35.143771" lon="126.801526"><time>2026-06-28T05:09:32.000Z</time><ele>39</ele></trkpt><trkpt lat="35.143757" lon="126.801333"><time>2026-06-28T05:09:33.000Z</time><ele>40</ele></trkpt><trkpt lat="35.143743" lon="126.801136"><time>2026-06-28T05:09:34.000Z</time><ele>40</ele></trkpt><trkpt lat="35.143727" lon="126.800938"><time>2026-06-28T05:09:35.000Z</time><ele>40</ele></trkpt><trkpt lat="35.143712" lon="126.800739"><time>2026-06-28T05:09:36.000Z</time><ele>40</ele></trkpt><trkpt lat="35.143695" lon="126.800542"><time>2026-06-28T05:09:37.000Z</time><ele>40</ele></trkpt><trkpt lat="35.143684" lon="126.800346"><time>2026-06-28T05:09:38.000Z</time><ele>40</ele></trkpt><trkpt lat="35.143674" lon="126.800149"><time>2026-06-28T05:09:39.000Z</time><ele>39</ele></trkpt><trkpt lat="35.14366" lon="126.799948"><time>2026-06-28T05:09:40.000Z</time><ele>39</ele></trkpt><trkpt lat="35.143643" lon="126.799746"><time>2026-06-28T05:09:41.000Z</time><ele>39</ele></trkpt><trkpt lat="35.143626" lon="126.799543"><time>2026-06-28T05:09:42.000Z</time><ele>39</ele></trkpt><trkpt lat="35.143611" lon="126.799339"><time>2026-06-28T05:09:43.000Z</time><ele>39</ele></trkpt><trkpt lat="35.143596" lon="126.799131"><time>2026-06-28T05:09:44.000Z</time><ele>39</ele></trkpt><trkpt lat="35.143583" lon="126.798925"><time>2026-06-28T05:09:45.000Z</time><ele>39</ele></trkpt><trkpt lat="35.14357" lon="126.798718"><time>2026-06-28T05:09:46.000Z</time><ele>39</ele></trkpt><trkpt lat="35.143553" lon="126.798512"><time>2026-06-28T05:09:47.000Z</time><ele>39</ele></trkpt><trkpt lat="35.143536" lon="126.798313"><time>2026-06-28T05:09:48.000Z</time><ele>39</ele></trkpt><trkpt lat="35.14352" lon="126.798113"><time>2026-06-28T05:09:49.000Z</time><ele>38</ele></trkpt><trkpt lat="35.143504" lon="126.797924"><time>2026-06-28T05:09:50.000Z</time><ele>38</ele></trkpt><trkpt lat="35.143486" lon="126.797738"><time>2026-06-28T05:09:51.000Z</time><ele>37</ele></trkpt><trkpt lat="35.143465" lon="126.797558"><time>2026-06-28T05:09:52.000Z</time><ele>37</ele></trkpt><trkpt lat="35.143435" lon="126.797385"><time>2026-06-28T05:09:53.000Z</time><ele>37</ele></trkpt><trkpt lat="35.143393" lon="126.797218"><time>2026-06-28T05:09:54.000Z</time><ele>37</ele></trkpt><trkpt lat="35.143352" lon="126.797052"><time>2026-06-28T05:09:55.000Z</time><ele>37</ele></trkpt><trkpt lat="35.143305" lon="126.796893"><time>2026-06-28T05:09:56.000Z</time><ele>37</ele></trkpt><trkpt lat="35.143251" lon="126.796735"><time>2026-06-28T05:09:57.000Z</time><ele>37</ele></trkpt><trkpt lat="35.143193" lon="126.79659"><time>2026-06-28T05:09:58.000Z</time><ele>38</ele></trkpt><trkpt lat="35.143134" lon="126.796458"><time>2026-06-28T05:09:59.000Z</time><ele>38</ele></trkpt><trkpt lat="35.143081" lon="126.796339"><time>2026-06-28T05:10:00.000Z</time><ele>38</ele></trkpt><trkpt lat="35.143034" lon="126.796228"><time>2026-06-28T05:10:01.000Z</time><ele>39</ele></trkpt><trkpt lat="35.142989" lon="126.796132"><time>2026-06-28T05:10:02.000Z</time><ele>39</ele></trkpt><trkpt lat="35.142939" lon="126.796036"><time>2026-06-28T05:10:03.000Z</time><ele>39</ele></trkpt><trkpt lat="35.142887" lon="126.795943"><time>2026-06-28T05:10:04.000Z</time><ele>39</ele></trkpt><trkpt lat="35.142829" lon="126.795849"><time>2026-06-28T05:10:05.000Z</time><ele>39</ele></trkpt><trkpt lat="35.14276" lon="126.795753"><time>2026-06-28T05:10:06.000Z</time><ele>39</ele></trkpt><trkpt lat="35.142685" lon="126.795655"><time>2026-06-28T05:10:07.000Z</time><ele>39</ele></trkpt><trkpt lat="35.142601" lon="126.795568"><time>2026-06-28T05:10:08.000Z</time><ele>39</ele></trkpt><trkpt lat="35.142509" lon="126.795477"><time>2026-06-28T05:10:09.000Z</time><ele>39</ele></trkpt><trkpt lat="35.142414" lon="126.795381"><time>2026-06-28T05:10:10.000Z</time><ele>39</ele></trkpt><trkpt lat="35.14232" lon="126.79528"><time>2026-06-28T05:10:11.000Z</time><ele>39</ele></trkpt><trkpt lat="35.142222" lon="126.795178"><time>2026-06-28T05:10:12.000Z</time><ele>39</ele></trkpt><trkpt lat="35.14212" lon="126.795081"><time>2026-06-28T05:10:13.000Z</time><ele>40</ele></trkpt><trkpt lat="35.142017" lon="126.794984"><time>2026-06-28T05:10:14.000Z</time><ele>40</ele></trkpt><trkpt lat="35.141917" lon="126.794891"><time>2026-06-28T05:10:15.000Z</time><ele>40</ele></trkpt><trkpt lat="35.141817" lon="126.794803"><time>2026-06-28T05:10:16.000Z</time><ele>40</ele></trkpt><trkpt lat="35.141729" lon="126.794713"><time>2026-06-28T05:10:17.000Z</time><ele>40</ele></trkpt><trkpt lat="35.141645" lon="126.794623"><time>2026-06-28T05:10:18.000Z</time><ele>41</ele></trkpt><trkpt lat="35.141558" lon="126.794536"><time>2026-06-28T05:10:19.000Z</time><ele>41</ele></trkpt><trkpt lat="35.141475" lon="126.794453"><time>2026-06-28T05:10:20.000Z</time><ele>41</ele></trkpt><trkpt lat="35.141392" lon="126.794368"><time>2026-06-28T05:10:21.000Z</time><ele>41</ele></trkpt><trkpt lat="35.141305" lon="126.794283"><time>2026-06-28T05:10:22.000Z</time><ele>41</ele></trkpt><trkpt lat="35.141217" lon="126.794194"><time>2026-06-28T05:10:23.000Z</time><ele>41</ele></trkpt><trkpt lat="35.141128" lon="126.794103"><time>2026-06-28T05:10:24.000Z</time><ele>41</ele></trkpt><trkpt lat="35.141038" lon="126.794011"><time>2026-06-28T05:10:25.000Z</time><ele>41</ele></trkpt><trkpt lat="35.140944" lon="126.793917"><time>2026-06-28T05:10:26.000Z</time><ele>41</ele></trkpt><trkpt lat="35.140849" lon="126.793824"><time>2026-06-28T05:10:27.000Z</time><ele>41</ele></trkpt><trkpt lat="35.140753" lon="126.793732"><time>2026-06-28T05:10:28.000Z</time><ele>41</ele></trkpt><trkpt lat="35.140658" lon="126.793636"><time>2026-06-28T05:10:29.000Z</time><ele>41</ele></trkpt><trkpt lat="35.140566" lon="126.793536"><time>2026-06-28T05:10:30.000Z</time><ele>41</ele></trkpt><trkpt lat="35.140474" lon="126.793442"><time>2026-06-28T05:10:31.000Z</time><ele>41</ele></trkpt><trkpt lat="35.140383" lon="126.793352"><time>2026-06-28T05:10:32.000Z</time><ele>41</ele></trkpt><trkpt lat="35.140293" lon="126.793266"><time>2026-06-28T05:10:33.000Z</time><ele>41</ele></trkpt><trkpt lat="35.140206" lon="126.793185"><time>2026-06-28T05:10:34.000Z</time><ele>42</ele></trkpt><trkpt lat="35.14012" lon="126.793106"><time>2026-06-28T05:10:35.000Z</time><ele>42</ele></trkpt><trkpt lat="35.140032" lon="126.793031"><time>2026-06-28T05:10:36.000Z</time><ele>42</ele></trkpt><trkpt lat="35.139944" lon="126.792958"><time>2026-06-28T05:10:37.000Z</time><ele>42</ele></trkpt><trkpt lat="35.139851" lon="126.792889"><time>2026-06-28T05:10:38.000Z</time><ele>42</ele></trkpt><trkpt lat="35.139764" lon="126.792824"><time>2026-06-28T05:10:39.000Z</time><ele>42</ele></trkpt><trkpt lat="35.139499" lon="126.792632"><time>2026-06-28T05:10:42.000Z</time><ele>41</ele></trkpt><trkpt lat="35.139415" lon="126.792575"><time>2026-06-28T05:10:43.000Z</time><ele>41</ele></trkpt><trkpt lat="35.139327" lon="126.792531"><time>2026-06-28T05:10:44.000Z</time><ele>42</ele></trkpt><trkpt lat="35.139247" lon="126.79249"><time>2026-06-28T05:10:45.000Z</time><ele>42</ele></trkpt><trkpt lat="35.139166" lon="126.792443"><time>2026-06-28T05:10:46.000Z</time><ele>42</ele></trkpt><trkpt lat="35.139087" lon="126.7924"><time>2026-06-28T05:10:47.000Z</time><ele>42</ele></trkpt><trkpt lat="35.139011" lon="126.792361"><time>2026-06-28T05:10:48.000Z</time><ele>42</ele></trkpt><trkpt lat="35.138935" lon="126.792317"><time>2026-06-28T05:10:49.000Z</time><ele>41</ele></trkpt><trkpt lat="35.138871" lon="126.792279"><time>2026-06-28T05:10:50.000Z</time><ele>41</ele></trkpt><trkpt lat="35.138809" lon="126.792237"><time>2026-06-28T05:10:51.000Z</time><ele>41</ele></trkpt><trkpt lat="35.138752" lon="126.792199"><time>2026-06-28T05:10:52.000Z</time><ele>41</ele></trkpt><trkpt lat="35.138694" lon="126.792164"><time>2026-06-28T05:10:53.000Z</time><ele>41</ele></trkpt><trkpt lat="35.138635" lon="126.792129"><time>2026-06-28T05:10:54.000Z</time><ele>41</ele></trkpt><trkpt lat="35.13858" lon="126.792096"><time>2026-06-28T05:10:55.000Z</time><ele>40</ele></trkpt><trkpt lat="35.138525" lon="126.792066"><time>2026-06-28T05:10:56.000Z</time><ele>41</ele></trkpt><trkpt lat="35.138473" lon="126.792033"><time>2026-06-28T05:10:57.000Z</time><ele>41</ele></trkpt><trkpt lat="35.138419" lon="126.791999"><time>2026-06-28T05:10:58.000Z</time><ele>41</ele></trkpt><trkpt lat="35.13837" lon="126.791964"><time>2026-06-28T05:10:59.000Z</time><ele>41</ele></trkpt><trkpt lat="35.138321" lon="126.791933"><time>2026-06-28T05:11:00.000Z</time><ele>41</ele></trkpt><trkpt lat="35.138272" lon="126.791901"><time>2026-06-28T05:11:01.000Z</time><ele>40</ele></trkpt><trkpt lat="35.138222" lon="126.79187"><time>2026-06-28T05:11:02.000Z</time><ele>40</ele></trkpt><trkpt lat="35.138172" lon="126.79184"><time>2026-06-28T05:11:03.000Z</time><ele>40</ele></trkpt><trkpt lat="35.138124" lon="126.791808"><time>2026-06-28T05:11:04.000Z</time><ele>40</ele></trkpt><trkpt lat="35.138078" lon="126.791784"><time>2026-06-28T05:11:05.000Z</time><ele>41</ele></trkpt><trkpt lat="35.138035" lon="126.791763"><time>2026-06-28T05:11:06.000Z</time><ele>41</ele></trkpt><trkpt lat="35.137956" lon="126.791712"><time>2026-06-28T05:11:08.000Z</time><ele>41</ele></trkpt><trkpt lat="35.137875" lon="126.791664"><time>2026-06-28T05:11:10.000Z</time><ele>41</ele></trkpt><trkpt lat="35.137799" lon="126.791624"><time>2026-06-28T05:11:12.000Z</time><ele>41</ele></trkpt><trkpt lat="35.13773" lon="126.791584"><time>2026-06-28T05:11:14.000Z</time><ele>41</ele></trkpt><trkpt lat="35.137687" lon="126.791554"><time>2026-06-28T05:11:16.000Z</time><ele>41</ele></trkpt><trkpt lat="35.137625" lon="126.791507"><time>2026-06-28T05:12:32.000Z</time><ele>39</ele></trkpt><trkpt lat="35.137573" lon="126.791483"><time>2026-06-28T05:12:33.000Z</time><ele>40</ele></trkpt><trkpt lat="35.137503" lon="126.791448"><time>2026-06-28T05:12:34.000Z</time><ele>40</ele></trkpt><trkpt lat="35.137411" lon="126.791398"><time>2026-06-28T05:12:35.000Z</time><ele>41</ele></trkpt><trkpt lat="35.137305" lon="126.791346"><time>2026-06-28T05:12:36.000Z</time><ele>41</ele></trkpt><trkpt lat="35.137194" lon="126.791288"><time>2026-06-28T05:12:37.000Z</time><ele>41</ele></trkpt><trkpt lat="35.137078" lon="126.791224"><time>2026-06-28T05:12:38.000Z</time><ele>42</ele></trkpt><trkpt lat="35.136954" lon="126.791157"><time>2026-06-28T05:12:39.000Z</time><ele>41</ele></trkpt><trkpt lat="35.136836" lon="126.791083"><time>2026-06-28T05:12:40.000Z</time><ele>41</ele></trkpt><trkpt lat="35.136725" lon="126.791013"><time>2026-06-28T05:12:41.000Z</time><ele>41</ele></trkpt><trkpt lat="35.136615" lon="126.790944"><time>2026-06-28T05:12:42.000Z</time><ele>41</ele></trkpt><trkpt lat="35.136513" lon="126.790883"><time>2026-06-28T05:12:43.000Z</time><ele>40</ele></trkpt><trkpt lat="35.136414" lon="126.790823"><time>2026-06-28T05:12:44.000Z</time><ele>41</ele></trkpt><trkpt lat="35.136314" lon="126.790763"><time>2026-06-28T05:12:45.000Z</time><ele>40</ele></trkpt><trkpt lat="35.136209" lon="126.790702"><time>2026-06-28T05:12:46.000Z</time><ele>40</ele></trkpt><trkpt lat="35.136099" lon="126.79063"><time>2026-06-28T05:12:47.000Z</time><ele>40</ele></trkpt><trkpt lat="35.135977" lon="126.79055"><time>2026-06-28T05:12:48.000Z</time><ele>40</ele></trkpt><trkpt lat="35.135856" lon="126.790476"><time>2026-06-28T05:12:49.000Z</time><ele>40</ele></trkpt><trkpt lat="35.135731" lon="126.790406"><time>2026-06-28T05:12:50.000Z</time><ele>40</ele></trkpt><trkpt lat="35.135612" lon="126.790329"><time>2026-06-28T05:12:51.000Z</time><ele>40</ele></trkpt><trkpt lat="35.135492" lon="126.790255"><time>2026-06-28T05:12:52.000Z</time><ele>40</ele></trkpt><trkpt lat="35.135372" lon="126.790173"><time>2026-06-28T05:12:53.000Z</time><ele>40</ele></trkpt><trkpt lat="35.135248" lon="126.790101"><time>2026-06-28T05:12:54.000Z</time><ele>40</ele></trkpt><trkpt lat="35.13512" lon="126.790017"><time>2026-06-28T05:12:55.000Z</time><ele>40</ele></trkpt><trkpt lat="35.134994" lon="126.789937"><time>2026-06-28T05:12:56.000Z</time><ele>40</ele></trkpt><trkpt lat="35.134867" lon="126.78986"><time>2026-06-28T05:12:57.000Z</time><ele>40</ele></trkpt><trkpt lat="35.134737" lon="126.789783"><time>2026-06-28T05:12:58.000Z</time><ele>40</ele></trkpt><trkpt lat="35.134611" lon="126.789698"><time>2026-06-28T05:12:59.000Z</time><ele>40</ele></trkpt><trkpt lat="35.134481" lon="126.789616"><time>2026-06-28T05:13:00.000Z</time><ele>40</ele></trkpt><trkpt lat="35.134346" lon="126.789535"><time>2026-06-28T05:13:01.000Z</time><ele>39</ele></trkpt><trkpt lat="35.134209" lon="126.789459"><time>2026-06-28T05:13:02.000Z</time><ele>39</ele></trkpt><trkpt lat="35.13407" lon="126.789385"><time>2026-06-28T05:13:03.000Z</time><ele>39</ele></trkpt><trkpt lat="35.133932" lon="126.789302"><time>2026-06-28T05:13:04.000Z</time><ele>39</ele></trkpt><trkpt lat="35.133795" lon="126.789217"><time>2026-06-28T05:13:05.000Z</time><ele>38</ele></trkpt><trkpt lat="35.133655" lon="126.789131"><time>2026-06-28T05:13:06.000Z</time><ele>38</ele></trkpt><trkpt lat="35.133524" lon="126.789048"><time>2026-06-28T05:13:07.000Z</time><ele>38</ele></trkpt><trkpt lat="35.133391" lon="126.788967"><time>2026-06-28T05:13:08.000Z</time><ele>38</ele></trkpt><trkpt lat="35.133252" lon="126.788881"><time>2026-06-28T05:13:09.000Z</time><ele>38</ele></trkpt><trkpt lat="35.133107" lon="126.788791"><time>2026-06-28T05:13:10.000Z</time><ele>38</ele></trkpt><trkpt lat="35.132966" lon="126.788704"><time>2026-06-28T05:13:11.000Z</time><ele>38</ele></trkpt><trkpt lat="35.132825" lon="126.788617"><time>2026-06-28T05:13:12.000Z</time><ele>38</ele></trkpt><trkpt lat="35.132678" lon="126.78853"><time>2026-06-28T05:13:13.000Z</time><ele>38</ele></trkpt><trkpt lat="35.132531" lon="126.788434"><time>2026-06-28T05:13:14.000Z</time><ele>38</ele></trkpt><trkpt lat="35.132387" lon="126.788334"><time>2026-06-28T05:13:15.000Z</time><ele>38</ele></trkpt><trkpt lat="35.132248" lon="126.788235"><time>2026-06-28T05:13:16.000Z</time><ele>38</ele></trkpt><trkpt lat="35.132113" lon="126.788142"><time>2026-06-28T05:13:17.000Z</time><ele>38</ele></trkpt><trkpt lat="35.131986" lon="126.788053"><time>2026-06-28T05:13:18.000Z</time><ele>38</ele></trkpt><trkpt lat="35.131864" lon="126.787965"><time>2026-06-28T05:13:19.000Z</time><ele>38</ele></trkpt><trkpt lat="35.131747" lon="126.787873"><time>2026-06-28T05:13:20.000Z</time><ele>39</ele></trkpt><trkpt lat="35.131643" lon="126.787781"><time>2026-06-28T05:13:21.000Z</time><ele>39</ele></trkpt><trkpt lat="35.13154" lon="126.787697"><time>2026-06-28T05:13:22.000Z</time><ele>39</ele></trkpt><trkpt lat="35.131446" lon="126.78762"><time>2026-06-28T05:13:23.000Z</time><ele>40</ele></trkpt><trkpt lat="35.131348" lon="126.787552"><time>2026-06-28T05:13:24.000Z</time><ele>40</ele></trkpt><trkpt lat="35.131257" lon="126.787486"><time>2026-06-28T05:13:25.000Z</time><ele>40</ele></trkpt><trkpt lat="35.13117" lon="126.787415"><time>2026-06-28T05:13:26.000Z</time><ele>40</ele></trkpt><trkpt lat="35.13108" lon="126.787345"><time>2026-06-28T05:13:27.000Z</time><ele>41</ele></trkpt><trkpt lat="35.130984" lon="126.787276"><time>2026-06-28T05:13:28.000Z</time><ele>41</ele></trkpt><trkpt lat="35.130887" lon="126.787206"><time>2026-06-28T05:13:29.000Z</time><ele>40</ele></trkpt><trkpt lat="35.13078" lon="126.787134"><time>2026-06-28T05:13:30.000Z</time><ele>40</ele></trkpt><trkpt lat="35.130674" lon="126.787058"><time>2026-06-28T05:13:31.000Z</time><ele>40</ele></trkpt><trkpt lat="35.13056" lon="126.786984"><time>2026-06-28T05:13:32.000Z</time><ele>39</ele></trkpt><trkpt lat="35.130446" lon="126.786907"><time>2026-06-28T05:13:33.000Z</time><ele>40</ele></trkpt><trkpt lat="35.130327" lon="126.786834"><time>2026-06-28T05:13:34.000Z</time><ele>39</ele></trkpt><trkpt lat="35.130218" lon="126.786762"><time>2026-06-28T05:13:35.000Z</time><ele>39</ele></trkpt><trkpt lat="35.130106" lon="126.786687"><time>2026-06-28T05:13:36.000Z</time><ele>40</ele></trkpt><trkpt lat="35.129997" lon="126.786609"><time>2026-06-28T05:13:37.000Z</time><ele>40</ele></trkpt><trkpt lat="35.129885" lon="126.786527"><time>2026-06-28T05:13:38.000Z</time><ele>40</ele></trkpt><trkpt lat="35.12977" lon="126.78645"><time>2026-06-28T05:13:39.000Z</time><ele>40</ele></trkpt><trkpt lat="35.129657" lon="126.786369"><time>2026-06-28T05:13:40.000Z</time><ele>40</ele></trkpt><trkpt lat="35.129543" lon="126.786284"><time>2026-06-28T05:13:41.000Z</time><ele>40</ele></trkpt><trkpt lat="35.129429" lon="126.786199"><time>2026-06-28T05:13:42.000Z</time><ele>40</ele></trkpt><trkpt lat="35.129313" lon="126.78611"><time>2026-06-28T05:13:43.000Z</time><ele>40</ele></trkpt><trkpt lat="35.129189" lon="126.786021"><time>2026-06-28T05:13:44.000Z</time><ele>39</ele></trkpt><trkpt lat="35.12906" lon="126.785924"><time>2026-06-28T05:13:45.000Z</time><ele>39</ele></trkpt><trkpt lat="35.128928" lon="126.785822"><time>2026-06-28T05:13:46.000Z</time><ele>39</ele></trkpt><trkpt lat="35.128792" lon="126.785717"><time>2026-06-28T05:13:47.000Z</time><ele>39</ele></trkpt><trkpt lat="35.128652" lon="126.785609"><time>2026-06-28T05:13:48.000Z</time><ele>40</ele></trkpt><trkpt lat="35.128514" lon="126.785497"><time>2026-06-28T05:13:49.000Z</time><ele>40</ele></trkpt><trkpt lat="35.128368" lon="126.785385"><time>2026-06-28T05:13:50.000Z</time><ele>40</ele></trkpt><trkpt lat="35.128221" lon="126.785268"><time>2026-06-28T05:13:51.000Z</time><ele>40</ele></trkpt><trkpt lat="35.128068" lon="126.785152"><time>2026-06-28T05:13:52.000Z</time><ele>41</ele></trkpt><trkpt lat="35.127914" lon="126.785037"><time>2026-06-28T05:13:53.000Z</time><ele>41</ele></trkpt><trkpt lat="35.127757" lon="126.784914"><time>2026-06-28T05:13:54.000Z</time><ele>41</ele></trkpt><trkpt lat="35.127599" lon="126.784794"><time>2026-06-28T05:13:55.000Z</time><ele>41</ele></trkpt><trkpt lat="35.127441" lon="126.784672"><time>2026-06-28T05:13:56.000Z</time><ele>41</ele></trkpt><trkpt lat="35.127278" lon="126.784546"><time>2026-06-28T05:13:57.000Z</time><ele>41</ele></trkpt><trkpt lat="35.127116" lon="126.784421"><time>2026-06-28T05:13:58.000Z</time><ele>42</ele></trkpt><trkpt lat="35.126953" lon="126.784299"><time>2026-06-28T05:13:59.000Z</time><ele>42</ele></trkpt><trkpt lat="35.126793" lon="126.784177"><time>2026-06-28T05:14:00.000Z</time><ele>42</ele></trkpt><trkpt lat="35.126632" lon="126.784055"><time>2026-06-28T05:14:01.000Z</time><ele>43</ele></trkpt><trkpt lat="35.126477" lon="126.783933"><time>2026-06-28T05:14:02.000Z</time><ele>44</ele></trkpt><trkpt lat="35.126326" lon="126.783806"><time>2026-06-28T05:14:03.000Z</time><ele>44</ele></trkpt><trkpt lat="35.126181" lon="126.783671"><time>2026-06-28T05:14:04.000Z</time><ele>44</ele></trkpt><trkpt lat="35.126034" lon="126.783532"><time>2026-06-28T05:14:05.000Z</time><ele>45</ele></trkpt><trkpt lat="35.125894" lon="126.783393"><time>2026-06-28T05:14:06.000Z</time><ele>46</ele></trkpt><trkpt lat="35.125762" lon="126.783248"><time>2026-06-28T05:14:07.000Z</time><ele>46</ele></trkpt><trkpt lat="35.125631" lon="126.783103"><time>2026-06-28T05:14:08.000Z</time><ele>46</ele></trkpt><trkpt lat="35.125505" lon="126.782959"><time>2026-06-28T05:14:09.000Z</time><ele>46</ele></trkpt><trkpt lat="35.125377" lon="126.782816"><time>2026-06-28T05:14:10.000Z</time><ele>46</ele></trkpt><trkpt lat="35.125249" lon="126.782671"><time>2026-06-28T05:14:11.000Z</time><ele>46</ele></trkpt><trkpt lat="35.125124" lon="126.782531"><time>2026-06-28T05:14:12.000Z</time><ele>47</ele></trkpt><trkpt lat="35.124997" lon="126.782391"><time>2026-06-28T05:14:13.000Z</time><ele>47</ele></trkpt><trkpt lat="35.124873" lon="126.782252"><time>2026-06-28T05:14:14.000Z</time><ele>46</ele></trkpt><trkpt lat="35.12475" lon="126.782112"><time>2026-06-28T05:14:15.000Z</time><ele>46</ele></trkpt><trkpt lat="35.124628" lon="126.781971"><time>2026-06-28T05:14:16.000Z</time><ele>47</ele></trkpt><trkpt lat="35.124505" lon="126.781831"><time>2026-06-28T05:14:17.000Z</time><ele>47</ele></trkpt><trkpt lat="35.124383" lon="126.781692"><time>2026-06-28T05:14:18.000Z</time><ele>48</ele></trkpt><trkpt lat="35.124264" lon="126.781556"><time>2026-06-28T05:14:19.000Z</time><ele>48</ele></trkpt><trkpt lat="35.124151" lon="126.781423"><time>2026-06-28T05:14:20.000Z</time><ele>48</ele></trkpt><trkpt lat="35.12404" lon="126.781293"><time>2026-06-28T05:14:21.000Z</time><ele>48</ele></trkpt><trkpt lat="35.123928" lon="126.781173"><time>2026-06-28T05:14:22.000Z</time><ele>47</ele></trkpt><trkpt lat="35.123822" lon="126.781058"><time>2026-06-28T05:14:23.000Z</time><ele>47</ele></trkpt><trkpt lat="35.123721" lon="126.78094"><time>2026-06-28T05:14:24.000Z</time><ele>47</ele></trkpt><trkpt lat="35.123621" lon="126.780826"><time>2026-06-28T05:14:25.000Z</time><ele>47</ele></trkpt><trkpt lat="35.123522" lon="126.780715"><time>2026-06-28T05:14:26.000Z</time><ele>46</ele></trkpt><trkpt lat="35.123426" lon="126.780606"><time>2026-06-28T05:14:27.000Z</time><ele>46</ele></trkpt><trkpt lat="35.123332" lon="126.780504"><time>2026-06-28T05:14:28.000Z</time><ele>46</ele></trkpt><trkpt lat="35.123244" lon="126.780402"><time>2026-06-28T05:14:29.000Z</time><ele>46</ele></trkpt><trkpt lat="35.123157" lon="126.780303"><time>2026-06-28T05:14:30.000Z</time><ele>45</ele></trkpt><trkpt lat="35.123075" lon="126.780211"><time>2026-06-28T05:14:31.000Z</time><ele>45</ele></trkpt><trkpt lat="35.123" lon="126.780127"><time>2026-06-28T05:14:32.000Z</time><ele>45</ele></trkpt><trkpt lat="35.122932" lon="126.780046"><time>2026-06-28T05:14:33.000Z</time><ele>45</ele></trkpt><trkpt lat="35.122869" lon="126.779972"><time>2026-06-28T05:14:34.000Z</time><ele>45</ele></trkpt><trkpt lat="35.122814" lon="126.779902"><time>2026-06-28T05:14:35.000Z</time><ele>44</ele></trkpt><trkpt lat="35.122759" lon="126.779837"><time>2026-06-28T05:14:36.000Z</time><ele>44</ele></trkpt><trkpt lat="35.122708" lon="126.779771"><time>2026-06-28T05:14:37.000Z</time><ele>44</ele></trkpt><trkpt lat="35.122657" lon="126.779713"><time>2026-06-28T05:14:38.000Z</time><ele>44</ele></trkpt><trkpt lat="35.122617" lon="126.779669"><time>2026-06-28T05:14:39.000Z</time><ele>43</ele></trkpt><trkpt lat="35.122585" lon="126.779629"><time>2026-06-28T05:14:40.000Z</time><ele>43</ele></trkpt><trkpt lat="35.12254" lon="126.779584"><time>2026-06-28T05:14:42.000Z</time><ele>43</ele></trkpt><trkpt lat="35.122512" lon="126.779534"><time>2026-06-28T05:16:40.000Z</time><ele>41</ele></trkpt><trkpt lat="35.122445" lon="126.779471"><time>2026-06-28T05:16:42.000Z</time><ele>41</ele></trkpt><trkpt lat="35.122386" lon="126.77944"><time>2026-06-28T05:16:43.000Z</time><ele>40</ele></trkpt><trkpt lat="35.122311" lon="126.779425"><time>2026-06-28T05:16:44.000Z</time><ele>41</ele></trkpt><trkpt lat="35.122229" lon="126.779428"><time>2026-06-28T05:16:45.000Z</time><ele>41</ele></trkpt><trkpt lat="35.122134" lon="126.779453"><time>2026-06-28T05:16:46.000Z</time><ele>41</ele></trkpt><trkpt lat="35.122041" lon="126.779487"><time>2026-06-28T05:16:47.000Z</time><ele>40</ele></trkpt><trkpt lat="35.121941" lon="126.779528"><time>2026-06-28T05:16:48.000Z</time><ele>40</ele></trkpt><trkpt lat="35.12184" lon="126.779567"><time>2026-06-28T05:16:49.000Z</time><ele>40</ele></trkpt><trkpt lat="35.12174" lon="126.779603"><time>2026-06-28T05:16:50.000Z</time><ele>40</ele></trkpt><trkpt lat="35.121635" lon="126.779635"><time>2026-06-28T05:16:51.000Z</time><ele>40</ele></trkpt><trkpt lat="35.121534" lon="126.779669"><time>2026-06-28T05:16:52.000Z</time><ele>40</ele></trkpt><trkpt lat="35.121432" lon="126.779702"><time>2026-06-28T05:16:53.000Z</time><ele>39</ele></trkpt><trkpt lat="35.121328" lon="126.779731"><time>2026-06-28T05:16:54.000Z</time><ele>39</ele></trkpt><trkpt lat="35.121229" lon="126.779756"><time>2026-06-28T05:16:55.000Z</time><ele>39</ele></trkpt><trkpt lat="35.121127" lon="126.779781"><time>2026-06-28T05:16:56.000Z</time><ele>39</ele></trkpt><trkpt lat="35.121029" lon="126.779807"><time>2026-06-28T05:16:57.000Z</time><ele>39</ele></trkpt><trkpt lat="35.120934" lon="126.779832"><time>2026-06-28T05:16:58.000Z</time><ele>39</ele></trkpt><trkpt lat="35.120844" lon="126.779856"><time>2026-06-28T05:16:59.000Z</time><ele>39</ele></trkpt><trkpt lat="35.120758" lon="126.779879"><time>2026-06-28T05:17:00.000Z</time><ele>39</ele></trkpt><trkpt lat="35.120677" lon="126.779903"><time>2026-06-28T05:17:01.000Z</time><ele>38</ele></trkpt><trkpt lat="35.120598" lon="126.779928"><time>2026-06-28T05:17:02.000Z</time><ele>38</ele></trkpt><trkpt lat="35.12052" lon="126.779952"><time>2026-06-28T05:17:03.000Z</time><ele>38</ele></trkpt><trkpt lat="35.120448" lon="126.779973"><time>2026-06-28T05:17:04.000Z</time><ele>38</ele></trkpt><trkpt lat="35.120382" lon="126.779993"><time>2026-06-28T05:17:05.000Z</time><ele>38</ele></trkpt><trkpt lat="35.120324" lon="126.780011"><time>2026-06-28T05:17:06.000Z</time><ele>38</ele></trkpt><trkpt lat="35.120252" lon="126.780037"><time>2026-06-28T05:17:08.000Z</time><ele>37</ele></trkpt><trkpt lat="35.120207" lon="126.780052"><time>2026-06-28T05:17:11.000Z</time><ele>37</ele></trkpt><trkpt lat="35.120162" lon="126.780061"><time>2026-06-28T05:18:01.000Z</time><ele>37</ele></trkpt><trkpt lat="35.120085" lon="126.780076"><time>2026-06-28T05:18:03.000Z</time><ele>37</ele></trkpt><trkpt lat="35.120022" lon="126.780094"><time>2026-06-28T05:18:04.000Z</time><ele>36</ele></trkpt><trkpt lat="35.119948" lon="126.780116"><time>2026-06-28T05:18:05.000Z</time><ele>37</ele></trkpt><trkpt lat="35.119873" lon="126.780143"><time>2026-06-28T05:18:06.000Z</time><ele>37</ele></trkpt><trkpt lat="35.119792" lon="126.780167"><time>2026-06-28T05:18:07.000Z</time><ele>37</ele></trkpt><trkpt lat="35.119702" lon="126.780194"><time>2026-06-28T05:18:08.000Z</time><ele>37</ele></trkpt><trkpt lat="35.119613" lon="126.78022"><time>2026-06-28T05:18:09.000Z</time><ele>38</ele></trkpt><trkpt lat="35.119522" lon="126.780242"><time>2026-06-28T05:18:10.000Z</time><ele>37</ele></trkpt><trkpt lat="35.119431" lon="126.780264"><time>2026-06-28T05:18:11.000Z</time><ele>38</ele></trkpt><trkpt lat="35.119166" lon="126.780294"><time>2026-06-28T05:18:14.000Z</time><ele>38</ele></trkpt><trkpt lat="35.119088" lon="126.780288"><time>2026-06-28T05:18:15.000Z</time><ele>38</ele></trkpt><trkpt lat="35.119017" lon="126.780275"><time>2026-06-28T05:18:16.000Z</time><ele>39</ele></trkpt><trkpt lat="35.118954" lon="126.78026"><time>2026-06-28T05:18:17.000Z</time><ele>39</ele></trkpt><trkpt lat="35.118898" lon="126.780243"><time>2026-06-28T05:18:18.000Z</time><ele>39</ele></trkpt><trkpt lat="35.118843" lon="126.78023"><time>2026-06-28T05:18:19.000Z</time><ele>39</ele></trkpt><trkpt lat="35.118797" lon="126.780216"><time>2026-06-28T05:18:20.000Z</time><ele>38</ele></trkpt><trkpt lat="35.118725" lon="126.780217"><time>2026-06-28T05:18:22.000Z</time><ele>38</ele></trkpt><trkpt lat="35.118661" lon="126.780244"><time>2026-06-28T05:18:24.000Z</time><ele>38</ele></trkpt><trkpt lat="35.118615" lon="126.780248"><time>2026-06-28T05:18:26.000Z</time><ele>38</ele></trkpt><trkpt lat="35.118567" lon="126.780242"><time>2026-06-28T05:25:28.000Z</time><ele>41</ele></trkpt><trkpt lat="35.118519" lon="126.780277"><time>2026-06-28T05:25:33.000Z</time><ele>39</ele></trkpt><trkpt lat="35.118459" lon="126.780333"><time>2026-06-28T05:25:35.000Z</time><ele>38</ele></trkpt><trkpt lat="35.118387" lon="126.780399"><time>2026-06-28T05:25:37.000Z</time><ele>38</ele></trkpt><trkpt lat="35.11834" lon="126.780429"><time>2026-06-28T05:25:38.000Z</time><ele>38</ele></trkpt><trkpt lat="35.118292" lon="126.780456"><time>2026-06-28T05:25:39.000Z</time><ele>38</ele></trkpt><trkpt lat="35.11825" lon="126.780481"><time>2026-06-28T05:25:40.000Z</time><ele>38</ele></trkpt><trkpt lat="35.118163" lon="126.780525"><time>2026-06-28T05:25:42.000Z</time><ele>39</ele></trkpt><trkpt lat="35.117621" lon="126.780519"><time>2026-06-28T05:25:48.000Z</time><ele>40</ele></trkpt><trkpt lat="35.117506" lon="126.780509"><time>2026-06-28T05:25:49.000Z</time><ele>40</ele></trkpt><trkpt lat="35.117386" lon="126.780493"><time>2026-06-28T05:25:50.000Z</time><ele>41</ele></trkpt><trkpt lat="35.117261" lon="126.780478"><time>2026-06-28T05:25:51.000Z</time><ele>41</ele></trkpt><trkpt lat="35.117132" lon="126.780457"><time>2026-06-28T05:25:52.000Z</time><ele>41</ele></trkpt><trkpt lat="35.117003" lon="126.780435"><time>2026-06-28T05:25:53.000Z</time><ele>41</ele></trkpt><trkpt lat="35.116872" lon="126.780411"><time>2026-06-28T05:25:54.000Z</time><ele>41</ele></trkpt><trkpt lat="35.116734" lon="126.78039"><time>2026-06-28T05:25:55.000Z</time><ele>41</ele></trkpt><trkpt lat="35.116597" lon="126.780367"><time>2026-06-28T05:25:56.000Z</time><ele>41</ele></trkpt><trkpt lat="35.116457" lon="126.780337"><time>2026-06-28T05:25:57.000Z</time><ele>42</ele></trkpt><trkpt lat="35.116309" lon="126.78031"><time>2026-06-28T05:25:58.000Z</time><ele>42</ele></trkpt><trkpt lat="35.116162" lon="126.78028"><time>2026-06-28T05:25:59.000Z</time><ele>42</ele></trkpt><trkpt lat="35.116015" lon="126.780251"><time>2026-06-28T05:26:00.000Z</time><ele>43</ele></trkpt><trkpt lat="35.115854" lon="126.780228"><time>2026-06-28T05:26:01.000Z</time><ele>42</ele></trkpt><trkpt lat="35.115694" lon="126.780204"><time>2026-06-28T05:26:02.000Z</time><ele>42</ele></trkpt><trkpt lat="35.115529" lon="126.780179"><time>2026-06-28T05:26:03.000Z</time><ele>42</ele></trkpt><trkpt lat="35.115362" lon="126.780149"><time>2026-06-28T05:26:04.000Z</time><ele>42</ele></trkpt><trkpt lat="35.115194" lon="126.780117"><time>2026-06-28T05:26:05.000Z</time><ele>42</ele></trkpt><trkpt lat="35.115028" lon="126.780089"><time>2026-06-28T05:26:06.000Z</time><ele>42</ele></trkpt><trkpt lat="35.114857" lon="126.780054"><time>2026-06-28T05:26:07.000Z</time><ele>42</ele></trkpt><trkpt lat="35.114688" lon="126.780021"><time>2026-06-28T05:26:08.000Z</time><ele>41</ele></trkpt><trkpt lat="35.114516" lon="126.77999"><time>2026-06-28T05:26:09.000Z</time><ele>41</ele></trkpt><trkpt lat="35.11434" lon="126.77996"><time>2026-06-28T05:26:10.000Z</time><ele>41</ele></trkpt><trkpt lat="35.114164" lon="126.77993"><time>2026-06-28T05:26:11.000Z</time><ele>41</ele></trkpt><trkpt lat="35.113991" lon="126.779901"><time>2026-06-28T05:26:12.000Z</time><ele>41</ele></trkpt><trkpt lat="35.113816" lon="126.779867"><time>2026-06-28T05:26:13.000Z</time><ele>41</ele></trkpt><trkpt lat="35.11364" lon="126.779834"><time>2026-06-28T05:26:14.000Z</time><ele>41</ele></trkpt><trkpt lat="35.113461" lon="126.779799"><time>2026-06-28T05:26:15.000Z</time><ele>41</ele></trkpt><trkpt lat="35.113279" lon="126.779767"><time>2026-06-28T05:26:16.000Z</time><ele>41</ele></trkpt><trkpt lat="35.113094" lon="126.779735"><time>2026-06-28T05:26:17.000Z</time><ele>41</ele></trkpt><trkpt lat="35.112909" lon="126.7797"><time>2026-06-28T05:26:18.000Z</time><ele>41</ele></trkpt><trkpt lat="35.112722" lon="126.779672"><time>2026-06-28T05:26:19.000Z</time><ele>41</ele></trkpt><trkpt lat="35.112534" lon="126.779641"><time>2026-06-28T05:26:20.000Z</time><ele>41</ele></trkpt><trkpt lat="35.112348" lon="126.779608"><time>2026-06-28T05:26:21.000Z</time><ele>41</ele></trkpt><trkpt lat="35.112161" lon="126.779577"><time>2026-06-28T05:26:22.000Z</time><ele>41</ele></trkpt><trkpt lat="35.11197" lon="126.77955"><time>2026-06-28T05:26:23.000Z</time><ele>41</ele></trkpt><trkpt lat="35.111779" lon="126.779522"><time>2026-06-28T05:26:24.000Z</time><ele>41</ele></trkpt><trkpt lat="35.111587" lon="126.779493"><time>2026-06-28T05:26:25.000Z</time><ele>41</ele></trkpt><trkpt lat="35.111392" lon="126.779463"><time>2026-06-28T05:26:26.000Z</time><ele>41</ele></trkpt><trkpt lat="35.1112" lon="126.779433"><time>2026-06-28T05:26:27.000Z</time><ele>41</ele></trkpt><trkpt lat="35.111007" lon="126.779398"><time>2026-06-28T05:26:28.000Z</time><ele>42</ele></trkpt><trkpt lat="35.110816" lon="126.779364"><time>2026-06-28T05:26:29.000Z</time><ele>42</ele></trkpt><trkpt lat="35.110631" lon="126.779333"><time>2026-06-28T05:26:30.000Z</time><ele>42</ele></trkpt><trkpt lat="35.110447" lon="126.779303"><time>2026-06-28T05:26:31.000Z</time><ele>42</ele></trkpt><trkpt lat="35.110269" lon="126.779274"><time>2026-06-28T05:26:32.000Z</time><ele>42</ele></trkpt><trkpt lat="35.110091" lon="126.779246"><time>2026-06-28T05:26:33.000Z</time><ele>42</ele></trkpt><trkpt lat="35.109914" lon="126.779217"><time>2026-06-28T05:26:34.000Z</time><ele>41</ele></trkpt><trkpt lat="35.109737" lon="126.77919"><time>2026-06-28T05:26:35.000Z</time><ele>42</ele></trkpt><trkpt lat="35.109562" lon="126.779161"><time>2026-06-28T05:26:36.000Z</time><ele>41</ele></trkpt><trkpt lat="35.109385" lon="126.779133"><time>2026-06-28T05:26:37.000Z</time><ele>42</ele></trkpt><trkpt lat="35.108706" lon="126.779021"><time>2026-06-28T05:26:41.000Z</time><ele>43</ele></trkpt><trkpt lat="35.108559" lon="126.778993"><time>2026-06-28T05:26:42.000Z</time><ele>42</ele></trkpt><trkpt lat="35.108423" lon="126.778965"><time>2026-06-28T05:26:43.000Z</time><ele>42</ele></trkpt><trkpt lat="35.108299" lon="126.778942"><time>2026-06-28T05:26:44.000Z</time><ele>42</ele></trkpt><trkpt lat="35.108183" lon="126.778923"><time>2026-06-28T05:26:45.000Z</time><ele>42</ele></trkpt><trkpt lat="35.108079" lon="126.778906"><time>2026-06-28T05:26:46.000Z</time><ele>42</ele></trkpt><trkpt lat="35.10799" lon="126.778894"><time>2026-06-28T05:26:47.000Z</time><ele>41</ele></trkpt><trkpt lat="35.107902" lon="126.778881"><time>2026-06-28T05:26:48.000Z</time><ele>42</ele></trkpt><trkpt lat="35.107839" lon="126.778871"><time>2026-06-28T05:26:49.000Z</time><ele>42</ele></trkpt><trkpt lat="35.107793" lon="126.778857"><time>2026-06-28T05:26:50.000Z</time><ele>42</ele></trkpt><trkpt lat="35.107728" lon="126.77883"><time>2026-06-28T05:26:52.000Z</time><ele>42</ele></trkpt><trkpt lat="35.107683" lon="126.778817"><time>2026-06-28T05:26:55.000Z</time><ele>42</ele></trkpt><trkpt lat="35.107597" lon="126.77881"><time>2026-06-28T05:27:38.000Z</time><ele>41</ele></trkpt><trkpt lat="35.107537" lon="126.778802"><time>2026-06-28T05:27:39.000Z</time><ele>41</ele></trkpt><trkpt lat="35.107455" lon="126.778796"><time>2026-06-28T05:27:40.000Z</time><ele>41</ele></trkpt><trkpt lat="35.107364" lon="126.778783"><time>2026-06-28T05:27:41.000Z</time><ele>41</ele></trkpt><trkpt lat="35.107265" lon="126.778771"><time>2026-06-28T05:27:42.000Z</time><ele>40</ele></trkpt><trkpt lat="35.10716" lon="126.778761"><time>2026-06-28T05:27:43.000Z</time><ele>40</ele></trkpt><trkpt lat="35.107042" lon="126.778752"><time>2026-06-28T05:27:44.000Z</time><ele>40</ele></trkpt><trkpt lat="35.106916" lon="126.778743"><time>2026-06-28T05:27:45.000Z</time><ele>40</ele></trkpt><trkpt lat="35.106786" lon="126.778734"><time>2026-06-28T05:27:46.000Z</time><ele>40</ele></trkpt><trkpt lat="35.106649" lon="126.778716"><time>2026-06-28T05:27:47.000Z</time><ele>40</ele></trkpt><trkpt lat="35.106505" lon="126.778699"><time>2026-06-28T05:27:48.000Z</time><ele>41</ele></trkpt><trkpt lat="35.106356" lon="126.778678"><time>2026-06-28T05:27:49.000Z</time><ele>40</ele></trkpt><trkpt lat="35.106206" lon="126.778658"><time>2026-06-28T05:27:50.000Z</time><ele>41</ele></trkpt><trkpt lat="35.106046" lon="126.778633"><time>2026-06-28T05:27:51.000Z</time><ele>41</ele></trkpt><trkpt lat="35.10588" lon="126.778606"><time>2026-06-28T05:27:52.000Z</time><ele>41</ele></trkpt><trkpt lat="35.105705" lon="126.778575"><time>2026-06-28T05:27:53.000Z</time><ele>41</ele></trkpt><trkpt lat="35.105527" lon="126.778544"><time>2026-06-28T05:27:54.000Z</time><ele>41</ele></trkpt><trkpt lat="35.105343" lon="126.77851"><time>2026-06-28T05:27:55.000Z</time><ele>41</ele></trkpt><trkpt lat="35.105164" lon="126.778472"><time>2026-06-28T05:27:56.000Z</time><ele>41</ele></trkpt><trkpt lat="35.104976" lon="126.778432"><time>2026-06-28T05:27:57.000Z</time><ele>41</ele></trkpt><trkpt lat="35.104781" lon="126.778389"><time>2026-06-28T05:27:58.000Z</time><ele>42</ele></trkpt><trkpt lat="35.104581" lon="126.778344"><time>2026-06-28T05:27:59.000Z</time><ele>42</ele></trkpt><trkpt lat="35.104378" lon="126.778302"><time>2026-06-28T05:28:00.000Z</time><ele>42</ele></trkpt><trkpt lat="35.104172" lon="126.778264"><time>2026-06-28T05:28:01.000Z</time><ele>42</ele></trkpt><trkpt lat="35.103961" lon="126.778229"><time>2026-06-28T05:28:02.000Z</time><ele>42</ele></trkpt><trkpt lat="35.103748" lon="126.77819"><time>2026-06-28T05:28:03.000Z</time><ele>42</ele></trkpt><trkpt lat="35.103533" lon="126.778154"><time>2026-06-28T05:28:04.000Z</time><ele>42</ele></trkpt><trkpt lat="35.103317" lon="126.77812"><time>2026-06-28T05:28:05.000Z</time><ele>42</ele></trkpt><trkpt lat="35.103096" lon="126.778085"><time>2026-06-28T05:28:06.000Z</time><ele>42</ele></trkpt><trkpt lat="35.102874" lon="126.778048"><time>2026-06-28T05:28:07.000Z</time><ele>42</ele></trkpt><trkpt lat="35.102648" lon="126.77801"><time>2026-06-28T05:28:08.000Z</time><ele>42</ele></trkpt><trkpt lat="35.102419" lon="126.777969"><time>2026-06-28T05:28:09.000Z</time><ele>42</ele></trkpt><trkpt lat="35.102191" lon="126.77792"><time>2026-06-28T05:28:10.000Z</time><ele>42</ele></trkpt><trkpt lat="35.10196" lon="126.777872"><time>2026-06-28T05:28:11.000Z</time><ele>42</ele></trkpt><trkpt lat="35.101727" lon="126.777818"><time>2026-06-28T05:28:12.000Z</time><ele>42</ele></trkpt><trkpt lat="35.101497" lon="126.777753"><time>2026-06-28T05:28:13.000Z</time><ele>42</ele></trkpt><trkpt lat="35.101272" lon="126.77767"><time>2026-06-28T05:28:14.000Z</time><ele>41</ele></trkpt><trkpt lat="35.10105" lon="126.777569"><time>2026-06-28T05:28:15.000Z</time><ele>41</ele></trkpt><trkpt lat="35.100833" lon="126.777455"><time>2026-06-28T05:28:16.000Z</time><ele>42</ele></trkpt><trkpt lat="35.100621" lon="126.777331"><time>2026-06-28T05:28:17.000Z</time><ele>42</ele></trkpt><trkpt lat="35.10042" lon="126.777191"><time>2026-06-28T05:28:18.000Z</time><ele>42</ele></trkpt><trkpt lat="35.100227" lon="126.777036"><time>2026-06-28T05:28:19.000Z</time><ele>42</ele></trkpt><trkpt lat="35.100042" lon="126.776873"><time>2026-06-28T05:28:20.000Z</time><ele>43</ele></trkpt><trkpt lat="35.099863" lon="126.776702"><time>2026-06-28T05:28:21.000Z</time><ele>43</ele></trkpt><trkpt lat="35.099689" lon="126.776533"><time>2026-06-28T05:28:22.000Z</time><ele>43</ele></trkpt><trkpt lat="35.099515" lon="126.776357"><time>2026-06-28T05:28:23.000Z</time><ele>43</ele></trkpt><trkpt lat="35.099343" lon="126.776183"><time>2026-06-28T05:28:24.000Z</time><ele>43</ele></trkpt><trkpt lat="35.099171" lon="126.77601"><time>2026-06-28T05:28:25.000Z</time><ele>43</ele></trkpt><trkpt lat="35.098997" lon="126.775835"><time>2026-06-28T05:28:26.000Z</time><ele>43</ele></trkpt><trkpt lat="35.098823" lon="126.775663"><time>2026-06-28T05:28:27.000Z</time><ele>43</ele></trkpt><trkpt lat="35.098648" lon="126.775488"><time>2026-06-28T05:28:28.000Z</time><ele>43</ele></trkpt><trkpt lat="35.098474" lon="126.775314"><time>2026-06-28T05:28:29.000Z</time><ele>42</ele></trkpt><trkpt lat="35.098296" lon="126.775137"><time>2026-06-28T05:28:30.000Z</time><ele>42</ele></trkpt><trkpt lat="35.098119" lon="126.774959"><time>2026-06-28T05:28:31.000Z</time><ele>42</ele></trkpt><trkpt lat="35.097941" lon="126.774784"><time>2026-06-28T05:28:32.000Z</time><ele>42</ele></trkpt><trkpt lat="35.09776" lon="126.774607"><time>2026-06-28T05:28:33.000Z</time><ele>43</ele></trkpt><trkpt lat="35.097573" lon="126.774426"><time>2026-06-28T05:28:34.000Z</time><ele>44</ele></trkpt><trkpt lat="35.097393" lon="126.774247"><time>2026-06-28T05:28:35.000Z</time><ele>45</ele></trkpt><trkpt lat="35.097212" lon="126.774068"><time>2026-06-28T05:28:36.000Z</time><ele>45</ele></trkpt><trkpt lat="35.097035" lon="126.773895"><time>2026-06-28T05:28:37.000Z</time><ele>45</ele></trkpt><trkpt lat="35.096853" lon="126.773735"><time>2026-06-28T05:28:38.000Z</time><ele>46</ele></trkpt><trkpt lat="35.096667" lon="126.773585"><time>2026-06-28T05:28:39.000Z</time><ele>47</ele></trkpt><trkpt lat="35.096476" lon="126.773458"><time>2026-06-28T05:28:40.000Z</time><ele>48</ele></trkpt><trkpt lat="35.09628" lon="126.77334"><time>2026-06-28T05:28:41.000Z</time><ele>49</ele></trkpt><trkpt lat="35.096078" lon="126.773243"><time>2026-06-28T05:28:42.000Z</time><ele>49</ele></trkpt><trkpt lat="35.095875" lon="126.773159"><time>2026-06-28T05:28:43.000Z</time><ele>50</ele></trkpt><trkpt lat="35.095667" lon="126.773088"><time>2026-06-28T05:28:44.000Z</time><ele>51</ele></trkpt><trkpt lat="35.095456" lon="126.773025"><time>2026-06-28T05:28:45.000Z</time><ele>51</ele></trkpt><trkpt lat="35.095248" lon="126.772974"><time>2026-06-28T05:28:46.000Z</time><ele>52</ele></trkpt><trkpt lat="35.095037" lon="126.772932"><time>2026-06-28T05:28:47.000Z</time><ele>52</ele></trkpt><trkpt lat="35.094823" lon="126.772903"><time>2026-06-28T05:28:48.000Z</time><ele>52</ele></trkpt><trkpt lat="35.094605" lon="126.772879"><time>2026-06-28T05:28:49.000Z</time><ele>52</ele></trkpt><trkpt lat="35.094384" lon="126.772863"><time>2026-06-28T05:28:50.000Z</time><ele>53</ele></trkpt><trkpt lat="35.094162" lon="126.772849"><time>2026-06-28T05:28:51.000Z</time><ele>53</ele></trkpt><trkpt lat="35.09394" lon="126.772835"><time>2026-06-28T05:28:52.000Z</time><ele>53</ele></trkpt><trkpt lat="35.09373" lon="126.772821"><time>2026-06-28T05:28:53.000Z</time><ele>53</ele></trkpt><trkpt lat="35.093531" lon="126.772805"><time>2026-06-28T05:28:54.000Z</time><ele>54</ele></trkpt><trkpt lat="35.093342" lon="126.772788"><time>2026-06-28T05:28:55.000Z</time><ele>55</ele></trkpt><trkpt lat="35.093165" lon="126.772768"><time>2026-06-28T05:28:56.000Z</time><ele>55</ele></trkpt><trkpt lat="35.092996" lon="126.77275"><time>2026-06-28T05:28:57.000Z</time><ele>56</ele></trkpt><trkpt lat="35.092838" lon="126.772733"><time>2026-06-28T05:28:58.000Z</time><ele>57</ele></trkpt><trkpt lat="35.092692" lon="126.772721"><time>2026-06-28T05:28:59.000Z</time><ele>58</ele></trkpt><trkpt lat="35.092558" lon="126.772713"><time>2026-06-28T05:29:00.000Z</time><ele>58</ele></trkpt><trkpt lat="35.092441" lon="126.772703"><time>2026-06-28T05:29:01.000Z</time><ele>58</ele></trkpt><trkpt lat="35.092337" lon="126.772698"><time>2026-06-28T05:29:02.000Z</time><ele>59</ele></trkpt><trkpt lat="35.092242" lon="126.772696"><time>2026-06-28T05:29:03.000Z</time><ele>59</ele></trkpt><trkpt lat="35.092167" lon="126.772692"><time>2026-06-28T05:29:04.000Z</time><ele>59</ele></trkpt><trkpt lat="35.092109" lon="126.772689"><time>2026-06-28T05:29:05.000Z</time><ele>59</ele></trkpt><trkpt lat="35.092034" lon="126.772686"><time>2026-06-28T05:29:07.000Z</time><ele>60</ele></trkpt><trkpt lat="35.091977" lon="126.772679"><time>2026-06-28T05:29:55.000Z</time><ele>60</ele></trkpt><trkpt lat="35.091919" lon="126.772678"><time>2026-06-28T05:29:56.000Z</time><ele>59</ele></trkpt><trkpt lat="35.091854" lon="126.772672"><time>2026-06-28T05:29:57.000Z</time><ele>59</ele></trkpt><trkpt lat="35.09178" lon="126.772672"><time>2026-06-28T05:29:58.000Z</time><ele>59</ele></trkpt><trkpt lat="35.091698" lon="126.77267"><time>2026-06-28T05:29:59.000Z</time><ele>59</ele></trkpt><trkpt lat="35.091606" lon="126.772667"><time>2026-06-28T05:30:00.000Z</time><ele>59</ele></trkpt><trkpt lat="35.091504" lon="126.772663"><time>2026-06-28T05:30:01.000Z</time><ele>59</ele></trkpt><trkpt lat="35.091392" lon="126.772663"><time>2026-06-28T05:30:02.000Z</time><ele>59</ele></trkpt><trkpt lat="35.091275" lon="126.772661"><time>2026-06-28T05:30:03.000Z</time><ele>59</ele></trkpt><trkpt lat="35.091148" lon="126.772653"><time>2026-06-28T05:30:04.000Z</time><ele>59</ele></trkpt><trkpt lat="35.091014" lon="126.772645"><time>2026-06-28T05:30:05.000Z</time><ele>59</ele></trkpt><trkpt lat="35.090871" lon="126.77264"><time>2026-06-28T05:30:06.000Z</time><ele>59</ele></trkpt><trkpt lat="35.090718" lon="126.77264"><time>2026-06-28T05:30:07.000Z</time><ele>59</ele></trkpt><trkpt lat="35.090561" lon="126.772643"><time>2026-06-28T05:30:08.000Z</time><ele>58</ele></trkpt><trkpt lat="35.090398" lon="126.772646"><time>2026-06-28T05:30:09.000Z</time><ele>58</ele></trkpt><trkpt lat="35.09023" lon="126.772652"><time>2026-06-28T05:30:10.000Z</time><ele>58</ele></trkpt><trkpt lat="35.090061" lon="126.772651"><time>2026-06-28T05:30:11.000Z</time><ele>57</ele></trkpt><trkpt lat="35.089885" lon="126.77265"><time>2026-06-28T05:30:12.000Z</time><ele>57</ele></trkpt><trkpt lat="35.089704" lon="126.772651"><time>2026-06-28T05:30:13.000Z</time><ele>56</ele></trkpt><trkpt lat="35.089517" lon="126.772653"><time>2026-06-28T05:30:14.000Z</time><ele>56</ele></trkpt><trkpt lat="35.08933" lon="126.77265"><time>2026-06-28T05:30:15.000Z</time><ele>55</ele></trkpt><trkpt lat="35.089141" lon="126.772649"><time>2026-06-28T05:30:16.000Z</time><ele>55</ele></trkpt><trkpt lat="35.088949" lon="126.772644"><time>2026-06-28T05:30:17.000Z</time><ele>54</ele></trkpt><trkpt lat="35.088752" lon="126.772643"><time>2026-06-28T05:30:18.000Z</time><ele>54</ele></trkpt><trkpt lat="35.088554" lon="126.772643"><time>2026-06-28T05:30:19.000Z</time><ele>53</ele></trkpt><trkpt lat="35.088354" lon="126.772638"><time>2026-06-28T05:30:20.000Z</time><ele>53</ele></trkpt><trkpt lat="35.088153" lon="126.772626"><time>2026-06-28T05:30:21.000Z</time><ele>52</ele></trkpt><trkpt lat="35.087951" lon="126.772609"><time>2026-06-28T05:30:22.000Z</time><ele>51</ele></trkpt><trkpt lat="35.087749" lon="126.772587"><time>2026-06-28T05:30:23.000Z</time><ele>50</ele></trkpt><trkpt lat="35.087549" lon="126.77255"><time>2026-06-28T05:30:24.000Z</time><ele>49</ele></trkpt><trkpt lat="35.087344" lon="126.772497"><time>2026-06-28T05:30:25.000Z</time><ele>49</ele></trkpt><trkpt lat="35.087141" lon="126.772431"><time>2026-06-28T05:30:26.000Z</time><ele>48</ele></trkpt><trkpt lat="35.086938" lon="126.772354"><time>2026-06-28T05:30:27.000Z</time><ele>48</ele></trkpt><trkpt lat="35.086735" lon="126.772261"><time>2026-06-28T05:30:28.000Z</time><ele>47</ele></trkpt><trkpt lat="35.086542" lon="126.772157"><time>2026-06-28T05:30:29.000Z</time><ele>47</ele></trkpt><trkpt lat="35.086351" lon="126.772046"><time>2026-06-28T05:30:30.000Z</time><ele>47</ele></trkpt><trkpt lat="35.086166" lon="126.771925"><time>2026-06-28T05:30:31.000Z</time><ele>48</ele></trkpt><trkpt lat="35.085989" lon="126.771797"><time>2026-06-28T05:30:32.000Z</time><ele>48</ele></trkpt><trkpt lat="35.085815" lon="126.771662"><time>2026-06-28T05:30:33.000Z</time><ele>48</ele></trkpt><trkpt lat="35.085646" lon="126.771519"><time>2026-06-28T05:30:34.000Z</time><ele>48</ele></trkpt><trkpt lat="35.085479" lon="126.771374"><time>2026-06-28T05:30:35.000Z</time><ele>49</ele></trkpt><trkpt lat="35.085316" lon="126.771229"><time>2026-06-28T05:30:36.000Z</time><ele>49</ele></trkpt><trkpt lat="35.085149" lon="126.771083"><time>2026-06-28T05:30:37.000Z</time><ele>50</ele></trkpt><trkpt lat="35.084983" lon="126.770937"><time>2026-06-28T05:30:38.000Z</time><ele>50</ele></trkpt><trkpt lat="35.084816" lon="126.770788"><time>2026-06-28T05:30:39.000Z</time><ele>50</ele></trkpt><trkpt lat="35.084648" lon="126.770643"><time>2026-06-28T05:30:40.000Z</time><ele>51</ele></trkpt><trkpt lat="35.084481" lon="126.770497"><time>2026-06-28T05:30:41.000Z</time><ele>51</ele></trkpt><trkpt lat="35.084314" lon="126.770353"><time>2026-06-28T05:30:42.000Z</time><ele>51</ele></trkpt><trkpt lat="35.084147" lon="126.770214"><time>2026-06-28T05:30:43.000Z</time><ele>51</ele></trkpt><trkpt lat="35.083978" lon="126.770074"><time>2026-06-28T05:30:44.000Z</time><ele>52</ele></trkpt><trkpt lat="35.083808" lon="126.769928"><time>2026-06-28T05:30:45.000Z</time><ele>52</ele></trkpt><trkpt lat="35.083643" lon="126.769777"><time>2026-06-28T05:30:46.000Z</time><ele>53</ele></trkpt><trkpt lat="35.083479" lon="126.769624"><time>2026-06-28T05:30:47.000Z</time><ele>54</ele></trkpt><trkpt lat="35.083315" lon="126.769473"><time>2026-06-28T05:30:48.000Z</time><ele>55</ele></trkpt><trkpt lat="35.08315" lon="126.769326"><time>2026-06-28T05:30:49.000Z</time><ele>55</ele></trkpt><trkpt lat="35.082985" lon="126.769181"><time>2026-06-28T05:30:50.000Z</time><ele>55</ele></trkpt><trkpt lat="35.082818" lon="126.769034"><time>2026-06-28T05:30:51.000Z</time><ele>56</ele></trkpt><trkpt lat="35.082655" lon="126.768889"><time>2026-06-28T05:30:52.000Z</time><ele>57</ele></trkpt><trkpt lat="35.082492" lon="126.768739"><time>2026-06-28T05:30:53.000Z</time><ele>57</ele></trkpt><trkpt lat="35.082337" lon="126.76858"><time>2026-06-28T05:30:54.000Z</time><ele>58</ele></trkpt><trkpt lat="35.082187" lon="126.768415"><time>2026-06-28T05:30:55.000Z</time><ele>58</ele></trkpt><trkpt lat="35.082038" lon="126.768243"><time>2026-06-28T05:30:56.000Z</time><ele>58</ele></trkpt><trkpt lat="35.081901" lon="126.768061"><time>2026-06-28T05:30:57.000Z</time><ele>58</ele></trkpt><trkpt lat="35.081775" lon="126.767869"><time>2026-06-28T05:30:58.000Z</time><ele>59</ele></trkpt><trkpt lat="35.081654" lon="126.767672"><time>2026-06-28T05:30:59.000Z</time><ele>59</ele></trkpt><trkpt lat="35.081541" lon="126.767472"><time>2026-06-28T05:31:00.000Z</time><ele>60</ele></trkpt><trkpt lat="35.081434" lon="126.767272"><time>2026-06-28T05:31:01.000Z</time><ele>60</ele></trkpt><trkpt lat="35.081328" lon="126.767069"><time>2026-06-28T05:31:02.000Z</time><ele>60</ele></trkpt><trkpt lat="35.081219" lon="126.766873"><time>2026-06-28T05:31:03.000Z</time><ele>61</ele></trkpt><trkpt lat="35.08111" lon="126.76668"><time>2026-06-28T05:31:04.000Z</time><ele>61</ele></trkpt><trkpt lat="35.080993" lon="126.766487"><time>2026-06-28T05:31:05.000Z</time><ele>60</ele></trkpt><trkpt lat="35.080869" lon="126.766305"><time>2026-06-28T05:31:06.000Z</time><ele>60</ele></trkpt><trkpt lat="35.080734" lon="126.766123"><time>2026-06-28T05:31:07.000Z</time><ele>60</ele></trkpt><trkpt lat="35.080593" lon="126.765948"><time>2026-06-28T05:31:08.000Z</time><ele>59</ele></trkpt><trkpt lat="35.080438" lon="126.765785"><time>2026-06-28T05:31:09.000Z</time><ele>59</ele></trkpt><trkpt lat="35.080276" lon="126.765633"><time>2026-06-28T05:31:10.000Z</time><ele>59</ele></trkpt><trkpt lat="35.080104" lon="126.765498"><time>2026-06-28T05:31:11.000Z</time><ele>59</ele></trkpt><trkpt lat="35.079924" lon="126.765377"><time>2026-06-28T05:31:12.000Z</time><ele>58</ele></trkpt><trkpt lat="35.079739" lon="126.765272"><time>2026-06-28T05:31:13.000Z</time><ele>58</ele></trkpt><trkpt lat="35.07955" lon="126.765173"><time>2026-06-28T05:31:14.000Z</time><ele>57</ele></trkpt><trkpt lat="35.079364" lon="126.76507"><time>2026-06-28T05:31:15.000Z</time><ele>57</ele></trkpt><trkpt lat="35.079189" lon="126.76496"><time>2026-06-28T05:31:16.000Z</time><ele>56</ele></trkpt><trkpt lat="35.079018" lon="126.764841"><time>2026-06-28T05:31:17.000Z</time><ele>55</ele></trkpt><trkpt lat="35.07885" lon="126.764718"><time>2026-06-28T05:31:18.000Z</time><ele>55</ele></trkpt><trkpt lat="35.078692" lon="126.764591"><time>2026-06-28T05:31:19.000Z</time><ele>55</ele></trkpt><trkpt lat="35.078539" lon="126.764455"><time>2026-06-28T05:31:20.000Z</time><ele>55</ele></trkpt><trkpt lat="35.078396" lon="126.76431"><time>2026-06-28T05:31:21.000Z</time><ele>55</ele></trkpt><trkpt lat="35.078261" lon="126.764157"><time>2026-06-28T05:31:22.000Z</time><ele>56</ele></trkpt><trkpt lat="35.078133" lon="126.764002"><time>2026-06-28T05:31:23.000Z</time><ele>56</ele></trkpt><trkpt lat="35.078008" lon="126.763846"><time>2026-06-28T05:31:24.000Z</time><ele>56</ele></trkpt><trkpt lat="35.077895" lon="126.763686"><time>2026-06-28T05:31:25.000Z</time><ele>57</ele></trkpt><trkpt lat="35.07779" lon="126.763527"><time>2026-06-28T05:31:26.000Z</time><ele>57</ele></trkpt><trkpt lat="35.077688" lon="126.763362"><time>2026-06-28T05:31:27.000Z</time><ele>57</ele></trkpt><trkpt lat="35.07759" lon="126.763196"><time>2026-06-28T05:31:28.000Z</time><ele>57</ele></trkpt><trkpt lat="35.077489" lon="126.76304"><time>2026-06-28T05:31:29.000Z</time><ele>57</ele></trkpt><trkpt lat="35.077378" lon="126.762891"><time>2026-06-28T05:31:30.000Z</time><ele>57</ele></trkpt><trkpt lat="35.077266" lon="126.762746"><time>2026-06-28T05:31:31.000Z</time><ele>57</ele></trkpt><trkpt lat="35.077153" lon="126.762604"><time>2026-06-28T05:31:32.000Z</time><ele>57</ele></trkpt><trkpt lat="35.077034" lon="126.762466"><time>2026-06-28T05:31:33.000Z</time><ele>57</ele></trkpt><trkpt lat="35.076913" lon="126.762335"><time>2026-06-28T05:31:34.000Z</time><ele>57</ele></trkpt><trkpt lat="35.07679" lon="126.7622"><time>2026-06-28T05:31:35.000Z</time><ele>58</ele></trkpt><trkpt lat="35.076668" lon="126.762066"><time>2026-06-28T05:31:36.000Z</time><ele>58</ele></trkpt><trkpt lat="35.076547" lon="126.761931"><time>2026-06-28T05:31:37.000Z</time><ele>58</ele></trkpt><trkpt lat="35.076425" lon="126.761797"><time>2026-06-28T05:31:38.000Z</time><ele>58</ele></trkpt><trkpt lat="35.076306" lon="126.761662"><time>2026-06-28T05:31:39.000Z</time><ele>58</ele></trkpt><trkpt lat="35.076189" lon="126.761529"><time>2026-06-28T05:31:40.000Z</time><ele>58</ele></trkpt><trkpt lat="35.076071" lon="126.761397"><time>2026-06-28T05:31:41.000Z</time><ele>58</ele></trkpt><trkpt lat="35.075955" lon="126.761265"><time>2026-06-28T05:31:42.000Z</time><ele>58</ele></trkpt><trkpt lat="35.07584" lon="126.761134"><time>2026-06-28T05:31:43.000Z</time><ele>58</ele></trkpt><trkpt lat="35.07572" lon="126.761008"><time>2026-06-28T05:31:44.000Z</time><ele>58</ele></trkpt><trkpt lat="35.0756" lon="126.760881"><time>2026-06-28T05:31:45.000Z</time><ele>58</ele></trkpt><trkpt lat="35.075481" lon="126.760748"><time>2026-06-28T05:31:46.000Z</time><ele>58</ele></trkpt><trkpt lat="35.075365" lon="126.760612"><time>2026-06-28T05:31:47.000Z</time><ele>57</ele></trkpt><trkpt lat="35.075245" lon="126.760473"><time>2026-06-28T05:31:48.000Z</time><ele>57</ele></trkpt><trkpt lat="35.075123" lon="126.760335"><time>2026-06-28T05:31:49.000Z</time><ele>57</ele></trkpt><trkpt lat="35.075001" lon="126.760194"><time>2026-06-28T05:31:50.000Z</time><ele>56</ele></trkpt><trkpt lat="35.074873" lon="126.760053"><time>2026-06-28T05:31:51.000Z</time><ele>56</ele></trkpt><trkpt lat="35.074745" lon="126.759908"><time>2026-06-28T05:31:52.000Z</time><ele>55</ele></trkpt><trkpt lat="35.074617" lon="126.759761"><time>2026-06-28T05:31:53.000Z</time><ele>55</ele></trkpt><trkpt lat="35.07449" lon="126.759611"><time>2026-06-28T05:31:54.000Z</time><ele>54</ele></trkpt><trkpt lat="35.07436" lon="126.759458"><time>2026-06-28T05:31:55.000Z</time><ele>54</ele></trkpt><trkpt lat="35.074228" lon="126.759305"><time>2026-06-28T05:31:56.000Z</time><ele>54</ele></trkpt><trkpt lat="35.074097" lon="126.75915"><time>2026-06-28T05:31:57.000Z</time><ele>54</ele></trkpt><trkpt lat="35.073966" lon="126.758994"><time>2026-06-28T05:31:58.000Z</time><ele>53</ele></trkpt><trkpt lat="35.073837" lon="126.758837"><time>2026-06-28T05:31:59.000Z</time><ele>53</ele></trkpt><trkpt lat="35.07371" lon="126.75868"><time>2026-06-28T05:32:00.000Z</time><ele>53</ele></trkpt><trkpt lat="35.073586" lon="126.758521"><time>2026-06-28T05:32:01.000Z</time><ele>53</ele></trkpt><trkpt lat="35.073472" lon="126.758349"><time>2026-06-28T05:32:02.000Z</time><ele>53</ele></trkpt><trkpt lat="35.07337" lon="126.758167"><time>2026-06-28T05:32:03.000Z</time><ele>53</ele></trkpt><trkpt lat="35.07327" lon="126.757983"><time>2026-06-28T05:32:04.000Z</time><ele>52</ele></trkpt><trkpt lat="35.073173" lon="126.757802"><time>2026-06-28T05:32:05.000Z</time><ele>52</ele></trkpt><trkpt lat="35.07307" lon="126.757621"><time>2026-06-28T05:32:06.000Z</time><ele>52</ele></trkpt><trkpt lat="35.072967" lon="126.757441"><time>2026-06-28T05:32:07.000Z</time><ele>52</ele></trkpt><trkpt lat="35.072864" lon="126.757261"><time>2026-06-28T05:32:08.000Z</time><ele>51</ele></trkpt><trkpt lat="35.072759" lon="126.757086"><time>2026-06-28T05:32:09.000Z</time><ele>51</ele></trkpt><trkpt lat="35.072648" lon="126.756915"><time>2026-06-28T05:32:10.000Z</time><ele>50</ele></trkpt><trkpt lat="35.07253" lon="126.756749"><time>2026-06-28T05:32:11.000Z</time><ele>50</ele></trkpt><trkpt lat="35.072407" lon="126.756588"><time>2026-06-28T05:32:12.000Z</time><ele>50</ele></trkpt><trkpt lat="35.072276" lon="126.756434"><time>2026-06-28T05:32:13.000Z</time><ele>50</ele></trkpt><trkpt lat="35.07214" lon="126.756285"><time>2026-06-28T05:32:14.000Z</time><ele>50</ele></trkpt><trkpt lat="35.071996" lon="126.756143"><time>2026-06-28T05:32:15.000Z</time><ele>50</ele></trkpt><trkpt lat="35.071846" lon="126.755999"><time>2026-06-28T05:32:16.000Z</time><ele>50</ele></trkpt><trkpt lat="35.071695" lon="126.755855"><time>2026-06-28T05:32:17.000Z</time><ele>49</ele></trkpt><trkpt lat="35.07154" lon="126.755713"><time>2026-06-28T05:32:18.000Z</time><ele>49</ele></trkpt><trkpt lat="35.071385" lon="126.755564"><time>2026-06-28T05:32:19.000Z</time><ele>49</ele></trkpt><trkpt lat="35.071231" lon="126.755412"><time>2026-06-28T05:32:20.000Z</time><ele>48</ele></trkpt><trkpt lat="35.071072" lon="126.755257"><time>2026-06-28T05:32:21.000Z</time><ele>48</ele></trkpt><trkpt lat="35.070911" lon="126.755102"><time>2026-06-28T05:32:22.000Z</time><ele>47</ele></trkpt><trkpt lat="35.070746" lon="126.754945"><time>2026-06-28T05:32:23.000Z</time><ele>47</ele></trkpt><trkpt lat="35.070579" lon="126.754789"><time>2026-06-28T05:32:24.000Z</time><ele>47</ele></trkpt><trkpt lat="35.070412" lon="126.754626"><time>2026-06-28T05:32:25.000Z</time><ele>47</ele></trkpt><trkpt lat="35.070244" lon="126.754462"><time>2026-06-28T05:32:26.000Z</time><ele>47</ele></trkpt><trkpt lat="35.070076" lon="126.754295"><time>2026-06-28T05:32:27.000Z</time><ele>47</ele></trkpt><trkpt lat="35.069905" lon="126.754131"><time>2026-06-28T05:32:28.000Z</time><ele>47</ele></trkpt><trkpt lat="35.069732" lon="126.753967"><time>2026-06-28T05:32:29.000Z</time><ele>47</ele></trkpt><trkpt lat="35.069558" lon="126.753798"><time>2026-06-28T05:32:30.000Z</time><ele>47</ele></trkpt><trkpt lat="35.069381" lon="126.753629"><time>2026-06-28T05:32:31.000Z</time><ele>47</ele></trkpt><trkpt lat="35.069202" lon="126.753456"><time>2026-06-28T05:32:32.000Z</time><ele>48</ele></trkpt><trkpt lat="35.069024" lon="126.753283"><time>2026-06-28T05:32:33.000Z</time><ele>48</ele></trkpt><trkpt lat="35.068846" lon="126.753111"><time>2026-06-28T05:32:34.000Z</time><ele>48</ele></trkpt><trkpt lat="35.068671" lon="126.752948"><time>2026-06-28T05:32:35.000Z</time><ele>48</ele></trkpt><trkpt lat="35.068494" lon="126.752792"><time>2026-06-28T05:32:36.000Z</time><ele>47</ele></trkpt><trkpt lat="35.068319" lon="126.752652"><time>2026-06-28T05:32:37.000Z</time><ele>48</ele></trkpt><trkpt lat="35.068146" lon="126.752526"><time>2026-06-28T05:32:38.000Z</time><ele>47</ele></trkpt><trkpt lat="35.067975" lon="126.752414"><time>2026-06-28T05:32:39.000Z</time><ele>47</ele></trkpt><trkpt lat="35.067805" lon="126.752309"><time>2026-06-28T05:32:40.000Z</time><ele>46</ele></trkpt><trkpt lat="35.067637" lon="126.752217"><time>2026-06-28T05:32:41.000Z</time><ele>47</ele></trkpt><trkpt lat="35.067467" lon="126.752133"><time>2026-06-28T05:32:42.000Z</time><ele>47</ele></trkpt><trkpt lat="35.067302" lon="126.752063"><time>2026-06-28T05:32:43.000Z</time><ele>47</ele></trkpt><trkpt lat="35.067135" lon="126.751997"><time>2026-06-28T05:32:44.000Z</time><ele>47</ele></trkpt><trkpt lat="35.066978" lon="126.751938"><time>2026-06-28T05:32:45.000Z</time><ele>48</ele></trkpt><trkpt lat="35.066829" lon="126.751891"><time>2026-06-28T05:32:46.000Z</time><ele>49</ele></trkpt><trkpt lat="35.066682" lon="126.751842"><time>2026-06-28T05:32:47.000Z</time><ele>49</ele></trkpt><trkpt lat="35.066534" lon="126.751802"><time>2026-06-28T05:32:48.000Z</time><ele>50</ele></trkpt><trkpt lat="35.066388" lon="126.751759"><time>2026-06-28T05:32:49.000Z</time><ele>50</ele></trkpt><trkpt lat="35.066241" lon="126.751716"><time>2026-06-28T05:32:50.000Z</time><ele>51</ele></trkpt><trkpt lat="35.066093" lon="126.751673"><time>2026-06-28T05:32:51.000Z</time><ele>51</ele></trkpt><trkpt lat="35.065945" lon="126.751626"><time>2026-06-28T05:32:52.000Z</time><ele>51</ele></trkpt><trkpt lat="35.065793" lon="126.75158"><time>2026-06-28T05:32:53.000Z</time><ele>51</ele></trkpt><trkpt lat="35.065641" lon="126.751535"><time>2026-06-28T05:32:54.000Z</time><ele>50</ele></trkpt><trkpt lat="35.065488" lon="126.751485"><time>2026-06-28T05:32:55.000Z</time><ele>50</ele></trkpt><trkpt lat="35.065332" lon="126.751434"><time>2026-06-28T05:32:56.000Z</time><ele>50</ele></trkpt><trkpt lat="35.065175" lon="126.751388"><time>2026-06-28T05:32:57.000Z</time><ele>49</ele></trkpt><trkpt lat="35.065017" lon="126.751339"><time>2026-06-28T05:32:58.000Z</time><ele>49</ele></trkpt><trkpt lat="35.06486" lon="126.751295"><time>2026-06-28T05:32:59.000Z</time><ele>48</ele></trkpt><trkpt lat="35.064702" lon="126.751249"><time>2026-06-28T05:33:00.000Z</time><ele>48</ele></trkpt><trkpt lat="35.064543" lon="126.751202"><time>2026-06-28T05:33:01.000Z</time><ele>47</ele></trkpt><trkpt lat="35.064379" lon="126.751153"><time>2026-06-28T05:33:02.000Z</time><ele>47</ele></trkpt><trkpt lat="35.064212" lon="126.751096"><time>2026-06-28T05:33:03.000Z</time><ele>47</ele></trkpt><trkpt lat="35.064046" lon="126.751035"><time>2026-06-28T05:33:04.000Z</time><ele>47</ele></trkpt><trkpt lat="35.063881" lon="126.750972"><time>2026-06-28T05:33:05.000Z</time><ele>46</ele></trkpt><trkpt lat="35.063716" lon="126.750895"><time>2026-06-28T05:33:06.000Z</time><ele>45</ele></trkpt><trkpt lat="35.06355" lon="126.750815"><time>2026-06-28T05:33:07.000Z</time><ele>45</ele></trkpt><trkpt lat="35.06339" lon="126.750726"><time>2026-06-28T05:33:08.000Z</time><ele>44</ele></trkpt><trkpt lat="35.063236" lon="126.750623"><time>2026-06-28T05:33:09.000Z</time><ele>44</ele></trkpt><trkpt lat="35.063082" lon="126.750516"><time>2026-06-28T05:33:10.000Z</time><ele>43</ele></trkpt><trkpt lat="35.062929" lon="126.750401"><time>2026-06-28T05:33:11.000Z</time><ele>43</ele></trkpt><trkpt lat="35.062775" lon="126.750275"><time>2026-06-28T05:33:12.000Z</time><ele>42</ele></trkpt><trkpt lat="35.062625" lon="126.75014"><time>2026-06-28T05:33:13.000Z</time><ele>42</ele></trkpt><trkpt lat="35.062477" lon="126.750001"><time>2026-06-28T05:33:14.000Z</time><ele>42</ele></trkpt><trkpt lat="35.062324" lon="126.749861"><time>2026-06-28T05:33:15.000Z</time><ele>41</ele></trkpt><trkpt lat="35.062175" lon="126.749717"><time>2026-06-28T05:33:16.000Z</time><ele>41</ele></trkpt><trkpt lat="35.062025" lon="126.749571"><time>2026-06-28T05:33:17.000Z</time><ele>40</ele></trkpt><trkpt lat="35.061871" lon="126.749426"><time>2026-06-28T05:33:18.000Z</time><ele>40</ele></trkpt><trkpt lat="35.061724" lon="126.749276"><time>2026-06-28T05:33:19.000Z</time><ele>40</ele></trkpt><trkpt lat="35.061576" lon="126.749126"><time>2026-06-28T05:33:20.000Z</time><ele>40</ele></trkpt><trkpt lat="35.061425" lon="126.748981"><time>2026-06-28T05:33:21.000Z</time><ele>41</ele></trkpt><trkpt lat="35.061278" lon="126.74884"><time>2026-06-28T05:33:22.000Z</time><ele>41</ele></trkpt><trkpt lat="35.061129" lon="126.748705"><time>2026-06-28T05:33:23.000Z</time><ele>41</ele></trkpt><trkpt lat="35.060979" lon="126.748567"><time>2026-06-28T05:33:24.000Z</time><ele>41</ele></trkpt><trkpt lat="35.060835" lon="126.748425"><time>2026-06-28T05:33:25.000Z</time><ele>41</ele></trkpt><trkpt lat="35.060695" lon="126.748288"><time>2026-06-28T05:33:26.000Z</time><ele>41</ele></trkpt><trkpt lat="35.060554" lon="126.748154"><time>2026-06-28T05:33:27.000Z</time><ele>42</ele></trkpt><trkpt lat="35.060408" lon="126.748021"><time>2026-06-28T05:33:28.000Z</time><ele>42</ele></trkpt><trkpt lat="35.060259" lon="126.747886"><time>2026-06-28T05:33:29.000Z</time><ele>42</ele></trkpt><trkpt lat="35.060111" lon="126.747751"><time>2026-06-28T05:33:30.000Z</time><ele>42</ele></trkpt><trkpt lat="35.059959" lon="126.747621"><time>2026-06-28T05:33:31.000Z</time><ele>42</ele></trkpt><trkpt lat="35.059806" lon="126.747495"><time>2026-06-28T05:33:32.000Z</time><ele>41</ele></trkpt><trkpt lat="35.05965" lon="126.747373"><time>2026-06-28T05:33:33.000Z</time><ele>41</ele></trkpt><trkpt lat="35.059489" lon="126.747253"><time>2026-06-28T05:33:34.000Z</time><ele>41</ele></trkpt><trkpt lat="35.059325" lon="126.747135"><time>2026-06-28T05:33:35.000Z</time><ele>41</ele></trkpt><trkpt lat="35.059163" lon="126.747019"><time>2026-06-28T05:33:36.000Z</time><ele>40</ele></trkpt><trkpt lat="35.058999" lon="126.746901"><time>2026-06-28T05:33:37.000Z</time><ele>40</ele></trkpt><trkpt lat="35.058833" lon="126.74678"><time>2026-06-28T05:33:38.000Z</time><ele>39</ele></trkpt><trkpt lat="35.058668" lon="126.746654"><time>2026-06-28T05:33:39.000Z</time><ele>39</ele></trkpt><trkpt lat="35.058506" lon="126.746522"><time>2026-06-28T05:33:40.000Z</time><ele>40</ele></trkpt><trkpt lat="35.058342" lon="126.746379"><time>2026-06-28T05:33:41.000Z</time><ele>40</ele></trkpt><trkpt lat="35.058181" lon="126.746228"><time>2026-06-28T05:33:42.000Z</time><ele>40</ele></trkpt><trkpt lat="35.058019" lon="126.746076"><time>2026-06-28T05:33:43.000Z</time><ele>40</ele></trkpt><trkpt lat="35.057862" lon="126.745914"><time>2026-06-28T05:33:44.000Z</time><ele>39</ele></trkpt><trkpt lat="35.057706" lon="126.74574"><time>2026-06-28T05:33:45.000Z</time><ele>39</ele></trkpt><trkpt lat="35.057558" lon="126.745555"><time>2026-06-28T05:33:46.000Z</time><ele>40</ele></trkpt><trkpt lat="35.057415" lon="126.745367"><time>2026-06-28T05:33:47.000Z</time><ele>40</ele></trkpt><trkpt lat="35.057274" lon="126.745176"><time>2026-06-28T05:33:48.000Z</time><ele>40</ele></trkpt><trkpt lat="35.05714" lon="126.744974"><time>2026-06-28T05:33:49.000Z</time><ele>40</ele></trkpt><trkpt lat="35.057009" lon="126.744768"><time>2026-06-28T05:33:50.000Z</time><ele>39</ele></trkpt><trkpt lat="35.056886" lon="126.744555"><time>2026-06-28T05:33:51.000Z</time><ele>39</ele></trkpt><trkpt lat="35.056767" lon="126.744336"><time>2026-06-28T05:33:52.000Z</time><ele>39</ele></trkpt><trkpt lat="35.056649" lon="126.744115"><time>2026-06-28T05:33:53.000Z</time><ele>40</ele></trkpt><trkpt lat="35.056531" lon="126.743894"><time>2026-06-28T05:33:54.000Z</time><ele>40</ele></trkpt><trkpt lat="35.05642" lon="126.743673"><time>2026-06-28T05:33:55.000Z</time><ele>40</ele></trkpt><trkpt lat="35.05631" lon="126.74345"><time>2026-06-28T05:33:56.000Z</time><ele>41</ele></trkpt><trkpt lat="35.056198" lon="126.743225"><time>2026-06-28T05:33:57.000Z</time><ele>42</ele></trkpt><trkpt lat="35.056087" lon="126.742996"><time>2026-06-28T05:33:58.000Z</time><ele>43</ele></trkpt><trkpt lat="35.055974" lon="126.742774"><time>2026-06-28T05:33:59.000Z</time><ele>44</ele></trkpt><trkpt lat="35.055859" lon="126.742551"><time>2026-06-28T05:34:00.000Z</time><ele>45</ele></trkpt><trkpt lat="35.055745" lon="126.74233"><time>2026-06-28T05:34:01.000Z</time><ele>45</ele></trkpt><trkpt lat="35.055628" lon="126.742107"><time>2026-06-28T05:34:02.000Z</time><ele>46</ele></trkpt><trkpt lat="35.055513" lon="126.741884"><time>2026-06-28T05:34:03.000Z</time><ele>47</ele></trkpt><trkpt lat="35.055401" lon="126.741661"><time>2026-06-28T05:34:04.000Z</time><ele>48</ele></trkpt><trkpt lat="35.055287" lon="126.74144"><time>2026-06-28T05:34:05.000Z</time><ele>48</ele></trkpt><trkpt lat="35.055171" lon="126.741219"><time>2026-06-28T05:34:06.000Z</time><ele>48</ele></trkpt><trkpt lat="35.055054" lon="126.740998"><time>2026-06-28T05:34:07.000Z</time><ele>47</ele></trkpt><trkpt lat="35.054937" lon="126.740771"><time>2026-06-28T05:34:08.000Z</time><ele>47</ele></trkpt><trkpt lat="35.05482" lon="126.740543"><time>2026-06-28T05:34:09.000Z</time><ele>46</ele></trkpt><trkpt lat="35.0547" lon="126.740313"><time>2026-06-28T05:34:10.000Z</time><ele>46</ele></trkpt><trkpt lat="35.054581" lon="126.740082"><time>2026-06-28T05:34:11.000Z</time><ele>46</ele></trkpt><trkpt lat="35.054463" lon="126.739847"><time>2026-06-28T05:34:12.000Z</time><ele>45</ele></trkpt><trkpt lat="35.054345" lon="126.739609"><time>2026-06-28T05:34:13.000Z</time><ele>45</ele></trkpt><trkpt lat="35.054225" lon="126.739375"><time>2026-06-28T05:34:14.000Z</time><ele>44</ele></trkpt><trkpt lat="35.054106" lon="126.739147"><time>2026-06-28T05:34:15.000Z</time><ele>43</ele></trkpt><trkpt lat="35.053991" lon="126.738922"><time>2026-06-28T05:34:16.000Z</time><ele>43</ele></trkpt><trkpt lat="35.053883" lon="126.738703"><time>2026-06-28T05:34:17.000Z</time><ele>43</ele></trkpt><trkpt lat="35.053779" lon="126.738489"><time>2026-06-28T05:34:18.000Z</time><ele>43</ele></trkpt><trkpt lat="35.05368" lon="126.738286"><time>2026-06-28T05:34:19.000Z</time><ele>43</ele></trkpt><trkpt lat="35.053585" lon="126.738089"><time>2026-06-28T05:34:20.000Z</time><ele>43</ele></trkpt><trkpt lat="35.053496" lon="126.737892"><time>2026-06-28T05:34:21.000Z</time><ele>44</ele></trkpt><trkpt lat="35.053412" lon="126.737692"><time>2026-06-28T05:34:22.000Z</time><ele>44</ele></trkpt><trkpt lat="35.053334" lon="126.737493"><time>2026-06-28T05:34:23.000Z</time><ele>45</ele></trkpt><trkpt lat="35.053262" lon="126.737291"><time>2026-06-28T05:34:24.000Z</time><ele>46</ele></trkpt><trkpt lat="35.053207" lon="126.737084"><time>2026-06-28T05:34:25.000Z</time><ele>46</ele></trkpt><trkpt lat="35.05316" lon="126.736877"><time>2026-06-28T05:34:26.000Z</time><ele>47</ele></trkpt><trkpt lat="35.053117" lon="126.736669"><time>2026-06-28T05:34:27.000Z</time><ele>47</ele></trkpt><trkpt lat="35.05308" lon="126.736459"><time>2026-06-28T05:34:28.000Z</time><ele>48</ele></trkpt><trkpt lat="35.053039" lon="126.736246"><time>2026-06-28T05:34:29.000Z</time><ele>48</ele></trkpt><trkpt lat="35.052998" lon="126.736029"><time>2026-06-28T05:34:30.000Z</time><ele>49</ele></trkpt><trkpt lat="35.052958" lon="126.735812"><time>2026-06-28T05:34:31.000Z</time><ele>50</ele></trkpt><trkpt lat="35.052918" lon="126.735591"><time>2026-06-28T05:34:32.000Z</time><ele>50</ele></trkpt><trkpt lat="35.052876" lon="126.735366"><time>2026-06-28T05:34:33.000Z</time><ele>51</ele></trkpt><trkpt lat="35.052836" lon="126.735141"><time>2026-06-28T05:34:34.000Z</time><ele>52</ele></trkpt><trkpt lat="35.052794" lon="126.734913"><time>2026-06-28T05:34:35.000Z</time><ele>53</ele></trkpt><trkpt lat="35.052755" lon="126.734682"><time>2026-06-28T05:34:36.000Z</time><ele>53</ele></trkpt><trkpt lat="35.052716" lon="126.734452"><time>2026-06-28T05:34:37.000Z</time><ele>53</ele></trkpt><trkpt lat="35.052677" lon="126.734221"><time>2026-06-28T05:34:38.000Z</time><ele>53</ele></trkpt><trkpt lat="35.052636" lon="126.733985"><time>2026-06-28T05:34:39.000Z</time><ele>53</ele></trkpt><trkpt lat="35.052596" lon="126.733744"><time>2026-06-28T05:34:40.000Z</time><ele>53</ele></trkpt><trkpt lat="35.052554" lon="126.733502"><time>2026-06-28T05:34:41.000Z</time><ele>53</ele></trkpt><trkpt lat="35.052513" lon="126.733257"><time>2026-06-28T05:34:42.000Z</time><ele>52</ele></trkpt><trkpt lat="35.052471" lon="126.73301"><time>2026-06-28T05:34:43.000Z</time><ele>52</ele></trkpt><trkpt lat="35.052425" lon="126.732763"><time>2026-06-28T05:34:44.000Z</time><ele>51</ele></trkpt><trkpt lat="35.052381" lon="126.732516"><time>2026-06-28T05:34:45.000Z</time><ele>50</ele></trkpt><trkpt lat="35.052336" lon="126.732266"><time>2026-06-28T05:34:46.000Z</time><ele>50</ele></trkpt><trkpt lat="35.052292" lon="126.732012"><time>2026-06-28T05:34:47.000Z</time><ele>49</ele></trkpt><trkpt lat="35.052252" lon="126.731762"><time>2026-06-28T05:34:48.000Z</time><ele>49</ele></trkpt><trkpt lat="35.052209" lon="126.731509"><time>2026-06-28T05:34:49.000Z</time><ele>48</ele></trkpt><trkpt lat="35.052166" lon="126.731257"><time>2026-06-28T05:34:50.000Z</time><ele>48</ele></trkpt><trkpt lat="35.052125" lon="126.731004"><time>2026-06-28T05:34:51.000Z</time><ele>47</ele></trkpt><trkpt lat="35.052087" lon="126.730751"><time>2026-06-28T05:34:52.000Z</time><ele>46</ele></trkpt><trkpt lat="35.052044" lon="126.7305"><time>2026-06-28T05:34:53.000Z</time><ele>46</ele></trkpt><trkpt lat="35.052002" lon="126.730249"><time>2026-06-28T05:34:54.000Z</time><ele>45</ele></trkpt><trkpt lat="35.05196" lon="126.730002"><time>2026-06-28T05:34:55.000Z</time><ele>45</ele></trkpt><trkpt lat="35.051916" lon="126.729761"><time>2026-06-28T05:34:56.000Z</time><ele>45</ele></trkpt><trkpt lat="35.051874" lon="126.729523"><time>2026-06-28T05:34:57.000Z</time><ele>45</ele></trkpt><trkpt lat="35.051831" lon="126.729289"><time>2026-06-28T05:34:58.000Z</time><ele>46</ele></trkpt><trkpt lat="35.051787" lon="126.729065"><time>2026-06-28T05:34:59.000Z</time><ele>46</ele></trkpt><trkpt lat="35.051745" lon="126.728855"><time>2026-06-28T05:35:00.000Z</time><ele>47</ele></trkpt><trkpt lat="35.05171" lon="126.728654"><time>2026-06-28T05:35:01.000Z</time><ele>48</ele></trkpt><trkpt lat="35.051678" lon="126.728459"><time>2026-06-28T05:35:02.000Z</time><ele>48</ele></trkpt><trkpt lat="35.051645" lon="126.728274"><time>2026-06-28T05:35:03.000Z</time><ele>49</ele></trkpt><trkpt lat="35.051614" lon="126.728096"><time>2026-06-28T05:35:04.000Z</time><ele>50</ele></trkpt><trkpt lat="35.051584" lon="126.727924"><time>2026-06-28T05:35:05.000Z</time><ele>50</ele></trkpt><trkpt lat="35.051555" lon="126.727754"><time>2026-06-28T05:35:06.000Z</time><ele>51</ele></trkpt><trkpt lat="35.051526" lon="126.72758"><time>2026-06-28T05:35:07.000Z</time><ele>52</ele></trkpt><trkpt lat="35.051496" lon="126.727401"><time>2026-06-28T05:35:08.000Z</time><ele>52</ele></trkpt><trkpt lat="35.051465" lon="126.727219"><time>2026-06-28T05:35:09.000Z</time><ele>52</ele></trkpt><trkpt lat="35.051433" lon="126.727034"><time>2026-06-28T05:35:10.000Z</time><ele>52</ele></trkpt><trkpt lat="35.051401" lon="126.726846"><time>2026-06-28T05:35:11.000Z</time><ele>51</ele></trkpt><trkpt lat="35.051367" lon="126.72665"><time>2026-06-28T05:35:12.000Z</time><ele>51</ele></trkpt><trkpt lat="35.051334" lon="126.726452"><time>2026-06-28T05:35:13.000Z</time><ele>51</ele></trkpt><trkpt lat="35.0513" lon="126.726251"><time>2026-06-28T05:35:14.000Z</time><ele>51</ele></trkpt><trkpt lat="35.051266" lon="126.726048"><time>2026-06-28T05:35:15.000Z</time><ele>50</ele></trkpt><trkpt lat="35.05123" lon="126.725842"><time>2026-06-28T05:35:16.000Z</time><ele>49</ele></trkpt><trkpt lat="35.051195" lon="126.725631"><time>2026-06-28T05:35:17.000Z</time><ele>49</ele></trkpt><trkpt lat="35.051157" lon="126.725412"><time>2026-06-28T05:35:18.000Z</time><ele>48</ele></trkpt><trkpt lat="35.05112" lon="126.725196"><time>2026-06-28T05:35:19.000Z</time><ele>48</ele></trkpt><trkpt lat="35.05108" lon="126.724977"><time>2026-06-28T05:35:20.000Z</time><ele>47</ele></trkpt><trkpt lat="35.051043" lon="126.724754"><time>2026-06-28T05:35:21.000Z</time><ele>47</ele></trkpt><trkpt lat="35.051005" lon="126.724534"><time>2026-06-28T05:35:22.000Z</time><ele>46</ele></trkpt><trkpt lat="35.050966" lon="126.724319"><time>2026-06-28T05:35:23.000Z</time><ele>47</ele></trkpt><trkpt lat="35.050931" lon="126.724113"><time>2026-06-28T05:35:24.000Z</time><ele>47</ele></trkpt><trkpt lat="35.050898" lon="126.723915"><time>2026-06-28T05:35:25.000Z</time><ele>47</ele></trkpt><trkpt lat="35.050868" lon="126.723725"><time>2026-06-28T05:35:26.000Z</time><ele>48</ele></trkpt><trkpt lat="35.05084" lon="126.723546"><time>2026-06-28T05:35:27.000Z</time><ele>49</ele></trkpt><trkpt lat="35.050813" lon="126.723376"><time>2026-06-28T05:35:28.000Z</time><ele>50</ele></trkpt><trkpt lat="35.050782" lon="126.723212"><time>2026-06-28T05:35:29.000Z</time><ele>50</ele></trkpt><trkpt lat="35.050753" lon="126.723058"><time>2026-06-28T05:35:30.000Z</time><ele>51</ele></trkpt><trkpt lat="35.050728" lon="126.72291"><time>2026-06-28T05:35:31.000Z</time><ele>51</ele></trkpt><trkpt lat="35.050703" lon="126.722771"><time>2026-06-28T05:35:32.000Z</time><ele>51</ele></trkpt><trkpt lat="35.050681" lon="126.722638"><time>2026-06-28T05:35:33.000Z</time><ele>51</ele></trkpt><trkpt lat="35.050658" lon="126.72251"><time>2026-06-28T05:35:34.000Z</time><ele>52</ele></trkpt><trkpt lat="35.050634" lon="126.72239"><time>2026-06-28T05:35:35.000Z</time><ele>52</ele></trkpt><trkpt lat="35.05061" lon="126.722273"><time>2026-06-28T05:35:36.000Z</time><ele>52</ele></trkpt><trkpt lat="35.050591" lon="126.722159"><time>2026-06-28T05:35:37.000Z</time><ele>52</ele></trkpt><trkpt lat="35.050571" lon="126.722052"><time>2026-06-28T05:35:38.000Z</time><ele>53</ele></trkpt><trkpt lat="35.050556" lon="126.721948"><time>2026-06-28T05:35:39.000Z</time><ele>53</ele></trkpt><trkpt lat="35.050538" lon="126.721854"><time>2026-06-28T05:35:40.000Z</time><ele>53</ele></trkpt><trkpt lat="35.050523" lon="126.721764"><time>2026-06-28T05:35:41.000Z</time><ele>54</ele></trkpt><trkpt lat="35.050513" lon="126.721682"><time>2026-06-28T05:35:42.000Z</time><ele>54</ele></trkpt><trkpt lat="35.050503" lon="126.721603"><time>2026-06-28T05:35:43.000Z</time><ele>54</ele></trkpt><trkpt lat="35.050494" lon="126.721529"><time>2026-06-28T05:35:44.000Z</time><ele>55</ele></trkpt><trkpt lat="35.050485" lon="126.721462"><time>2026-06-28T05:35:45.000Z</time><ele>55</ele></trkpt><trkpt lat="35.050472" lon="126.721402"><time>2026-06-28T05:35:46.000Z</time><ele>55</ele></trkpt><trkpt lat="35.05046" lon="126.721348"><time>2026-06-28T05:35:47.000Z</time><ele>55</ele></trkpt><trkpt lat="35.050449" lon="126.721278"><time>2026-06-28T05:35:49.000Z</time><ele>55</ele></trkpt><trkpt lat="35.050432" lon="126.721199"><time>2026-06-28T05:36:17.000Z</time><ele>54</ele></trkpt><trkpt lat="35.050413" lon="126.721139"><time>2026-06-28T05:36:18.000Z</time><ele>53</ele></trkpt><trkpt lat="35.050397" lon="126.721051"><time>2026-06-28T05:36:19.000Z</time><ele>54</ele></trkpt><trkpt lat="35.050379" lon="126.72096"><time>2026-06-28T05:36:20.000Z</time><ele>54</ele></trkpt><trkpt lat="35.050345" lon="126.720866"><time>2026-06-28T05:36:21.000Z</time><ele>54</ele></trkpt><trkpt lat="35.050281" lon="126.720778"><time>2026-06-28T05:36:22.000Z</time><ele>54</ele></trkpt><trkpt lat="35.050194" lon="126.720717"><time>2026-06-28T05:36:23.000Z</time><ele>54</ele></trkpt><trkpt lat="35.050098" lon="126.72068"><time>2026-06-28T05:36:24.000Z</time><ele>53</ele></trkpt><trkpt lat="35.049985" lon="126.720641"><time>2026-06-28T05:36:25.000Z</time><ele>53</ele></trkpt><trkpt lat="35.049865" lon="126.720605"><time>2026-06-28T05:36:26.000Z</time><ele>53</ele></trkpt><trkpt lat="35.048648" lon="126.720302"><time>2026-06-28T05:36:34.000Z</time><ele>54</ele></trkpt><trkpt lat="35.048483" lon="126.720262"><time>2026-06-28T05:36:35.000Z</time><ele>54</ele></trkpt><trkpt lat="35.048319" lon="126.720219"><time>2026-06-28T05:36:36.000Z</time><ele>53</ele></trkpt><trkpt lat="35.048154" lon="126.72017"><time>2026-06-28T05:36:37.000Z</time><ele>54</ele></trkpt><trkpt lat="35.047988" lon="126.720122"><time>2026-06-28T05:36:38.000Z</time><ele>54</ele></trkpt><trkpt lat="35.047822" lon="126.720069"><time>2026-06-28T05:36:39.000Z</time><ele>54</ele></trkpt><trkpt lat="35.04766" lon="126.720005"><time>2026-06-28T05:36:40.000Z</time><ele>54</ele></trkpt><trkpt lat="35.047503" lon="126.719933"><time>2026-06-28T05:36:41.000Z</time><ele>54</ele></trkpt><trkpt lat="35.047348" lon="126.719854"><time>2026-06-28T05:36:42.000Z</time><ele>54</ele></trkpt><trkpt lat="35.047197" lon="126.719763"><time>2026-06-28T05:36:43.000Z</time><ele>54</ele></trkpt><trkpt lat="35.04705" lon="126.719664"><time>2026-06-28T05:36:44.000Z</time><ele>53</ele></trkpt><trkpt lat="35.046905" lon="126.719556"><time>2026-06-28T05:36:45.000Z</time><ele>53</ele></trkpt><trkpt lat="35.046763" lon="126.719446"><time>2026-06-28T05:36:46.000Z</time><ele>53</ele></trkpt><trkpt lat="35.046625" lon="126.719328"><time>2026-06-28T05:36:47.000Z</time><ele>53</ele></trkpt><trkpt lat="35.046494" lon="126.719205"><time>2026-06-28T05:36:48.000Z</time><ele>52</ele></trkpt><trkpt lat="35.04637" lon="126.719079"><time>2026-06-28T05:36:49.000Z</time><ele>52</ele></trkpt><trkpt lat="35.046253" lon="126.718956"><time>2026-06-28T05:36:50.000Z</time><ele>51</ele></trkpt><trkpt lat="35.046137" lon="126.718833"><time>2026-06-28T05:36:51.000Z</time><ele>51</ele></trkpt><trkpt lat="35.046027" lon="126.718714"><time>2026-06-28T05:36:52.000Z</time><ele>51</ele></trkpt><trkpt lat="35.045916" lon="126.7186"><time>2026-06-28T05:36:53.000Z</time><ele>51</ele></trkpt><trkpt lat="35.045806" lon="126.718481"><time>2026-06-28T05:36:54.000Z</time><ele>51</ele></trkpt><trkpt lat="35.045692" lon="126.718362"><time>2026-06-28T05:36:55.000Z</time><ele>51</ele></trkpt><trkpt lat="35.04557" lon="126.718241"><time>2026-06-28T05:36:56.000Z</time><ele>51</ele></trkpt><trkpt lat="35.045447" lon="126.718115"><time>2026-06-28T05:36:57.000Z</time><ele>51</ele></trkpt><trkpt lat="35.045326" lon="126.717987"><time>2026-06-28T05:36:58.000Z</time><ele>51</ele></trkpt><trkpt lat="35.045201" lon="126.717857"><time>2026-06-28T05:36:59.000Z</time><ele>51</ele></trkpt><trkpt lat="35.045078" lon="126.717724"><time>2026-06-28T05:37:00.000Z</time><ele>51</ele></trkpt><trkpt lat="35.044954" lon="126.717588"><time>2026-06-28T05:37:01.000Z</time><ele>51</ele></trkpt><trkpt lat="35.044831" lon="126.717446"><time>2026-06-28T05:37:02.000Z</time><ele>51</ele></trkpt><trkpt lat="35.044706" lon="126.71731"><time>2026-06-28T05:37:03.000Z</time><ele>51</ele></trkpt><trkpt lat="35.044578" lon="126.717178"><time>2026-06-28T05:37:04.000Z</time><ele>51</ele></trkpt><trkpt lat="35.044454" lon="126.717046"><time>2026-06-28T05:37:05.000Z</time><ele>52</ele></trkpt><trkpt lat="35.044328" lon="126.716917"><time>2026-06-28T05:37:06.000Z</time><ele>52</ele></trkpt><trkpt lat="35.044202" lon="126.716786"><time>2026-06-28T05:37:07.000Z</time><ele>52</ele></trkpt><trkpt lat="35.044076" lon="126.716656"><time>2026-06-28T05:37:08.000Z</time><ele>52</ele></trkpt><trkpt lat="35.043951" lon="126.716524"><time>2026-06-28T05:37:09.000Z</time><ele>52</ele></trkpt><trkpt lat="35.043828" lon="126.716387"><time>2026-06-28T05:37:10.000Z</time><ele>53</ele></trkpt><trkpt lat="35.0437" lon="126.716257"><time>2026-06-28T05:37:11.000Z</time><ele>53</ele></trkpt><trkpt lat="35.043568" lon="126.716136"><time>2026-06-28T05:37:12.000Z</time><ele>53</ele></trkpt><trkpt lat="35.043438" lon="126.716023"><time>2026-06-28T05:37:13.000Z</time><ele>53</ele></trkpt><trkpt lat="35.043304" lon="126.715918"><time>2026-06-28T05:37:14.000Z</time><ele>53</ele></trkpt><trkpt lat="35.043169" lon="126.715828"><time>2026-06-28T05:37:15.000Z</time><ele>54</ele></trkpt><trkpt lat="35.043024" lon="126.715754"><time>2026-06-28T05:37:16.000Z</time><ele>54</ele></trkpt><trkpt lat="35.042877" lon="126.715695"><time>2026-06-28T05:37:17.000Z</time><ele>53</ele></trkpt><trkpt lat="35.042722" lon="126.715643"><time>2026-06-28T05:37:18.000Z</time><ele>53</ele></trkpt><trkpt lat="35.042563" lon="126.715606"><time>2026-06-28T05:37:19.000Z</time><ele>52</ele></trkpt><trkpt lat="35.042404" lon="126.715572"><time>2026-06-28T05:37:20.000Z</time><ele>52</ele></trkpt><trkpt lat="35.042244" lon="126.715542"><time>2026-06-28T05:37:21.000Z</time><ele>52</ele></trkpt><trkpt lat="35.042085" lon="126.715505"><time>2026-06-28T05:37:22.000Z</time><ele>53</ele></trkpt><trkpt lat="35.041927" lon="126.715473"><time>2026-06-28T05:37:23.000Z</time><ele>53</ele></trkpt><trkpt lat="35.041772" lon="126.715439"><time>2026-06-28T05:37:24.000Z</time><ele>53</ele></trkpt><trkpt lat="35.041615" lon="126.71541"><time>2026-06-28T05:37:25.000Z</time><ele>53</ele></trkpt><trkpt lat="35.041458" lon="126.715393"><time>2026-06-28T05:37:26.000Z</time><ele>53</ele></trkpt><trkpt lat="35.041307" lon="126.715385"><time>2026-06-28T05:37:27.000Z</time><ele>54</ele></trkpt><trkpt lat="35.041157" lon="126.715388"><time>2026-06-28T05:37:28.000Z</time><ele>54</ele></trkpt><trkpt lat="35.04101" lon="126.715404"><time>2026-06-28T05:37:29.000Z</time><ele>54</ele></trkpt><trkpt lat="35.040863" lon="126.71543"><time>2026-06-28T05:37:30.000Z</time><ele>54</ele></trkpt><trkpt lat="35.040715" lon="126.71546"><time>2026-06-28T05:37:31.000Z</time><ele>53</ele></trkpt><trkpt lat="35.040559" lon="126.715507"><time>2026-06-28T05:37:32.000Z</time><ele>53</ele></trkpt><trkpt lat="35.040403" lon="126.715553"><time>2026-06-28T05:37:33.000Z</time><ele>53</ele></trkpt><trkpt lat="35.040249" lon="126.715601"><time>2026-06-28T05:37:34.000Z</time><ele>52</ele></trkpt><trkpt lat="35.040105" lon="126.715641"><time>2026-06-28T05:37:35.000Z</time><ele>52</ele></trkpt><trkpt lat="35.039977" lon="126.715664"><time>2026-06-28T05:37:36.000Z</time><ele>52</ele></trkpt><trkpt lat="35.03988" lon="126.715669"><time>2026-06-28T05:37:37.000Z</time><ele>52</ele></trkpt><trkpt lat="35.039808" lon="126.715664"><time>2026-06-28T05:37:38.000Z</time><ele>52</ele></trkpt><trkpt lat="35.03975" lon="126.715646"><time>2026-06-28T05:37:39.000Z</time><ele>52</ele></trkpt><trkpt lat="35.0397" lon="126.715637"><time>2026-06-28T05:37:40.000Z</time><ele>52</ele></trkpt><trkpt lat="35.039635" lon="126.715625"><time>2026-06-28T05:37:42.000Z</time><ele>53</ele></trkpt><trkpt lat="35.039549" lon="126.715605"><time>2026-06-28T05:38:26.000Z</time><ele>51</ele></trkpt><trkpt lat="35.039486" lon="126.715597"><time>2026-06-28T05:38:27.000Z</time><ele>51</ele></trkpt><trkpt lat="35.039408" lon="126.715578"><time>2026-06-28T05:38:28.000Z</time><ele>51</ele></trkpt><trkpt lat="35.039324" lon="126.715551"><time>2026-06-28T05:38:29.000Z</time><ele>51</ele></trkpt><trkpt lat="35.039228" lon="126.715515"><time>2026-06-28T05:38:30.000Z</time><ele>51</ele></trkpt><trkpt lat="35.039125" lon="126.715472"><time>2026-06-28T05:38:31.000Z</time><ele>51</ele></trkpt><trkpt lat="35.039023" lon="126.715414"><time>2026-06-28T05:38:32.000Z</time><ele>51</ele></trkpt><trkpt lat="35.038918" lon="126.715354"><time>2026-06-28T05:38:33.000Z</time><ele>51</ele></trkpt><trkpt lat="35.038807" lon="126.715279"><time>2026-06-28T05:38:34.000Z</time><ele>52</ele></trkpt><trkpt lat="35.038688" lon="126.715194"><time>2026-06-28T05:38:35.000Z</time><ele>53</ele></trkpt><trkpt lat="35.03857" lon="126.715106"><time>2026-06-28T05:38:36.000Z</time><ele>54</ele></trkpt><trkpt lat="35.038455" lon="126.715021"><time>2026-06-28T05:38:37.000Z</time><ele>54</ele></trkpt><trkpt lat="35.038335" lon="126.71493"><time>2026-06-28T05:38:38.000Z</time><ele>55</ele></trkpt><trkpt lat="35.038213" lon="126.714838"><time>2026-06-28T05:38:39.000Z</time><ele>56</ele></trkpt><trkpt lat="35.038088" lon="126.714744"><time>2026-06-28T05:38:40.000Z</time><ele>56</ele></trkpt><trkpt lat="35.037964" lon="126.714649"><time>2026-06-28T05:38:41.000Z</time><ele>57</ele></trkpt><trkpt lat="35.037842" lon="126.714555"><time>2026-06-28T05:38:42.000Z</time><ele>58</ele></trkpt><trkpt lat="35.037718" lon="126.714462"><time>2026-06-28T05:38:43.000Z</time><ele>58</ele></trkpt><trkpt lat="35.037592" lon="126.714369"><time>2026-06-28T05:38:44.000Z</time><ele>59</ele></trkpt><trkpt lat="35.037467" lon="126.714273"><time>2026-06-28T05:38:45.000Z</time><ele>59</ele></trkpt><trkpt lat="35.037341" lon="126.714176"><time>2026-06-28T05:38:46.000Z</time><ele>60</ele></trkpt><trkpt lat="35.037224" lon="126.714088"><time>2026-06-28T05:38:47.000Z</time><ele>60</ele></trkpt><trkpt lat="35.037109" lon="126.714005"><time>2026-06-28T05:38:48.000Z</time><ele>60</ele></trkpt><trkpt lat="35.036994" lon="126.713923"><time>2026-06-28T05:38:49.000Z</time><ele>59</ele></trkpt><trkpt lat="35.036896" lon="126.713836"><time>2026-06-28T05:38:50.000Z</time><ele>59</ele></trkpt><trkpt lat="35.036808" lon="126.71376"><time>2026-06-28T05:38:51.000Z</time><ele>59</ele></trkpt><trkpt lat="35.036723" lon="126.713692"><time>2026-06-28T05:38:52.000Z</time><ele>59</ele></trkpt><trkpt lat="35.036645" lon="126.713629"><time>2026-06-28T05:38:53.000Z</time><ele>59</ele></trkpt><trkpt lat="35.036575" lon="126.713566"><time>2026-06-28T05:38:54.000Z</time><ele>59</ele></trkpt><trkpt lat="35.03651" lon="126.71351"><time>2026-06-28T05:38:55.000Z</time><ele>59</ele></trkpt><trkpt lat="35.036452" lon="126.713453"><time>2026-06-28T05:38:56.000Z</time><ele>59</ele></trkpt><trkpt lat="35.03639" lon="126.713397"><time>2026-06-28T05:38:57.000Z</time><ele>59</ele></trkpt><trkpt lat="35.036328" lon="126.713339"><time>2026-06-28T05:38:58.000Z</time><ele>59</ele></trkpt><trkpt lat="35.036264" lon="126.713286"><time>2026-06-28T05:38:59.000Z</time><ele>58</ele></trkpt><trkpt lat="35.036199" lon="126.713238"><time>2026-06-28T05:39:00.000Z</time><ele>57</ele></trkpt><trkpt lat="35.036135" lon="126.713189"><time>2026-06-28T05:39:01.000Z</time><ele>57</ele></trkpt><trkpt lat="35.03607" lon="126.713135"><time>2026-06-28T05:39:02.000Z</time><ele>56</ele></trkpt><trkpt lat="35.036005" lon="126.713081"><time>2026-06-28T05:39:03.000Z</time><ele>56</ele></trkpt><trkpt lat="35.035937" lon="126.71302"><time>2026-06-28T05:39:04.000Z</time><ele>55</ele></trkpt><trkpt lat="35.035865" lon="126.712959"><time>2026-06-28T05:39:05.000Z</time><ele>55</ele></trkpt><trkpt lat="35.035791" lon="126.7129"><time>2026-06-28T05:39:06.000Z</time><ele>55</ele></trkpt><trkpt lat="35.035713" lon="126.712836"><time>2026-06-28T05:39:07.000Z</time><ele>55</ele></trkpt><trkpt lat="35.035625" lon="126.712766"><time>2026-06-28T05:39:08.000Z</time><ele>55</ele></trkpt><trkpt lat="35.035539" lon="126.712691"><time>2026-06-28T05:39:09.000Z</time><ele>55</ele></trkpt><trkpt lat="35.035456" lon="126.712607"><time>2026-06-28T05:39:10.000Z</time><ele>56</ele></trkpt><trkpt lat="35.03538" lon="126.712505"><time>2026-06-28T05:39:11.000Z</time><ele>56</ele></trkpt><trkpt lat="35.035306" lon="126.712389"><time>2026-06-28T05:39:12.000Z</time><ele>57</ele></trkpt><trkpt lat="35.035231" lon="126.712264"><time>2026-06-28T05:39:13.000Z</time><ele>57</ele></trkpt><trkpt lat="35.035154" lon="126.712136"><time>2026-06-28T05:39:14.000Z</time><ele>58</ele></trkpt><trkpt lat="35.03508" lon="126.712001"><time>2026-06-28T05:39:15.000Z</time><ele>58</ele></trkpt><trkpt lat="35.035003" lon="126.711862"><time>2026-06-28T05:39:16.000Z</time><ele>59</ele></trkpt><trkpt lat="35.034924" lon="126.711717"><time>2026-06-28T05:39:17.000Z</time><ele>60</ele></trkpt><trkpt lat="35.034841" lon="126.711569"><time>2026-06-28T05:39:18.000Z</time><ele>61</ele></trkpt><trkpt lat="35.034755" lon="126.711415"><time>2026-06-28T05:39:19.000Z</time><ele>62</ele></trkpt><trkpt lat="35.034668" lon="126.711262"><time>2026-06-28T05:39:20.000Z</time><ele>62</ele></trkpt><trkpt lat="35.034579" lon="126.711107"><time>2026-06-28T05:39:21.000Z</time><ele>63</ele></trkpt><trkpt lat="35.034489" lon="126.710947"><time>2026-06-28T05:39:22.000Z</time><ele>63</ele></trkpt><trkpt lat="35.034397" lon="126.710786"><time>2026-06-28T05:39:23.000Z</time><ele>64</ele></trkpt><trkpt lat="35.034298" lon="126.710624"><time>2026-06-28T05:39:24.000Z</time><ele>64</ele></trkpt><trkpt lat="35.034195" lon="126.710465"><time>2026-06-28T05:39:25.000Z</time><ele>65</ele></trkpt><trkpt lat="35.034073" lon="126.71032"><time>2026-06-28T05:39:26.000Z</time><ele>65</ele></trkpt><trkpt lat="35.03393" lon="126.710196"><time>2026-06-28T05:39:27.000Z</time><ele>65</ele></trkpt><trkpt lat="35.03378" lon="126.710087"><time>2026-06-28T05:39:28.000Z</time><ele>65</ele></trkpt><trkpt lat="35.033623" lon="126.709983"><time>2026-06-28T05:39:29.000Z</time><ele>65</ele></trkpt><trkpt lat="35.033458" lon="126.709898"><time>2026-06-28T05:39:30.000Z</time><ele>64</ele></trkpt><trkpt lat="35.033289" lon="126.709832"><time>2026-06-28T05:39:31.000Z</time><ele>64</ele></trkpt><trkpt lat="35.033111" lon="126.709786"><time>2026-06-28T05:39:32.000Z</time><ele>64</ele></trkpt><trkpt lat="35.032923" lon="126.709748"><time>2026-06-28T05:39:33.000Z</time><ele>64</ele></trkpt><trkpt lat="35.032732" lon="126.709721"><time>2026-06-28T05:39:34.000Z</time><ele>65</ele></trkpt><trkpt lat="35.032542" lon="126.709693"><time>2026-06-28T05:39:35.000Z</time><ele>64</ele></trkpt><trkpt lat="35.032349" lon="126.709662"><time>2026-06-28T05:39:36.000Z</time><ele>64</ele></trkpt><trkpt lat="35.032154" lon="126.709631"><time>2026-06-28T05:39:37.000Z</time><ele>64</ele></trkpt><trkpt lat="35.031959" lon="126.709596"><time>2026-06-28T05:39:38.000Z</time><ele>63</ele></trkpt><trkpt lat="35.031755" lon="126.709567"><time>2026-06-28T05:39:39.000Z</time><ele>63</ele></trkpt><trkpt lat="35.031546" lon="126.709534"><time>2026-06-28T05:39:40.000Z</time><ele>63</ele></trkpt><trkpt lat="35.031332" lon="126.709499"><time>2026-06-28T05:39:41.000Z</time><ele>63</ele></trkpt><trkpt lat="35.031116" lon="126.70946"><time>2026-06-28T05:39:42.000Z</time><ele>64</ele></trkpt><trkpt lat="35.030897" lon="126.709422"><time>2026-06-28T05:39:43.000Z</time><ele>65</ele></trkpt><trkpt lat="35.030678" lon="126.709384"><time>2026-06-28T05:39:44.000Z</time><ele>66</ele></trkpt><trkpt lat="35.030459" lon="126.709351"><time>2026-06-28T05:39:45.000Z</time><ele>67</ele></trkpt><trkpt lat="35.03024" lon="126.709314"><time>2026-06-28T05:39:46.000Z</time><ele>69</ele></trkpt><trkpt lat="35.030022" lon="126.70928"><time>2026-06-28T05:39:47.000Z</time><ele>70</ele></trkpt><trkpt lat="35.029812" lon="126.709234"><time>2026-06-28T05:39:48.000Z</time><ele>73</ele></trkpt><trkpt lat="35.029613" lon="126.709165"><time>2026-06-28T05:39:49.000Z</time><ele>74</ele></trkpt><trkpt lat="35.029411" lon="126.709077"><time>2026-06-28T05:39:50.000Z</time><ele>75</ele></trkpt><trkpt lat="35.029225" lon="126.708966"><time>2026-06-28T05:39:51.000Z</time><ele>75</ele></trkpt><trkpt lat="35.029057" lon="126.708841"><time>2026-06-28T05:39:52.000Z</time><ele>77</ele></trkpt><trkpt lat="35.028893" lon="126.708705"><time>2026-06-28T05:39:53.000Z</time><ele>78</ele></trkpt><trkpt lat="35.028739" lon="126.708552"><time>2026-06-28T05:39:54.000Z</time><ele>79</ele></trkpt><trkpt lat="35.028602" lon="126.708381"><time>2026-06-28T05:39:55.000Z</time><ele>81</ele></trkpt><trkpt lat="35.028484" lon="126.708186"><time>2026-06-28T05:39:56.000Z</time><ele>83</ele></trkpt><trkpt lat="35.02838" lon="126.707983"><time>2026-06-28T05:39:57.000Z</time><ele>84</ele></trkpt><trkpt lat="35.028282" lon="126.707777"><time>2026-06-28T05:39:58.000Z</time><ele>86</ele></trkpt><trkpt lat="35.028191" lon="126.70757"><time>2026-06-28T05:39:59.000Z</time><ele>87</ele></trkpt><trkpt lat="35.028104" lon="126.707362"><time>2026-06-28T05:40:00.000Z</time><ele>88</ele></trkpt><trkpt lat="35.028019" lon="126.707151"><time>2026-06-28T05:40:01.000Z</time><ele>90</ele></trkpt><trkpt lat="35.02794" lon="126.706934"><time>2026-06-28T05:40:02.000Z</time><ele>91</ele></trkpt><trkpt lat="35.027866" lon="126.706716"><time>2026-06-28T05:40:03.000Z</time><ele>93</ele></trkpt><trkpt lat="35.027793" lon="126.706501"><time>2026-06-28T05:40:04.000Z</time><ele>94</ele></trkpt><trkpt lat="35.02772" lon="126.706285"><time>2026-06-28T05:40:05.000Z</time><ele>95</ele></trkpt><trkpt lat="35.027642" lon="126.706067"><time>2026-06-28T05:40:06.000Z</time><ele>96</ele></trkpt><trkpt lat="35.027566" lon="126.705849"><time>2026-06-28T05:40:07.000Z</time><ele>98</ele></trkpt><trkpt lat="35.027495" lon="126.705626"><time>2026-06-28T05:40:08.000Z</time><ele>99</ele></trkpt><trkpt lat="35.027422" lon="126.705407"><time>2026-06-28T05:40:09.000Z</time><ele>100</ele></trkpt><trkpt lat="35.027346" lon="126.705188"><time>2026-06-28T05:40:10.000Z</time><ele>101</ele></trkpt><trkpt lat="35.02727" lon="126.704974"><time>2026-06-28T05:40:11.000Z</time><ele>102</ele></trkpt><trkpt lat="35.027193" lon="126.704751"><time>2026-06-28T05:40:12.000Z</time><ele>103</ele></trkpt><trkpt lat="35.027117" lon="126.704531"><time>2026-06-28T05:40:13.000Z</time><ele>104</ele></trkpt><trkpt lat="35.02704" lon="126.704309"><time>2026-06-28T05:40:14.000Z</time><ele>105</ele></trkpt><trkpt lat="35.026963" lon="126.704083"><time>2026-06-28T05:40:15.000Z</time><ele>106</ele></trkpt><trkpt lat="35.026886" lon="126.703858"><time>2026-06-28T05:40:16.000Z</time><ele>107</ele></trkpt><trkpt lat="35.026808" lon="126.703629"><time>2026-06-28T05:40:17.000Z</time><ele>109</ele></trkpt><trkpt lat="35.026728" lon="126.703401"><time>2026-06-28T05:40:18.000Z</time><ele>109</ele></trkpt><trkpt lat="35.026644" lon="126.703168"><time>2026-06-28T05:40:19.000Z</time><ele>110</ele></trkpt><trkpt lat="35.02656" lon="126.702937"><time>2026-06-28T05:40:20.000Z</time><ele>111</ele></trkpt><trkpt lat="35.02648" lon="126.702707"><time>2026-06-28T05:40:21.000Z</time><ele>111</ele></trkpt><trkpt lat="35.026398" lon="126.702483"><time>2026-06-28T05:40:22.000Z</time><ele>111</ele></trkpt><trkpt lat="35.026311" lon="126.702264"><time>2026-06-28T05:40:23.000Z</time><ele>111</ele></trkpt><trkpt lat="35.026228" lon="126.702032"><time>2026-06-28T05:40:24.000Z</time><ele>110</ele></trkpt><trkpt lat="35.026144" lon="126.701785"><time>2026-06-28T05:40:25.000Z</time><ele>109</ele></trkpt><trkpt lat="35.026049" lon="126.701547"><time>2026-06-28T05:40:26.000Z</time><ele>108</ele></trkpt><trkpt lat="35.025966" lon="126.701308"><time>2026-06-28T05:40:27.000Z</time><ele>106</ele></trkpt><trkpt lat="35.025879" lon="126.701061"><time>2026-06-28T05:40:28.000Z</time><ele>105</ele></trkpt><trkpt lat="35.025796" lon="126.700808"><time>2026-06-28T05:40:29.000Z</time><ele>103</ele></trkpt><trkpt lat="35.025712" lon="126.700548"><time>2026-06-28T05:40:30.000Z</time><ele>102</ele></trkpt><trkpt lat="35.025625" lon="126.700285"><time>2026-06-28T05:40:31.000Z</time><ele>100</ele></trkpt><trkpt lat="35.025535" lon="126.70002"><time>2026-06-28T05:40:32.000Z</time><ele>98</ele></trkpt><trkpt lat="35.025447" lon="126.699749"><time>2026-06-28T05:40:33.000Z</time><ele>97</ele></trkpt><trkpt lat="35.025355" lon="126.699477"><time>2026-06-28T05:40:34.000Z</time><ele>96</ele></trkpt><trkpt lat="35.025264" lon="126.699207"><time>2026-06-28T05:40:35.000Z</time><ele>95</ele></trkpt><trkpt lat="35.025173" lon="126.69894"><time>2026-06-28T05:40:36.000Z</time><ele>93</ele></trkpt><trkpt lat="35.025086" lon="126.698669"><time>2026-06-28T05:40:37.000Z</time><ele>92</ele></trkpt><trkpt lat="35.025004" lon="126.69839"><time>2026-06-28T05:40:38.000Z</time><ele>91</ele></trkpt><trkpt lat="35.024933" lon="126.698115"><time>2026-06-28T05:40:39.000Z</time><ele>91</ele></trkpt><trkpt lat="35.02487" lon="126.697839"><time>2026-06-28T05:40:40.000Z</time><ele>91</ele></trkpt><trkpt lat="35.024821" lon="126.697554"><time>2026-06-28T05:40:41.000Z</time><ele>90</ele></trkpt><trkpt lat="35.024788" lon="126.697268"><time>2026-06-28T05:40:42.000Z</time><ele>90</ele></trkpt><trkpt lat="35.024771" lon="126.696974"><time>2026-06-28T05:40:43.000Z</time><ele>90</ele></trkpt><trkpt lat="35.024762" lon="126.696689"><time>2026-06-28T05:40:44.000Z</time><ele>90</ele></trkpt><trkpt lat="35.024775" lon="126.696403"><time>2026-06-28T05:40:45.000Z</time><ele>91</ele></trkpt><trkpt lat="35.024801" lon="126.696119"><time>2026-06-28T05:40:46.000Z</time><ele>91</ele></trkpt><trkpt lat="35.024836" lon="126.695838"><time>2026-06-28T05:40:47.000Z</time><ele>92</ele></trkpt><trkpt lat="35.024871" lon="126.695566"><time>2026-06-28T05:40:48.000Z</time><ele>92</ele></trkpt><trkpt lat="35.0249" lon="126.695298"><time>2026-06-28T05:40:49.000Z</time><ele>92</ele></trkpt><trkpt lat="35.024929" lon="126.695033"><time>2026-06-28T05:40:50.000Z</time><ele>92</ele></trkpt><trkpt lat="35.024956" lon="126.694772"><time>2026-06-28T05:40:51.000Z</time><ele>93</ele></trkpt><trkpt lat="35.024977" lon="126.694514"><time>2026-06-28T05:40:52.000Z</time><ele>93</ele></trkpt><trkpt lat="35.024997" lon="126.694253"><time>2026-06-28T05:40:53.000Z</time><ele>93</ele></trkpt><trkpt lat="35.025015" lon="126.693996"><time>2026-06-28T05:40:54.000Z</time><ele>92</ele></trkpt><trkpt lat="35.025037" lon="126.693738"><time>2026-06-28T05:40:55.000Z</time><ele>92</ele></trkpt><trkpt lat="35.025055" lon="126.693481"><time>2026-06-28T05:40:56.000Z</time><ele>91</ele></trkpt><trkpt lat="35.025059" lon="126.693221"><time>2026-06-28T05:40:57.000Z</time><ele>90</ele></trkpt><trkpt lat="35.025051" lon="126.692964"><time>2026-06-28T05:40:58.000Z</time><ele>89</ele></trkpt><trkpt lat="35.025031" lon="126.692708"><time>2026-06-28T05:40:59.000Z</time><ele>89</ele></trkpt><trkpt lat="35.024996" lon="126.692452"><time>2026-06-28T05:41:00.000Z</time><ele>88</ele></trkpt><trkpt lat="35.024947" lon="126.692201"><time>2026-06-28T05:41:01.000Z</time><ele>87</ele></trkpt><trkpt lat="35.024893" lon="126.691951"><time>2026-06-28T05:41:02.000Z</time><ele>86</ele></trkpt><trkpt lat="35.024825" lon="126.691707"><time>2026-06-28T05:41:03.000Z</time><ele>85</ele></trkpt><trkpt lat="35.024749" lon="126.691463"><time>2026-06-28T05:41:04.000Z</time><ele>85</ele></trkpt><trkpt lat="35.024662" lon="126.691223"><time>2026-06-28T05:41:05.000Z</time><ele>84</ele></trkpt><trkpt lat="35.024565" lon="126.690988"><time>2026-06-28T05:41:06.000Z</time><ele>83</ele></trkpt><trkpt lat="35.024457" lon="126.690757"><time>2026-06-28T05:41:07.000Z</time><ele>83</ele></trkpt><trkpt lat="35.024348" lon="126.690527"><time>2026-06-28T05:41:08.000Z</time><ele>82</ele></trkpt><trkpt lat="35.024233" lon="126.690291"><time>2026-06-28T05:41:09.000Z</time><ele>82</ele></trkpt><trkpt lat="35.024119" lon="126.690054"><time>2026-06-28T05:41:10.000Z</time><ele>81</ele></trkpt><trkpt lat="35.024005" lon="126.689817"><time>2026-06-28T05:41:11.000Z</time><ele>81</ele></trkpt><trkpt lat="35.023894" lon="126.689574"><time>2026-06-28T05:41:12.000Z</time><ele>80</ele></trkpt><trkpt lat="35.023783" lon="126.68933"><time>2026-06-28T05:41:13.000Z</time><ele>79</ele></trkpt><trkpt lat="35.023668" lon="126.689087"><time>2026-06-28T05:41:14.000Z</time><ele>78</ele></trkpt><trkpt lat="35.023553" lon="126.688843"><time>2026-06-28T05:41:15.000Z</time><ele>77</ele></trkpt><trkpt lat="35.023435" lon="126.688595"><time>2026-06-28T05:41:16.000Z</time><ele>75</ele></trkpt><trkpt lat="35.02332" lon="126.68835"><time>2026-06-28T05:41:17.000Z</time><ele>73</ele></trkpt><trkpt lat="35.023198" lon="126.688098"><time>2026-06-28T05:41:18.000Z</time><ele>72</ele></trkpt><trkpt lat="35.023072" lon="126.687845"><time>2026-06-28T05:41:19.000Z</time><ele>70</ele></trkpt><trkpt lat="35.022941" lon="126.687592"><time>2026-06-28T05:41:20.000Z</time><ele>68</ele></trkpt><trkpt lat="35.022811" lon="126.68733"><time>2026-06-28T05:41:21.000Z</time><ele>67</ele></trkpt><trkpt lat="35.022684" lon="126.687063"><time>2026-06-28T05:41:22.000Z</time><ele>67</ele></trkpt><trkpt lat="35.022558" lon="126.686794"><time>2026-06-28T05:41:23.000Z</time><ele>66</ele></trkpt><trkpt lat="35.022433" lon="126.686531"><time>2026-06-28T05:41:24.000Z</time><ele>65</ele></trkpt><trkpt lat="35.022302" lon="126.686266"><time>2026-06-28T05:41:25.000Z</time><ele>65</ele></trkpt><trkpt lat="35.022177" lon="126.686003"><time>2026-06-28T05:41:26.000Z</time><ele>64</ele></trkpt><trkpt lat="35.022051" lon="126.685743"><time>2026-06-28T05:41:27.000Z</time><ele>64</ele></trkpt><trkpt lat="35.021923" lon="126.685483"><time>2026-06-28T05:41:28.000Z</time><ele>65</ele></trkpt><trkpt lat="35.021797" lon="126.685226"><time>2026-06-28T05:41:29.000Z</time><ele>65</ele></trkpt><trkpt lat="35.021673" lon="126.684972"><time>2026-06-28T05:41:30.000Z</time><ele>65</ele></trkpt><trkpt lat="35.021545" lon="126.684722"><time>2026-06-28T05:41:31.000Z</time><ele>65</ele></trkpt><trkpt lat="35.021416" lon="126.684468"><time>2026-06-28T05:41:32.000Z</time><ele>66</ele></trkpt><trkpt lat="35.021295" lon="126.684213"><time>2026-06-28T05:41:33.000Z</time><ele>67</ele></trkpt><trkpt lat="35.021183" lon="126.683954"><time>2026-06-28T05:41:34.000Z</time><ele>69</ele></trkpt><trkpt lat="35.021082" lon="126.683687"><time>2026-06-28T05:41:35.000Z</time><ele>70</ele></trkpt><trkpt lat="35.020989" lon="126.683421"><time>2026-06-28T05:41:36.000Z</time><ele>72</ele></trkpt><trkpt lat="35.020909" lon="126.683149"><time>2026-06-28T05:41:37.000Z</time><ele>73</ele></trkpt><trkpt lat="35.020838" lon="126.682874"><time>2026-06-28T05:41:38.000Z</time><ele>75</ele></trkpt><trkpt lat="35.020777" lon="126.6826"><time>2026-06-28T05:41:39.000Z</time><ele>76</ele></trkpt><trkpt lat="35.020717" lon="126.682332"><time>2026-06-28T05:41:40.000Z</time><ele>77</ele></trkpt><trkpt lat="35.020659" lon="126.682061"><time>2026-06-28T05:41:41.000Z</time><ele>79</ele></trkpt><trkpt lat="35.020602" lon="126.681795"><time>2026-06-28T05:41:42.000Z</time><ele>80</ele></trkpt><trkpt lat="35.020549" lon="126.681532"><time>2026-06-28T05:41:43.000Z</time><ele>81</ele></trkpt><trkpt lat="35.020498" lon="126.681265"><time>2026-06-28T05:41:44.000Z</time><ele>82</ele></trkpt><trkpt lat="35.020444" lon="126.681003"><time>2026-06-28T05:41:45.000Z</time><ele>82</ele></trkpt><trkpt lat="35.020386" lon="126.680741"><time>2026-06-28T05:41:46.000Z</time><ele>81</ele></trkpt><trkpt lat="35.020332" lon="126.680478"><time>2026-06-28T05:41:47.000Z</time><ele>80</ele></trkpt><trkpt lat="35.020276" lon="126.680212"><time>2026-06-28T05:41:48.000Z</time><ele>78</ele></trkpt><trkpt lat="35.020225" lon="126.679955"><time>2026-06-28T05:41:49.000Z</time><ele>77</ele></trkpt><trkpt lat="35.020173" lon="126.67971"><time>2026-06-28T05:41:50.000Z</time><ele>75</ele></trkpt><trkpt lat="35.020125" lon="126.67947"><time>2026-06-28T05:41:51.000Z</time><ele>74</ele></trkpt><trkpt lat="35.020079" lon="126.679238"><time>2026-06-28T05:41:52.000Z</time><ele>73</ele></trkpt><trkpt lat="35.020032" lon="126.679014"><time>2026-06-28T05:41:53.000Z</time><ele>71</ele></trkpt><trkpt lat="35.019983" lon="126.678797"><time>2026-06-28T05:41:54.000Z</time><ele>70</ele></trkpt><trkpt lat="35.019936" lon="126.678584"><time>2026-06-28T05:41:55.000Z</time><ele>69</ele></trkpt><trkpt lat="35.019891" lon="126.678382"><time>2026-06-28T05:41:56.000Z</time><ele>67</ele></trkpt><trkpt lat="35.019845" lon="126.678185"><time>2026-06-28T05:41:57.000Z</time><ele>66</ele></trkpt><trkpt lat="35.019804" lon="126.678"><time>2026-06-28T05:41:58.000Z</time><ele>65</ele></trkpt><trkpt lat="35.019758" lon="126.677828"><time>2026-06-28T05:41:59.000Z</time><ele>65</ele></trkpt><trkpt lat="35.019711" lon="126.677667"><time>2026-06-28T05:42:00.000Z</time><ele>64</ele></trkpt><trkpt lat="35.019671" lon="126.677517"><time>2026-06-28T05:42:01.000Z</time><ele>64</ele></trkpt><trkpt lat="35.019633" lon="126.677383"><time>2026-06-28T05:42:02.000Z</time><ele>63</ele></trkpt><trkpt lat="35.019596" lon="126.677266"><time>2026-06-28T05:42:03.000Z</time><ele>63</ele></trkpt><trkpt lat="35.019566" lon="126.677171"><time>2026-06-28T05:42:04.000Z</time><ele>62</ele></trkpt><trkpt lat="35.019535" lon="126.677091"><time>2026-06-28T05:42:05.000Z</time><ele>62</ele></trkpt><trkpt lat="35.019513" lon="126.677034"><time>2026-06-28T05:42:06.000Z</time><ele>62</ele></trkpt><trkpt lat="35.019495" lon="126.676984"><time>2026-06-28T05:42:07.000Z</time><ele>62</ele></trkpt><trkpt lat="35.01945" lon="126.676879"><time>2026-06-28T05:42:09.000Z</time><ele>61</ele></trkpt><trkpt lat="35.019412" lon="126.676814"><time>2026-06-28T05:42:10.000Z</time><ele>61</ele></trkpt><trkpt lat="35.019364" lon="126.676733"><time>2026-06-28T05:42:11.000Z</time><ele>60</ele></trkpt><trkpt lat="35.01931" lon="126.676642"><time>2026-06-28T05:42:12.000Z</time><ele>60</ele></trkpt><trkpt lat="35.019245" lon="126.676542"><time>2026-06-28T05:42:13.000Z</time><ele>59</ele></trkpt><trkpt lat="35.019169" lon="126.676433"><time>2026-06-28T05:42:14.000Z</time><ele>58</ele></trkpt><trkpt lat="35.019078" lon="126.676322"><time>2026-06-28T05:42:15.000Z</time><ele>58</ele></trkpt><trkpt lat="35.018973" lon="126.676207"><time>2026-06-28T05:42:16.000Z</time><ele>57</ele></trkpt><trkpt lat="35.018863" lon="126.67609"><time>2026-06-28T05:42:17.000Z</time><ele>56</ele></trkpt><trkpt lat="35.018744" lon="126.675965"><time>2026-06-28T05:42:18.000Z</time><ele>55</ele></trkpt><trkpt lat="35.018616" lon="126.675841"><time>2026-06-28T05:42:19.000Z</time><ele>55</ele></trkpt><trkpt lat="35.018478" lon="126.675713"><time>2026-06-28T05:42:20.000Z</time><ele>54</ele></trkpt><trkpt lat="35.018338" lon="126.675578"><time>2026-06-28T05:42:21.000Z</time><ele>54</ele></trkpt><trkpt lat="35.018194" lon="126.675433"><time>2026-06-28T05:42:22.000Z</time><ele>54</ele></trkpt><trkpt lat="35.018044" lon="126.675286"><time>2026-06-28T05:42:23.000Z</time><ele>53</ele></trkpt><trkpt lat="35.017891" lon="126.675149"><time>2026-06-28T05:42:24.000Z</time><ele>52</ele></trkpt><trkpt lat="35.017736" lon="126.675005"><time>2026-06-28T05:42:25.000Z</time><ele>52</ele></trkpt><trkpt lat="35.017571" lon="126.674858"><time>2026-06-28T05:42:26.000Z</time><ele>51</ele></trkpt><trkpt lat="35.017409" lon="126.674704"><time>2026-06-28T05:42:27.000Z</time><ele>51</ele></trkpt><trkpt lat="35.017246" lon="126.674544"><time>2026-06-28T05:42:28.000Z</time><ele>51</ele></trkpt><trkpt lat="35.01708" lon="126.674386"><time>2026-06-28T05:42:29.000Z</time><ele>50</ele></trkpt><trkpt lat="35.01691" lon="126.674229"><time>2026-06-28T05:42:30.000Z</time><ele>51</ele></trkpt><trkpt lat="35.016741" lon="126.67407"><time>2026-06-28T05:42:31.000Z</time><ele>50</ele></trkpt><trkpt lat="35.016565" lon="126.673905"><time>2026-06-28T05:42:32.000Z</time><ele>50</ele></trkpt><trkpt lat="35.01639" lon="126.673742"><time>2026-06-28T05:42:33.000Z</time><ele>50</ele></trkpt><trkpt lat="35.01621" lon="126.673577"><time>2026-06-28T05:42:34.000Z</time><ele>49</ele></trkpt><trkpt lat="35.01603" lon="126.673406"><time>2026-06-28T05:42:35.000Z</time><ele>49</ele></trkpt><trkpt lat="35.015851" lon="126.673236"><time>2026-06-28T05:42:36.000Z</time><ele>48</ele></trkpt><trkpt lat="35.01567" lon="126.673067"><time>2026-06-28T05:42:37.000Z</time><ele>48</ele></trkpt><trkpt lat="35.015486" lon="126.672899"><time>2026-06-28T05:42:38.000Z</time><ele>48</ele></trkpt><trkpt lat="35.015299" lon="126.672733"><time>2026-06-28T05:42:39.000Z</time><ele>47</ele></trkpt><trkpt lat="35.015116" lon="126.672564"><time>2026-06-28T05:42:40.000Z</time><ele>47</ele></trkpt><trkpt lat="35.014932" lon="126.672396"><time>2026-06-28T05:42:41.000Z</time><ele>46</ele></trkpt><trkpt lat="35.014748" lon="126.672223"><time>2026-06-28T05:42:42.000Z</time><ele>46</ele></trkpt><trkpt lat="35.014563" lon="126.672055"><time>2026-06-28T05:42:43.000Z</time><ele>45</ele></trkpt><trkpt lat="35.014372" lon="126.671894"><time>2026-06-28T05:42:44.000Z</time><ele>45</ele></trkpt><trkpt lat="35.014179" lon="126.67173"><time>2026-06-28T05:42:45.000Z</time><ele>44</ele></trkpt><trkpt lat="35.013985" lon="126.671571"><time>2026-06-28T05:42:46.000Z</time><ele>44</ele></trkpt><trkpt lat="35.013792" lon="126.67141"><time>2026-06-28T05:42:47.000Z</time><ele>44</ele></trkpt><trkpt lat="35.0136" lon="126.67125"><time>2026-06-28T05:42:48.000Z</time><ele>43</ele></trkpt><trkpt lat="35.01341" lon="126.671093"><time>2026-06-28T05:42:49.000Z</time><ele>43</ele></trkpt><trkpt lat="35.013223" lon="126.670936"><time>2026-06-28T05:42:50.000Z</time><ele>43</ele></trkpt><trkpt lat="35.013035" lon="126.670778"><time>2026-06-28T05:42:51.000Z</time><ele>43</ele></trkpt><trkpt lat="35.012845" lon="126.670621"><time>2026-06-28T05:42:52.000Z</time><ele>42</ele></trkpt><trkpt lat="35.01266" lon="126.67047"><time>2026-06-28T05:42:53.000Z</time><ele>42</ele></trkpt><trkpt lat="35.012474" lon="126.670318"><time>2026-06-28T05:42:54.000Z</time><ele>42</ele></trkpt><trkpt lat="35.012286" lon="126.670167"><time>2026-06-28T05:42:55.000Z</time><ele>42</ele></trkpt><trkpt lat="35.012102" lon="126.67002"><time>2026-06-28T05:42:56.000Z</time><ele>42</ele></trkpt><trkpt lat="35.011918" lon="126.669873"><time>2026-06-28T05:42:57.000Z</time><ele>42</ele></trkpt><trkpt lat="35.011734" lon="126.669727"><time>2026-06-28T05:42:58.000Z</time><ele>42</ele></trkpt><trkpt lat="35.011553" lon="126.669579"><time>2026-06-28T05:42:59.000Z</time><ele>42</ele></trkpt><trkpt lat="35.011372" lon="126.669432"><time>2026-06-28T05:43:00.000Z</time><ele>42</ele></trkpt><trkpt lat="35.011197" lon="126.669279"><time>2026-06-28T05:43:01.000Z</time><ele>42</ele></trkpt><trkpt lat="35.011034" lon="126.669113"><time>2026-06-28T05:43:02.000Z</time><ele>42</ele></trkpt><trkpt lat="35.010878" lon="126.66893"><time>2026-06-28T05:43:03.000Z</time><ele>42</ele></trkpt><trkpt lat="35.010738" lon="126.668733"><time>2026-06-28T05:43:04.000Z</time><ele>42</ele></trkpt><trkpt lat="35.010613" lon="126.668513"><time>2026-06-28T05:43:05.000Z</time><ele>42</ele></trkpt><trkpt lat="35.010502" lon="126.668284"><time>2026-06-28T05:43:06.000Z</time><ele>42</ele></trkpt><trkpt lat="35.010407" lon="126.668044"><time>2026-06-28T05:43:07.000Z</time><ele>42</ele></trkpt><trkpt lat="35.010326" lon="126.667795"><time>2026-06-28T05:43:08.000Z</time><ele>42</ele></trkpt><trkpt lat="35.010256" lon="126.667539"><time>2026-06-28T05:43:09.000Z</time><ele>42</ele></trkpt><trkpt lat="35.010209" lon="126.66728"><time>2026-06-28T05:43:10.000Z</time><ele>42</ele></trkpt><trkpt lat="35.01018" lon="126.667025"><time>2026-06-28T05:43:11.000Z</time><ele>41</ele></trkpt><trkpt lat="35.010165" lon="126.666772"><time>2026-06-28T05:43:12.000Z</time><ele>41</ele></trkpt><trkpt lat="35.010166" lon="126.666528"><time>2026-06-28T05:43:13.000Z</time><ele>41</ele></trkpt><trkpt lat="35.010174" lon="126.666281"><time>2026-06-28T05:43:14.000Z</time><ele>42</ele></trkpt><trkpt lat="35.010203" lon="126.666034"><time>2026-06-28T05:43:15.000Z</time><ele>42</ele></trkpt><trkpt lat="35.010254" lon="126.665791"><time>2026-06-28T05:43:16.000Z</time><ele>41</ele></trkpt><trkpt lat="35.010325" lon="126.665557"><time>2026-06-28T05:43:17.000Z</time><ele>42</ele></trkpt><trkpt lat="35.010407" lon="126.665327"><time>2026-06-28T05:43:18.000Z</time><ele>42</ele></trkpt><trkpt lat="35.010486" lon="126.665097"><time>2026-06-28T05:43:19.000Z</time><ele>43</ele></trkpt><trkpt lat="35.010559" lon="126.66486"><time>2026-06-28T05:43:20.000Z</time><ele>43</ele></trkpt><trkpt lat="35.010627" lon="126.664616"><time>2026-06-28T05:43:21.000Z</time><ele>43</ele></trkpt><trkpt lat="35.010695" lon="126.664369"><time>2026-06-28T05:43:22.000Z</time><ele>44</ele></trkpt><trkpt lat="35.010767" lon="126.66412"><time>2026-06-28T05:43:23.000Z</time><ele>45</ele></trkpt><trkpt lat="35.010841" lon="126.663868"><time>2026-06-28T05:43:24.000Z</time><ele>46</ele></trkpt><trkpt lat="35.010915" lon="126.663616"><time>2026-06-28T05:43:25.000Z</time><ele>46</ele></trkpt><trkpt lat="35.010992" lon="126.663363"><time>2026-06-28T05:43:26.000Z</time><ele>47</ele></trkpt><trkpt lat="35.011069" lon="126.663108"><time>2026-06-28T05:43:27.000Z</time><ele>48</ele></trkpt><trkpt lat="35.011145" lon="126.662853"><time>2026-06-28T05:43:28.000Z</time><ele>49</ele></trkpt><trkpt lat="35.01122" lon="126.662592"><time>2026-06-28T05:43:29.000Z</time><ele>49</ele></trkpt><trkpt lat="35.011295" lon="126.662329"><time>2026-06-28T05:43:30.000Z</time><ele>50</ele></trkpt><trkpt lat="35.011374" lon="126.662062"><time>2026-06-28T05:43:31.000Z</time><ele>50</ele></trkpt><trkpt lat="35.011455" lon="126.661794"><time>2026-06-28T05:43:32.000Z</time><ele>51</ele></trkpt><trkpt lat="35.01154" lon="126.661526"><time>2026-06-28T05:43:33.000Z</time><ele>52</ele></trkpt><trkpt lat="35.01162" lon="126.661258"><time>2026-06-28T05:43:34.000Z</time><ele>53</ele></trkpt><trkpt lat="35.011698" lon="126.66099"><time>2026-06-28T05:43:35.000Z</time><ele>53</ele></trkpt><trkpt lat="35.011776" lon="126.660718"><time>2026-06-28T05:43:36.000Z</time><ele>54</ele></trkpt><trkpt lat="35.011853" lon="126.660445"><time>2026-06-28T05:43:37.000Z</time><ele>54</ele></trkpt><trkpt lat="35.01193" lon="126.660172"><time>2026-06-28T05:43:38.000Z</time><ele>55</ele></trkpt><trkpt lat="35.012011" lon="126.659898"><time>2026-06-28T05:43:39.000Z</time><ele>56</ele></trkpt><trkpt lat="35.012093" lon="126.659622"><time>2026-06-28T05:43:40.000Z</time><ele>56</ele></trkpt><trkpt lat="35.01218" lon="126.659345"><time>2026-06-28T05:43:41.000Z</time><ele>57</ele></trkpt><trkpt lat="35.012268" lon="126.659067"><time>2026-06-28T05:43:42.000Z</time><ele>58</ele></trkpt><trkpt lat="35.012359" lon="126.658789"><time>2026-06-28T05:43:43.000Z</time><ele>58</ele></trkpt><trkpt lat="35.012455" lon="126.658514"><time>2026-06-28T05:43:44.000Z</time><ele>59</ele></trkpt><trkpt lat="35.012563" lon="126.658247"><time>2026-06-28T05:43:45.000Z</time><ele>60</ele></trkpt><trkpt lat="35.012678" lon="126.657987"><time>2026-06-28T05:43:46.000Z</time><ele>61</ele></trkpt><trkpt lat="35.012796" lon="126.657729"><time>2026-06-28T05:43:47.000Z</time><ele>62</ele></trkpt><trkpt lat="35.012922" lon="126.657478"><time>2026-06-28T05:43:48.000Z</time><ele>63</ele></trkpt><trkpt lat="35.013055" lon="126.657234"><time>2026-06-28T05:43:49.000Z</time><ele>63</ele></trkpt><trkpt lat="35.013193" lon="126.656994"><time>2026-06-28T05:43:50.000Z</time><ele>64</ele></trkpt><trkpt lat="35.013329" lon="126.656753"><time>2026-06-28T05:43:51.000Z</time><ele>64</ele></trkpt><trkpt lat="35.013459" lon="126.656513"><time>2026-06-28T05:43:52.000Z</time><ele>64</ele></trkpt><trkpt lat="35.013588" lon="126.656266"><time>2026-06-28T05:43:53.000Z</time><ele>64</ele></trkpt><trkpt lat="35.013718" lon="126.656023"><time>2026-06-28T05:43:54.000Z</time><ele>64</ele></trkpt><trkpt lat="35.013854" lon="126.655781"><time>2026-06-28T05:43:55.000Z</time><ele>64</ele></trkpt><trkpt lat="35.01399" lon="126.655541"><time>2026-06-28T05:43:56.000Z</time><ele>63</ele></trkpt><trkpt lat="35.01413" lon="126.6553"><time>2026-06-28T05:43:57.000Z</time><ele>63</ele></trkpt><trkpt lat="35.014266" lon="126.65506"><time>2026-06-28T05:43:58.000Z</time><ele>63</ele></trkpt><trkpt lat="35.014398" lon="126.654813"><time>2026-06-28T05:43:59.000Z</time><ele>63</ele></trkpt><trkpt lat="35.014519" lon="126.654565"><time>2026-06-28T05:44:00.000Z</time><ele>62</ele></trkpt><trkpt lat="35.014627" lon="126.654313"><time>2026-06-28T05:44:01.000Z</time><ele>62</ele></trkpt><trkpt lat="35.014724" lon="126.654055"><time>2026-06-28T05:44:02.000Z</time><ele>62</ele></trkpt><trkpt lat="35.014815" lon="126.65378"><time>2026-06-28T05:44:03.000Z</time><ele>61</ele></trkpt><trkpt lat="35.014894" lon="126.653506"><time>2026-06-28T05:44:04.000Z</time><ele>60</ele></trkpt><trkpt lat="35.014961" lon="126.653229"><time>2026-06-28T05:44:05.000Z</time><ele>59</ele></trkpt><trkpt lat="35.015026" lon="126.652947"><time>2026-06-28T05:44:06.000Z</time><ele>58</ele></trkpt><trkpt lat="35.015091" lon="126.652665"><time>2026-06-28T05:44:07.000Z</time><ele>58</ele></trkpt><trkpt lat="35.015158" lon="126.652375"><time>2026-06-28T05:44:08.000Z</time><ele>58</ele></trkpt><trkpt lat="35.015224" lon="126.652091"><time>2026-06-28T05:44:09.000Z</time><ele>57</ele></trkpt><trkpt lat="35.015293" lon="126.6518"><time>2026-06-28T05:44:10.000Z</time><ele>57</ele></trkpt><trkpt lat="35.015359" lon="126.651507"><time>2026-06-28T05:44:11.000Z</time><ele>56</ele></trkpt><trkpt lat="35.015428" lon="126.651217"><time>2026-06-28T05:44:12.000Z</time><ele>56</ele></trkpt><trkpt lat="35.015501" lon="126.650923"><time>2026-06-28T05:44:13.000Z</time><ele>56</ele></trkpt><trkpt lat="35.015577" lon="126.650633"><time>2026-06-28T05:44:14.000Z</time><ele>56</ele></trkpt><trkpt lat="35.015652" lon="126.650347"><time>2026-06-28T05:44:15.000Z</time><ele>56</ele></trkpt><trkpt lat="35.015727" lon="126.650062"><time>2026-06-28T05:44:16.000Z</time><ele>56</ele></trkpt><trkpt lat="35.015812" lon="126.649783"><time>2026-06-28T05:44:17.000Z</time><ele>56</ele></trkpt><trkpt lat="35.015906" lon="126.649511"><time>2026-06-28T05:44:18.000Z</time><ele>56</ele></trkpt><trkpt lat="35.016008" lon="126.649246"><time>2026-06-28T05:44:19.000Z</time><ele>55</ele></trkpt><trkpt lat="35.01612" lon="126.648997"><time>2026-06-28T05:44:20.000Z</time><ele>55</ele></trkpt><trkpt lat="35.016236" lon="126.64875"><time>2026-06-28T05:44:21.000Z</time><ele>54</ele></trkpt><trkpt lat="35.016348" lon="126.648511"><time>2026-06-28T05:44:22.000Z</time><ele>54</ele></trkpt><trkpt lat="35.016462" lon="126.64827"><time>2026-06-28T05:44:23.000Z</time><ele>53</ele></trkpt><trkpt lat="35.016578" lon="126.648032"><time>2026-06-28T05:44:24.000Z</time><ele>53</ele></trkpt><trkpt lat="35.016694" lon="126.6478"><time>2026-06-28T05:44:25.000Z</time><ele>53</ele></trkpt><trkpt lat="35.016803" lon="126.647566"><time>2026-06-28T05:44:26.000Z</time><ele>52</ele></trkpt><trkpt lat="35.016911" lon="126.647331"><time>2026-06-28T05:44:27.000Z</time><ele>52</ele></trkpt><trkpt lat="35.017021" lon="126.647098"><time>2026-06-28T05:44:28.000Z</time><ele>53</ele></trkpt><trkpt lat="35.01713" lon="126.646865"><time>2026-06-28T05:44:29.000Z</time><ele>53</ele></trkpt><trkpt lat="35.01724" lon="126.646632"><time>2026-06-28T05:44:30.000Z</time><ele>53</ele></trkpt><trkpt lat="35.017344" lon="126.646399"><time>2026-06-28T05:44:31.000Z</time><ele>53</ele></trkpt><trkpt lat="35.01745" lon="126.646167"><time>2026-06-28T05:44:32.000Z</time><ele>52</ele></trkpt><trkpt lat="35.017554" lon="126.645933"><time>2026-06-28T05:44:33.000Z</time><ele>53</ele></trkpt><trkpt lat="35.017658" lon="126.645706"><time>2026-06-28T05:44:34.000Z</time><ele>53</ele></trkpt><trkpt lat="35.01777" lon="126.64548"><time>2026-06-28T05:44:35.000Z</time><ele>52</ele></trkpt><trkpt lat="35.01788" lon="126.645251"><time>2026-06-28T05:44:36.000Z</time><ele>52</ele></trkpt><trkpt lat="35.017988" lon="126.645019"><time>2026-06-28T05:44:37.000Z</time><ele>51</ele></trkpt><trkpt lat="35.018095" lon="126.644784"><time>2026-06-28T05:44:38.000Z</time><ele>52</ele></trkpt><trkpt lat="35.018207" lon="126.644545"><time>2026-06-28T05:44:39.000Z</time><ele>51</ele></trkpt><trkpt lat="35.01832" lon="126.644305"><time>2026-06-28T05:44:40.000Z</time><ele>51</ele></trkpt><trkpt lat="35.018432" lon="126.644066"><time>2026-06-28T05:44:41.000Z</time><ele>51</ele></trkpt><trkpt lat="35.018546" lon="126.643822"><time>2026-06-28T05:44:42.000Z</time><ele>51</ele></trkpt><trkpt lat="35.018659" lon="126.643576"><time>2026-06-28T05:44:43.000Z</time><ele>51</ele></trkpt><trkpt lat="35.018776" lon="126.643328"><time>2026-06-28T05:44:44.000Z</time><ele>51</ele></trkpt><trkpt lat="35.018895" lon="126.643081"><time>2026-06-28T05:44:45.000Z</time><ele>50</ele></trkpt><trkpt lat="35.01901" lon="126.642835"><time>2026-06-28T05:44:46.000Z</time><ele>50</ele></trkpt><trkpt lat="35.019122" lon="126.642589"><time>2026-06-28T05:44:47.000Z</time><ele>50</ele></trkpt><trkpt lat="35.019237" lon="126.642343"><time>2026-06-28T05:44:48.000Z</time><ele>49</ele></trkpt><trkpt lat="35.019352" lon="126.642099"><time>2026-06-28T05:44:49.000Z</time><ele>49</ele></trkpt><trkpt lat="35.019468" lon="126.641855"><time>2026-06-28T05:44:50.000Z</time><ele>49</ele></trkpt><trkpt lat="35.019583" lon="126.641611"><time>2026-06-28T05:44:51.000Z</time><ele>49</ele></trkpt><trkpt lat="35.019697" lon="126.641371"><time>2026-06-28T05:44:52.000Z</time><ele>48</ele></trkpt><trkpt lat="35.01981" lon="126.641133"><time>2026-06-28T05:44:53.000Z</time><ele>48</ele></trkpt><trkpt lat="35.019921" lon="126.640896"><time>2026-06-28T05:44:54.000Z</time><ele>48</ele></trkpt><trkpt lat="35.020034" lon="126.640663"><time>2026-06-28T05:44:55.000Z</time><ele>48</ele></trkpt><trkpt lat="35.020146" lon="126.640432"><time>2026-06-28T05:44:56.000Z</time><ele>48</ele></trkpt><trkpt lat="35.020256" lon="126.640204"><time>2026-06-28T05:44:57.000Z</time><ele>47</ele></trkpt><trkpt lat="35.020365" lon="126.639978"><time>2026-06-28T05:44:58.000Z</time><ele>48</ele></trkpt><trkpt lat="35.020469" lon="126.639753"><time>2026-06-28T05:44:59.000Z</time><ele>47</ele></trkpt><trkpt lat="35.02057" lon="126.639529"><time>2026-06-28T05:45:00.000Z</time><ele>48</ele></trkpt><trkpt lat="35.020672" lon="126.639305"><time>2026-06-28T05:45:01.000Z</time><ele>48</ele></trkpt><trkpt lat="35.020767" lon="126.639077"><time>2026-06-28T05:45:02.000Z</time><ele>48</ele></trkpt><trkpt lat="35.020863" lon="126.63885"><time>2026-06-28T05:45:03.000Z</time><ele>48</ele></trkpt><trkpt lat="35.020962" lon="126.638629"><time>2026-06-28T05:45:04.000Z</time><ele>48</ele></trkpt><trkpt lat="35.021063" lon="126.638411"><time>2026-06-28T05:45:05.000Z</time><ele>48</ele></trkpt><trkpt lat="35.021159" lon="126.638192"><time>2026-06-28T05:45:06.000Z</time><ele>48</ele></trkpt><trkpt lat="35.021255" lon="126.637975"><time>2026-06-28T05:45:07.000Z</time><ele>47</ele></trkpt><trkpt lat="35.02135" lon="126.637768"><time>2026-06-28T05:45:08.000Z</time><ele>47</ele></trkpt><trkpt lat="35.021443" lon="126.637568"><time>2026-06-28T05:45:09.000Z</time><ele>47</ele></trkpt><trkpt lat="35.021537" lon="126.63737"><time>2026-06-28T05:45:10.000Z</time><ele>47</ele></trkpt><trkpt lat="35.02163" lon="126.637175"><time>2026-06-28T05:45:11.000Z</time><ele>47</ele></trkpt><trkpt lat="35.021719" lon="126.636982"><time>2026-06-28T05:45:12.000Z</time><ele>47</ele></trkpt><trkpt lat="35.021806" lon="126.63679"><time>2026-06-28T05:45:13.000Z</time><ele>47</ele></trkpt><trkpt lat="35.021897" lon="126.636602"><time>2026-06-28T05:45:14.000Z</time><ele>47</ele></trkpt><trkpt lat="35.021984" lon="126.636416"><time>2026-06-28T05:45:15.000Z</time><ele>47</ele></trkpt><trkpt lat="35.022075" lon="126.636227"><time>2026-06-28T05:45:16.000Z</time><ele>47</ele></trkpt><trkpt lat="35.022163" lon="126.636036"><time>2026-06-28T05:45:17.000Z</time><ele>48</ele></trkpt><trkpt lat="35.022254" lon="126.635839"><time>2026-06-28T05:45:18.000Z</time><ele>48</ele></trkpt><trkpt lat="35.022351" lon="126.635641"><time>2026-06-28T05:45:19.000Z</time><ele>49</ele></trkpt><trkpt lat="35.022456" lon="126.635435"><time>2026-06-28T05:45:20.000Z</time><ele>49</ele></trkpt><trkpt lat="35.022564" lon="126.635227"><time>2026-06-28T05:45:21.000Z</time><ele>49</ele></trkpt><trkpt lat="35.022671" lon="126.635014"><time>2026-06-28T05:45:22.000Z</time><ele>50</ele></trkpt><trkpt lat="35.022778" lon="126.634794"><time>2026-06-28T05:45:23.000Z</time><ele>51</ele></trkpt><trkpt lat="35.022882" lon="126.63457"><time>2026-06-28T05:45:24.000Z</time><ele>52</ele></trkpt><trkpt lat="35.022985" lon="126.634342"><time>2026-06-28T05:45:25.000Z</time><ele>53</ele></trkpt><trkpt lat="35.023091" lon="126.63411"><time>2026-06-28T05:45:26.000Z</time><ele>54</ele></trkpt><trkpt lat="35.0232" lon="126.633883"><time>2026-06-28T05:45:27.000Z</time><ele>55</ele></trkpt><trkpt lat="35.023307" lon="126.633652"><time>2026-06-28T05:45:28.000Z</time><ele>56</ele></trkpt><trkpt lat="35.023415" lon="126.63342"><time>2026-06-28T05:45:29.000Z</time><ele>57</ele></trkpt><trkpt lat="35.023523" lon="126.633187"><time>2026-06-28T05:45:30.000Z</time><ele>58</ele></trkpt><trkpt lat="35.023626" lon="126.632958"><time>2026-06-28T05:45:31.000Z</time><ele>59</ele></trkpt><trkpt lat="35.023723" lon="126.632736"><time>2026-06-28T05:45:32.000Z</time><ele>60</ele></trkpt><trkpt lat="35.023817" lon="126.632518"><time>2026-06-28T05:45:33.000Z</time><ele>61</ele></trkpt><trkpt lat="35.023902" lon="126.632296"><time>2026-06-28T05:45:34.000Z</time><ele>61</ele></trkpt><trkpt lat="35.023971" lon="126.632068"><time>2026-06-28T05:45:35.000Z</time><ele>61</ele></trkpt><trkpt lat="35.024028" lon="126.631835"><time>2026-06-28T05:45:36.000Z</time><ele>60</ele></trkpt><trkpt lat="35.024075" lon="126.631599"><time>2026-06-28T05:45:37.000Z</time><ele>59</ele></trkpt><trkpt lat="35.024113" lon="126.631355"><time>2026-06-28T05:45:38.000Z</time><ele>59</ele></trkpt><trkpt lat="35.024142" lon="126.631109"><time>2026-06-28T05:45:39.000Z</time><ele>58</ele></trkpt><trkpt lat="35.024169" lon="126.630861"><time>2026-06-28T05:45:40.000Z</time><ele>58</ele></trkpt><trkpt lat="35.024199" lon="126.630611"><time>2026-06-28T05:45:41.000Z</time><ele>57</ele></trkpt><trkpt lat="35.024228" lon="126.630355"><time>2026-06-28T05:45:42.000Z</time><ele>56</ele></trkpt><trkpt lat="35.02426" lon="126.630096"><time>2026-06-28T05:45:43.000Z</time><ele>55</ele></trkpt><trkpt lat="35.024291" lon="126.629837"><time>2026-06-28T05:45:44.000Z</time><ele>54</ele></trkpt><trkpt lat="35.024325" lon="126.629578"><time>2026-06-28T05:45:45.000Z</time><ele>53</ele></trkpt><trkpt lat="35.024362" lon="126.629315"><time>2026-06-28T05:45:46.000Z</time><ele>52</ele></trkpt><trkpt lat="35.024394" lon="126.629055"><time>2026-06-28T05:45:47.000Z</time><ele>52</ele></trkpt><trkpt lat="35.024422" lon="126.628793"><time>2026-06-28T05:45:48.000Z</time><ele>52</ele></trkpt><trkpt lat="35.024451" lon="126.628521"><time>2026-06-28T05:45:49.000Z</time><ele>51</ele></trkpt><trkpt lat="35.024482" lon="126.628252"><time>2026-06-28T05:45:50.000Z</time><ele>51</ele></trkpt><trkpt lat="35.024518" lon="126.627984"><time>2026-06-28T05:45:51.000Z</time><ele>50</ele></trkpt><trkpt lat="35.024553" lon="126.627714"><time>2026-06-28T05:45:52.000Z</time><ele>50</ele></trkpt><trkpt lat="35.024589" lon="126.627442"><time>2026-06-28T05:45:53.000Z</time><ele>49</ele></trkpt><trkpt lat="35.024623" lon="126.627166"><time>2026-06-28T05:45:54.000Z</time><ele>48</ele></trkpt><trkpt lat="35.024658" lon="126.626893"><time>2026-06-28T05:45:55.000Z</time><ele>48</ele></trkpt><trkpt lat="35.024691" lon="126.626623"><time>2026-06-28T05:45:56.000Z</time><ele>47</ele></trkpt><trkpt lat="35.024728" lon="126.626359"><time>2026-06-28T05:45:57.000Z</time><ele>47</ele></trkpt><trkpt lat="35.024762" lon="126.626092"><time>2026-06-28T05:45:58.000Z</time><ele>46</ele></trkpt><trkpt lat="35.024791" lon="126.625829"><time>2026-06-28T05:45:59.000Z</time><ele>46</ele></trkpt><trkpt lat="35.024823" lon="126.625564"><time>2026-06-28T05:46:00.000Z</time><ele>46</ele></trkpt><trkpt lat="35.024855" lon="126.625302"><time>2026-06-28T05:46:01.000Z</time><ele>45</ele></trkpt><trkpt lat="35.024887" lon="126.625037"><time>2026-06-28T05:46:02.000Z</time><ele>45</ele></trkpt><trkpt lat="35.02492" lon="126.624775"><time>2026-06-28T05:46:03.000Z</time><ele>45</ele></trkpt><trkpt lat="35.024953" lon="126.62451"><time>2026-06-28T05:46:04.000Z</time><ele>44</ele></trkpt><trkpt lat="35.024985" lon="126.624246"><time>2026-06-28T05:46:05.000Z</time><ele>44</ele></trkpt><trkpt lat="35.025019" lon="126.623986"><time>2026-06-28T05:46:06.000Z</time><ele>44</ele></trkpt><trkpt lat="35.025054" lon="126.623725"><time>2026-06-28T05:46:07.000Z</time><ele>44</ele></trkpt><trkpt lat="35.025092" lon="126.623463"><time>2026-06-28T05:46:08.000Z</time><ele>43</ele></trkpt><trkpt lat="35.025131" lon="126.623201"><time>2026-06-28T05:46:09.000Z</time><ele>43</ele></trkpt><trkpt lat="35.025167" lon="126.62294"><time>2026-06-28T05:46:10.000Z</time><ele>43</ele></trkpt><trkpt lat="35.025208" lon="126.622679"><time>2026-06-28T05:46:11.000Z</time><ele>42</ele></trkpt><trkpt lat="35.025246" lon="126.622419"><time>2026-06-28T05:46:12.000Z</time><ele>42</ele></trkpt><trkpt lat="35.025291" lon="126.622165"><time>2026-06-28T05:46:13.000Z</time><ele>42</ele></trkpt><trkpt lat="35.02535" lon="126.621912"><time>2026-06-28T05:46:14.000Z</time><ele>42</ele></trkpt><trkpt lat="35.025421" lon="126.621663"><time>2026-06-28T05:46:15.000Z</time><ele>42</ele></trkpt><trkpt lat="35.025502" lon="126.621413"><time>2026-06-28T05:46:16.000Z</time><ele>42</ele></trkpt><trkpt lat="35.025592" lon="126.621168"><time>2026-06-28T05:46:17.000Z</time><ele>42</ele></trkpt><trkpt lat="35.02568" lon="126.620928"><time>2026-06-28T05:46:18.000Z</time><ele>42</ele></trkpt><trkpt lat="35.02577" lon="126.620687"><time>2026-06-28T05:46:19.000Z</time><ele>42</ele></trkpt><trkpt lat="35.025859" lon="126.620447"><time>2026-06-28T05:46:20.000Z</time><ele>42</ele></trkpt><trkpt lat="35.025949" lon="126.620207"><time>2026-06-28T05:46:21.000Z</time><ele>42</ele></trkpt><trkpt lat="35.026035" lon="126.61997"><time>2026-06-28T05:46:22.000Z</time><ele>42</ele></trkpt><trkpt lat="35.026127" lon="126.61973"><time>2026-06-28T05:46:23.000Z</time><ele>42</ele></trkpt><trkpt lat="35.026217" lon="126.619492"><time>2026-06-28T05:46:24.000Z</time><ele>42</ele></trkpt><trkpt lat="35.02631" lon="126.619256"><time>2026-06-28T05:46:25.000Z</time><ele>42</ele></trkpt><trkpt lat="35.026405" lon="126.619024"><time>2026-06-28T05:46:26.000Z</time><ele>42</ele></trkpt><trkpt lat="35.026495" lon="126.618787"><time>2026-06-28T05:46:27.000Z</time><ele>42</ele></trkpt><trkpt lat="35.026587" lon="126.618551"><time>2026-06-28T05:46:28.000Z</time><ele>42</ele></trkpt><trkpt lat="35.027029" lon="126.617406"><time>2026-06-28T05:46:33.000Z</time><ele>42</ele></trkpt><trkpt lat="35.027112" lon="126.617199"><time>2026-06-28T05:46:34.000Z</time><ele>42</ele></trkpt><trkpt lat="35.027189" lon="126.617"><time>2026-06-28T05:46:35.000Z</time><ele>42</ele></trkpt><trkpt lat="35.027266" lon="126.616806"><time>2026-06-28T05:46:36.000Z</time><ele>42</ele></trkpt><trkpt lat="35.027338" lon="126.616619"><time>2026-06-28T05:46:37.000Z</time><ele>42</ele></trkpt><trkpt lat="35.02741" lon="126.616437"><time>2026-06-28T05:46:38.000Z</time><ele>42</ele></trkpt><trkpt lat="35.027475" lon="126.616261"><time>2026-06-28T05:46:39.000Z</time><ele>42</ele></trkpt><trkpt lat="35.027539" lon="126.616096"><time>2026-06-28T05:46:40.000Z</time><ele>41</ele></trkpt><trkpt lat="35.027598" lon="126.615942"><time>2026-06-28T05:46:41.000Z</time><ele>41</ele></trkpt><trkpt lat="35.02765" lon="126.615801"><time>2026-06-28T05:46:42.000Z</time><ele>41</ele></trkpt><trkpt lat="35.0277" lon="126.615674"><time>2026-06-28T05:46:43.000Z</time><ele>41</ele></trkpt><trkpt lat="35.027741" lon="126.615564"><time>2026-06-28T05:46:44.000Z</time><ele>41</ele></trkpt><trkpt lat="35.027779" lon="126.615472"><time>2026-06-28T05:46:45.000Z</time><ele>41</ele></trkpt><trkpt lat="35.027809" lon="126.615394"><time>2026-06-28T05:46:46.000Z</time><ele>41</ele></trkpt><trkpt lat="35.027834" lon="126.615332"><time>2026-06-28T05:46:47.000Z</time><ele>42</ele></trkpt><trkpt lat="35.027868" lon="126.615252"><time>2026-06-28T05:46:49.000Z</time><ele>41</ele></trkpt><trkpt lat="35.027886" lon="126.615192"><time>2026-06-28T05:46:52.000Z</time><ele>42</ele></trkpt><trkpt lat="35.027909" lon="126.615097"><time>2026-06-28T05:46:56.000Z</time><ele>42</ele></trkpt><trkpt lat="35.027936" lon="126.615026"><time>2026-06-28T05:46:57.000Z</time><ele>42</ele></trkpt><trkpt lat="35.027968" lon="126.614947"><time>2026-06-28T05:46:58.000Z</time><ele>41</ele></trkpt><trkpt lat="35.028007" lon="126.61486"><time>2026-06-28T05:46:59.000Z</time><ele>41</ele></trkpt><trkpt lat="35.028046" lon="126.614748"><time>2026-06-28T05:47:00.000Z</time><ele>41</ele></trkpt><trkpt lat="35.028086" lon="126.614618"><time>2026-06-28T05:47:01.000Z</time><ele>41</ele></trkpt><trkpt lat="35.02813" lon="126.614473"><time>2026-06-28T05:47:02.000Z</time><ele>42</ele></trkpt><trkpt lat="35.028186" lon="126.614317"><time>2026-06-28T05:47:03.000Z</time><ele>41</ele></trkpt><trkpt lat="35.028242" lon="126.61415"><time>2026-06-28T05:47:04.000Z</time><ele>42</ele></trkpt><trkpt lat="35.028297" lon="126.613971"><time>2026-06-28T05:47:05.000Z</time><ele>42</ele></trkpt><trkpt lat="35.028358" lon="126.61378"><time>2026-06-28T05:47:06.000Z</time><ele>42</ele></trkpt><trkpt lat="35.028422" lon="126.613579"><time>2026-06-28T05:47:07.000Z</time><ele>42</ele></trkpt><trkpt lat="35.028489" lon="126.613371"><time>2026-06-28T05:47:08.000Z</time><ele>42</ele></trkpt><trkpt lat="35.028555" lon="126.613161"><time>2026-06-28T05:47:09.000Z</time><ele>42</ele></trkpt><trkpt lat="35.028621" lon="126.612947"><time>2026-06-28T05:47:10.000Z</time><ele>43</ele></trkpt><trkpt lat="35.02869" lon="126.612722"><time>2026-06-28T05:47:11.000Z</time><ele>43</ele></trkpt><trkpt lat="35.028761" lon="126.612488"><time>2026-06-28T05:47:12.000Z</time><ele>43</ele></trkpt><trkpt lat="35.028837" lon="126.612256"><time>2026-06-28T05:47:13.000Z</time><ele>42</ele></trkpt><trkpt lat="35.028914" lon="126.612023"><time>2026-06-28T05:47:14.000Z</time><ele>42</ele></trkpt><trkpt lat="35.028994" lon="126.611791"><time>2026-06-28T05:47:15.000Z</time><ele>42</ele></trkpt><trkpt lat="35.02907" lon="126.611555"><time>2026-06-28T05:47:16.000Z</time><ele>42</ele></trkpt><trkpt lat="35.029146" lon="126.611313"><time>2026-06-28T05:47:17.000Z</time><ele>41</ele></trkpt><trkpt lat="35.029222" lon="126.611065"><time>2026-06-28T05:47:18.000Z</time><ele>42</ele></trkpt><trkpt lat="35.029296" lon="126.610817"><time>2026-06-28T05:47:19.000Z</time><ele>42</ele></trkpt><trkpt lat="35.029367" lon="126.610569"><time>2026-06-28T05:47:20.000Z</time><ele>43</ele></trkpt><trkpt lat="35.029432" lon="126.610318"><time>2026-06-28T05:47:21.000Z</time><ele>43</ele></trkpt><trkpt lat="35.029491" lon="126.610066"><time>2026-06-28T05:47:22.000Z</time><ele>43</ele></trkpt><trkpt lat="35.029549" lon="126.609814"><time>2026-06-28T05:47:23.000Z</time><ele>43</ele></trkpt><trkpt lat="35.029604" lon="126.609562"><time>2026-06-28T05:47:24.000Z</time><ele>43</ele></trkpt><trkpt lat="35.029657" lon="126.60931"><time>2026-06-28T05:47:25.000Z</time><ele>43</ele></trkpt><trkpt lat="35.029709" lon="126.609053"><time>2026-06-28T05:47:26.000Z</time><ele>43</ele></trkpt><trkpt lat="35.029759" lon="126.608795"><time>2026-06-28T05:47:27.000Z</time><ele>42</ele></trkpt><trkpt lat="35.029803" lon="126.608533"><time>2026-06-28T05:47:28.000Z</time><ele>42</ele></trkpt><trkpt lat="35.029846" lon="126.608268"><time>2026-06-28T05:47:29.000Z</time><ele>42</ele></trkpt><trkpt lat="35.029889" lon="126.607999"><time>2026-06-28T05:47:30.000Z</time><ele>42</ele></trkpt><trkpt lat="35.029927" lon="126.607731"><time>2026-06-28T05:47:31.000Z</time><ele>42</ele></trkpt><trkpt lat="35.029964" lon="126.607457"><time>2026-06-28T05:47:32.000Z</time><ele>41</ele></trkpt><trkpt lat="35.030006" lon="126.607182"><time>2026-06-28T05:47:33.000Z</time><ele>41</ele></trkpt><trkpt lat="35.030045" lon="126.606908"><time>2026-06-28T05:47:34.000Z</time><ele>41</ele></trkpt><trkpt lat="35.03009" lon="126.60663"><time>2026-06-28T05:47:35.000Z</time><ele>41</ele></trkpt><trkpt lat="35.030133" lon="126.606353"><time>2026-06-28T05:47:36.000Z</time><ele>41</ele></trkpt><trkpt lat="35.030175" lon="126.606076"><time>2026-06-28T05:47:37.000Z</time><ele>41</ele></trkpt><trkpt lat="35.030212" lon="126.6058"><time>2026-06-28T05:47:38.000Z</time><ele>41</ele></trkpt><trkpt lat="35.030251" lon="126.605521"><time>2026-06-28T05:47:39.000Z</time><ele>40</ele></trkpt><trkpt lat="35.030293" lon="126.605244"><time>2026-06-28T05:47:40.000Z</time><ele>40</ele></trkpt><trkpt lat="35.030336" lon="126.604967"><time>2026-06-28T05:47:41.000Z</time><ele>40</ele></trkpt><trkpt lat="35.03038" lon="126.604688"><time>2026-06-28T05:47:42.000Z</time><ele>39</ele></trkpt><trkpt lat="35.030426" lon="126.604408"><time>2026-06-28T05:47:43.000Z</time><ele>39</ele></trkpt><trkpt lat="35.030466" lon="126.604128"><time>2026-06-28T05:47:44.000Z</time><ele>39</ele></trkpt><trkpt lat="35.030502" lon="126.603845"><time>2026-06-28T05:47:45.000Z</time><ele>38</ele></trkpt><trkpt lat="35.030534" lon="126.603561"><time>2026-06-28T05:47:46.000Z</time><ele>38</ele></trkpt><trkpt lat="35.030564" lon="126.603275"><time>2026-06-28T05:47:47.000Z</time><ele>38</ele></trkpt><trkpt lat="35.030587" lon="126.602986"><time>2026-06-28T05:47:48.000Z</time><ele>37</ele></trkpt><trkpt lat="35.030602" lon="126.602695"><time>2026-06-28T05:47:49.000Z</time><ele>37</ele></trkpt><trkpt lat="35.030606" lon="126.602401"><time>2026-06-28T05:47:50.000Z</time><ele>37</ele></trkpt><trkpt lat="35.030611" lon="126.602108"><time>2026-06-28T05:47:51.000Z</time><ele>36</ele></trkpt><trkpt lat="35.030615" lon="126.601818"><time>2026-06-28T05:47:52.000Z</time><ele>36</ele></trkpt><trkpt lat="35.030622" lon="126.601523"><time>2026-06-28T05:47:53.000Z</time><ele>36</ele></trkpt><trkpt lat="35.030626" lon="126.601229"><time>2026-06-28T05:47:54.000Z</time><ele>36</ele></trkpt><trkpt lat="35.030636" lon="126.600934"><time>2026-06-28T05:47:55.000Z</time><ele>36</ele></trkpt><trkpt lat="35.030642" lon="126.600637"><time>2026-06-28T05:47:56.000Z</time><ele>36</ele></trkpt><trkpt lat="35.030648" lon="126.600343"><time>2026-06-28T05:47:57.000Z</time><ele>36</ele></trkpt><trkpt lat="35.030653" lon="126.600046"><time>2026-06-28T05:47:58.000Z</time><ele>36</ele></trkpt><trkpt lat="35.030657" lon="126.599756"><time>2026-06-28T05:47:59.000Z</time><ele>37</ele></trkpt><trkpt lat="35.030664" lon="126.599462"><time>2026-06-28T05:48:00.000Z</time><ele>37</ele></trkpt><trkpt lat="35.030668" lon="126.599169"><time>2026-06-28T05:48:01.000Z</time><ele>37</ele></trkpt><trkpt lat="35.030673" lon="126.598878"><time>2026-06-28T05:48:02.000Z</time><ele>37</ele></trkpt><trkpt lat="35.030679" lon="126.598587"><time>2026-06-28T05:48:03.000Z</time><ele>37</ele></trkpt><trkpt lat="35.030686" lon="126.598295"><time>2026-06-28T05:48:04.000Z</time><ele>37</ele></trkpt><trkpt lat="35.030692" lon="126.598008"><time>2026-06-28T05:48:05.000Z</time><ele>37</ele></trkpt><trkpt lat="35.030702" lon="126.597717"><time>2026-06-28T05:48:06.000Z</time><ele>37</ele></trkpt><trkpt lat="35.030713" lon="126.597427"><time>2026-06-28T05:48:07.000Z</time><ele>37</ele></trkpt><trkpt lat="35.030723" lon="126.597138"><time>2026-06-28T05:48:08.000Z</time><ele>37</ele></trkpt><trkpt lat="35.030734" lon="126.596847"><time>2026-06-28T05:48:09.000Z</time><ele>37</ele></trkpt><trkpt lat="35.030748" lon="126.596554"><time>2026-06-28T05:48:10.000Z</time><ele>37</ele></trkpt><trkpt lat="35.030763" lon="126.596265"><time>2026-06-28T05:48:11.000Z</time><ele>37</ele></trkpt><trkpt lat="35.030779" lon="126.595976"><time>2026-06-28T05:48:12.000Z</time><ele>38</ele></trkpt><trkpt lat="35.030791" lon="126.595685"><time>2026-06-28T05:48:13.000Z</time><ele>38</ele></trkpt><trkpt lat="35.030801" lon="126.595395"><time>2026-06-28T05:48:14.000Z</time><ele>38</ele></trkpt><trkpt lat="35.030812" lon="126.595104"><time>2026-06-28T05:48:15.000Z</time><ele>38</ele></trkpt><trkpt lat="35.030824" lon="126.594815"><time>2026-06-28T05:48:16.000Z</time><ele>38</ele></trkpt><trkpt lat="35.030838" lon="126.594531"><time>2026-06-28T05:48:17.000Z</time><ele>38</ele></trkpt><trkpt lat="35.030851" lon="126.594248"><time>2026-06-28T05:48:18.000Z</time><ele>39</ele></trkpt><trkpt lat="35.030867" lon="126.593959"><time>2026-06-28T05:48:19.000Z</time><ele>39</ele></trkpt><trkpt lat="35.03088" lon="126.593671"><time>2026-06-28T05:48:20.000Z</time><ele>39</ele></trkpt><trkpt lat="35.030894" lon="126.593386"><time>2026-06-28T05:48:21.000Z</time><ele>39</ele></trkpt><trkpt lat="35.030909" lon="126.593099"><time>2026-06-28T05:48:22.000Z</time><ele>39</ele></trkpt><trkpt lat="35.030924" lon="126.592816"><time>2026-06-28T05:48:23.000Z</time><ele>39</ele></trkpt><trkpt lat="35.030943" lon="126.592532"><time>2026-06-28T05:48:24.000Z</time><ele>39</ele></trkpt><trkpt lat="35.030966" lon="126.592248"><time>2026-06-28T05:48:25.000Z</time><ele>39</ele></trkpt><trkpt lat="35.030995" lon="126.591965"><time>2026-06-28T05:48:26.000Z</time><ele>40</ele></trkpt><trkpt lat="35.031031" lon="126.591683"><time>2026-06-28T05:48:27.000Z</time><ele>40</ele></trkpt><trkpt lat="35.031076" lon="126.591401"><time>2026-06-28T05:48:28.000Z</time><ele>41</ele></trkpt><trkpt lat="35.03113" lon="126.591127"><time>2026-06-28T05:48:29.000Z</time><ele>42</ele></trkpt><trkpt lat="35.031192" lon="126.590857"><time>2026-06-28T05:48:30.000Z</time><ele>43</ele></trkpt><trkpt lat="35.031259" lon="126.590591"><time>2026-06-28T05:48:31.000Z</time><ele>45</ele></trkpt><trkpt lat="35.031331" lon="126.590332"><time>2026-06-28T05:48:32.000Z</time><ele>46</ele></trkpt><trkpt lat="35.031399" lon="126.590074"><time>2026-06-28T05:48:33.000Z</time><ele>47</ele></trkpt><trkpt lat="35.031468" lon="126.589811"><time>2026-06-28T05:48:34.000Z</time><ele>47</ele></trkpt><trkpt lat="35.03154" lon="126.589552"><time>2026-06-28T05:48:35.000Z</time><ele>48</ele></trkpt><trkpt lat="35.031606" lon="126.589293"><time>2026-06-28T05:48:36.000Z</time><ele>49</ele></trkpt><trkpt lat="35.03167" lon="126.58903"><time>2026-06-28T05:48:37.000Z</time><ele>49</ele></trkpt><trkpt lat="35.031732" lon="126.588762"><time>2026-06-28T05:48:38.000Z</time><ele>49</ele></trkpt><trkpt lat="35.031787" lon="126.588493"><time>2026-06-28T05:48:39.000Z</time><ele>49</ele></trkpt><trkpt lat="35.03184" lon="126.588227"><time>2026-06-28T05:48:40.000Z</time><ele>50</ele></trkpt><trkpt lat="35.031894" lon="126.587959"><time>2026-06-28T05:48:41.000Z</time><ele>50</ele></trkpt><trkpt lat="35.031949" lon="126.58769"><time>2026-06-28T05:48:42.000Z</time><ele>51</ele></trkpt><trkpt lat="35.032006" lon="126.587424"><time>2026-06-28T05:48:43.000Z</time><ele>51</ele></trkpt><trkpt lat="35.032062" lon="126.587153"><time>2026-06-28T05:48:44.000Z</time><ele>51</ele></trkpt><trkpt lat="35.032116" lon="126.586883"><time>2026-06-28T05:48:45.000Z</time><ele>51</ele></trkpt><trkpt lat="35.032169" lon="126.586612"><time>2026-06-28T05:48:46.000Z</time><ele>51</ele></trkpt><trkpt lat="35.032218" lon="126.586342"><time>2026-06-28T05:48:47.000Z</time><ele>51</ele></trkpt><trkpt lat="35.032268" lon="126.586077"><time>2026-06-28T05:48:48.000Z</time><ele>51</ele></trkpt><trkpt lat="35.032323" lon="126.585815"><time>2026-06-28T05:48:49.000Z</time><ele>52</ele></trkpt><trkpt lat="35.032373" lon="126.585548"><time>2026-06-28T05:48:50.000Z</time><ele>52</ele></trkpt><trkpt lat="35.032425" lon="126.585287"><time>2026-06-28T05:48:51.000Z</time><ele>52</ele></trkpt><trkpt lat="35.032478" lon="126.585035"><time>2026-06-28T05:48:52.000Z</time><ele>52</ele></trkpt><trkpt lat="35.032527" lon="126.584783"><time>2026-06-28T05:48:53.000Z</time><ele>51</ele></trkpt><trkpt lat="35.032574" lon="126.584528"><time>2026-06-28T05:48:54.000Z</time><ele>51</ele></trkpt><trkpt lat="35.032618" lon="126.584274"><time>2026-06-28T05:48:55.000Z</time><ele>52</ele></trkpt><trkpt lat="35.032663" lon="126.584017"><time>2026-06-28T05:48:56.000Z</time><ele>51</ele></trkpt><trkpt lat="35.032706" lon="126.583759"><time>2026-06-28T05:48:57.000Z</time><ele>51</ele></trkpt><trkpt lat="35.032753" lon="126.583502"><time>2026-06-28T05:48:58.000Z</time><ele>51</ele></trkpt><trkpt lat="35.032811" lon="126.583247"><time>2026-06-28T05:48:59.000Z</time><ele>52</ele></trkpt><trkpt lat="35.032881" lon="126.582997"><time>2026-06-28T05:49:00.000Z</time><ele>52</ele></trkpt><trkpt lat="35.032961" lon="126.582755"><time>2026-06-28T05:49:01.000Z</time><ele>53</ele></trkpt><trkpt lat="35.033056" lon="126.582525"><time>2026-06-28T05:49:02.000Z</time><ele>53</ele></trkpt><trkpt lat="35.033158" lon="126.582301"><time>2026-06-28T05:49:03.000Z</time><ele>54</ele></trkpt><trkpt lat="35.033272" lon="126.582079"><time>2026-06-28T05:49:04.000Z</time><ele>54</ele></trkpt><trkpt lat="35.033383" lon="126.581859"><time>2026-06-28T05:49:05.000Z</time><ele>54</ele></trkpt><trkpt lat="35.033491" lon="126.581636"><time>2026-06-28T05:49:06.000Z</time><ele>55</ele></trkpt><trkpt lat="35.033598" lon="126.581416"><time>2026-06-28T05:49:07.000Z</time><ele>55</ele></trkpt><trkpt lat="35.033704" lon="126.581191"><time>2026-06-28T05:49:08.000Z</time><ele>56</ele></trkpt><trkpt lat="35.033809" lon="126.580965"><time>2026-06-28T05:49:09.000Z</time><ele>57</ele></trkpt><trkpt lat="35.033911" lon="126.580741"><time>2026-06-28T05:49:10.000Z</time><ele>57</ele></trkpt><trkpt lat="35.034013" lon="126.580518"><time>2026-06-28T05:49:11.000Z</time><ele>58</ele></trkpt><trkpt lat="35.03411" lon="126.580297"><time>2026-06-28T05:49:12.000Z</time><ele>58</ele></trkpt><trkpt lat="35.034203" lon="126.580076"><time>2026-06-28T05:49:13.000Z</time><ele>59</ele></trkpt><trkpt lat="35.034285" lon="126.579851"><time>2026-06-28T05:49:14.000Z</time><ele>60</ele></trkpt><trkpt lat="35.034357" lon="126.579622"><time>2026-06-28T05:49:15.000Z</time><ele>61</ele></trkpt><trkpt lat="35.034421" lon="126.579392"><time>2026-06-28T05:49:16.000Z</time><ele>61</ele></trkpt><trkpt lat="35.034473" lon="126.579161"><time>2026-06-28T05:49:17.000Z</time><ele>61</ele></trkpt><trkpt lat="35.034515" lon="126.578927"><time>2026-06-28T05:49:18.000Z</time><ele>60</ele></trkpt><trkpt lat="35.034543" lon="126.578688"><time>2026-06-28T05:49:19.000Z</time><ele>60</ele></trkpt><trkpt lat="35.034563" lon="126.578447"><time>2026-06-28T05:49:20.000Z</time><ele>60</ele></trkpt><trkpt lat="35.03458" lon="126.578211"><time>2026-06-28T05:49:21.000Z</time><ele>60</ele></trkpt><trkpt lat="35.034587" lon="126.577971"><time>2026-06-28T05:49:22.000Z</time><ele>60</ele></trkpt><trkpt lat="35.034594" lon="126.57773"><time>2026-06-28T05:49:23.000Z</time><ele>59</ele></trkpt><trkpt lat="35.034599" lon="126.577486"><time>2026-06-28T05:49:24.000Z</time><ele>59</ele></trkpt><trkpt lat="35.034607" lon="126.57724"><time>2026-06-28T05:49:25.000Z</time><ele>59</ele></trkpt><trkpt lat="35.034613" lon="126.576994"><time>2026-06-28T05:49:26.000Z</time><ele>59</ele></trkpt><trkpt lat="35.034619" lon="126.576746"><time>2026-06-28T05:49:27.000Z</time><ele>60</ele></trkpt><trkpt lat="35.034622" lon="126.576499"><time>2026-06-28T05:49:28.000Z</time><ele>60</ele></trkpt><trkpt lat="35.034627" lon="126.576249"><time>2026-06-28T05:49:29.000Z</time><ele>61</ele></trkpt><trkpt lat="35.034633" lon="126.575996"><time>2026-06-28T05:49:30.000Z</time><ele>61</ele></trkpt><trkpt lat="35.034637" lon="126.575741"><time>2026-06-28T05:49:31.000Z</time><ele>62</ele></trkpt><trkpt lat="35.034643" lon="126.575486"><time>2026-06-28T05:49:32.000Z</time><ele>62</ele></trkpt><trkpt lat="35.034649" lon="126.57523"><time>2026-06-28T05:49:33.000Z</time><ele>63</ele></trkpt><trkpt lat="35.034656" lon="126.574972"><time>2026-06-28T05:49:34.000Z</time><ele>63</ele></trkpt><trkpt lat="35.034661" lon="126.57471"><time>2026-06-28T05:49:35.000Z</time><ele>63</ele></trkpt><trkpt lat="35.034665" lon="126.574445"><time>2026-06-28T05:49:36.000Z</time><ele>64</ele></trkpt><trkpt lat="35.034671" lon="126.574181"><time>2026-06-28T05:49:37.000Z</time><ele>65</ele></trkpt><trkpt lat="35.034685" lon="126.573913"><time>2026-06-28T05:49:38.000Z</time><ele>65</ele></trkpt><trkpt lat="35.034693" lon="126.573648"><time>2026-06-28T05:49:39.000Z</time><ele>67</ele></trkpt><trkpt lat="35.034698" lon="126.573381"><time>2026-06-28T05:49:40.000Z</time><ele>67</ele></trkpt><trkpt lat="35.034707" lon="126.573117"><time>2026-06-28T05:49:41.000Z</time><ele>68</ele></trkpt><trkpt lat="35.034718" lon="126.57285"><time>2026-06-28T05:49:42.000Z</time><ele>68</ele></trkpt><trkpt lat="35.034731" lon="126.572589"><time>2026-06-28T05:49:43.000Z</time><ele>68</ele></trkpt><trkpt lat="35.034747" lon="126.572334"><time>2026-06-28T05:49:44.000Z</time><ele>69</ele></trkpt><trkpt lat="35.034776" lon="126.572083"><time>2026-06-28T05:49:45.000Z</time><ele>69</ele></trkpt><trkpt lat="35.034818" lon="126.571832"><time>2026-06-28T05:49:46.000Z</time><ele>69</ele></trkpt><trkpt lat="35.034868" lon="126.571582"><time>2026-06-28T05:49:47.000Z</time><ele>69</ele></trkpt><trkpt lat="35.034929" lon="126.571334"><time>2026-06-28T05:49:48.000Z</time><ele>67</ele></trkpt><trkpt lat="35.034995" lon="126.571085"><time>2026-06-28T05:49:49.000Z</time><ele>66</ele></trkpt><trkpt lat="35.035081" lon="126.570846"><time>2026-06-28T05:49:50.000Z</time><ele>65</ele></trkpt><trkpt lat="35.03517" lon="126.570608"><time>2026-06-28T05:49:51.000Z</time><ele>64</ele></trkpt><trkpt lat="35.035261" lon="126.570369"><time>2026-06-28T05:49:52.000Z</time><ele>63</ele></trkpt><trkpt lat="35.035362" lon="126.570129"><time>2026-06-28T05:49:53.000Z</time><ele>62</ele></trkpt><trkpt lat="35.035461" lon="126.569891"><time>2026-06-28T05:49:54.000Z</time><ele>62</ele></trkpt><trkpt lat="35.035557" lon="126.569651"><time>2026-06-28T05:49:55.000Z</time><ele>61</ele></trkpt><trkpt lat="35.035648" lon="126.569409"><time>2026-06-28T05:49:56.000Z</time><ele>61</ele></trkpt><trkpt lat="35.035727" lon="126.569161"><time>2026-06-28T05:49:57.000Z</time><ele>61</ele></trkpt><trkpt lat="35.035797" lon="126.568909"><time>2026-06-28T05:49:58.000Z</time><ele>60</ele></trkpt><trkpt lat="35.035853" lon="126.568655"><time>2026-06-28T05:49:59.000Z</time><ele>59</ele></trkpt><trkpt lat="35.035902" lon="126.568397"><time>2026-06-28T05:50:00.000Z</time><ele>59</ele></trkpt><trkpt lat="35.035941" lon="126.568142"><time>2026-06-28T05:50:01.000Z</time><ele>58</ele></trkpt><trkpt lat="35.035965" lon="126.567887"><time>2026-06-28T05:50:02.000Z</time><ele>58</ele></trkpt><trkpt lat="35.03598" lon="126.567633"><time>2026-06-28T05:50:03.000Z</time><ele>57</ele></trkpt><trkpt lat="35.035987" lon="126.567379"><time>2026-06-28T05:50:04.000Z</time><ele>57</ele></trkpt><trkpt lat="35.035981" lon="126.56713"><time>2026-06-28T05:50:05.000Z</time><ele>56</ele></trkpt><trkpt lat="35.035968" lon="126.566878"><time>2026-06-28T05:50:06.000Z</time><ele>55</ele></trkpt><trkpt lat="35.035949" lon="126.566627"><time>2026-06-28T05:50:07.000Z</time><ele>54</ele></trkpt><trkpt lat="35.035921" lon="126.566377"><time>2026-06-28T05:50:08.000Z</time><ele>53</ele></trkpt><trkpt lat="35.035886" lon="126.566126"><time>2026-06-28T05:50:09.000Z</time><ele>53</ele></trkpt><trkpt lat="35.035846" lon="126.565879"><time>2026-06-28T05:50:10.000Z</time><ele>52</ele></trkpt><trkpt lat="35.035799" lon="126.565638"><time>2026-06-28T05:50:11.000Z</time><ele>51</ele></trkpt><trkpt lat="35.035742" lon="126.565397"><time>2026-06-28T05:50:12.000Z</time><ele>51</ele></trkpt><trkpt lat="35.035685" lon="126.565159"><time>2026-06-28T05:50:13.000Z</time><ele>51</ele></trkpt><trkpt lat="35.035626" lon="126.564921"><time>2026-06-28T05:50:14.000Z</time><ele>50</ele></trkpt><trkpt lat="35.035571" lon="126.564687"><time>2026-06-28T05:50:15.000Z</time><ele>50</ele></trkpt><trkpt lat="35.035511" lon="126.564456"><time>2026-06-28T05:50:16.000Z</time><ele>50</ele></trkpt><trkpt lat="35.035445" lon="126.564223"><time>2026-06-28T05:50:17.000Z</time><ele>49</ele></trkpt><trkpt lat="35.03538" lon="126.563994"><time>2026-06-28T05:50:18.000Z</time><ele>49</ele></trkpt><trkpt lat="35.035314" lon="126.563763"><time>2026-06-28T05:50:19.000Z</time><ele>49</ele></trkpt><trkpt lat="35.03525" lon="126.563533"><time>2026-06-28T05:50:20.000Z</time><ele>49</ele></trkpt><trkpt lat="35.035191" lon="126.563303"><time>2026-06-28T05:50:21.000Z</time><ele>49</ele></trkpt><trkpt lat="35.035129" lon="126.563076"><time>2026-06-28T05:50:22.000Z</time><ele>49</ele></trkpt><trkpt lat="35.035062" lon="126.562847"><time>2026-06-28T05:50:23.000Z</time><ele>49</ele></trkpt><trkpt lat="35.034996" lon="126.56262"><time>2026-06-28T05:50:24.000Z</time><ele>49</ele></trkpt><trkpt lat="35.034934" lon="126.562393"><time>2026-06-28T05:50:25.000Z</time><ele>49</ele></trkpt><trkpt lat="35.034876" lon="126.562159"><time>2026-06-28T05:50:26.000Z</time><ele>49</ele></trkpt><trkpt lat="35.034815" lon="126.561928"><time>2026-06-28T05:50:27.000Z</time><ele>49</ele></trkpt><trkpt lat="35.034751" lon="126.561692"><time>2026-06-28T05:50:28.000Z</time><ele>49</ele></trkpt><trkpt lat="35.034688" lon="126.561455"><time>2026-06-28T05:50:29.000Z</time><ele>50</ele></trkpt><trkpt lat="35.034626" lon="126.561218"><time>2026-06-28T05:50:30.000Z</time><ele>50</ele></trkpt><trkpt lat="35.034565" lon="126.560981"><time>2026-06-28T05:50:31.000Z</time><ele>49</ele></trkpt><trkpt lat="35.034502" lon="126.560748"><time>2026-06-28T05:50:32.000Z</time><ele>49</ele></trkpt><trkpt lat="35.034438" lon="126.560513"><time>2026-06-28T05:50:33.000Z</time><ele>50</ele></trkpt><trkpt lat="35.034377" lon="126.560275"><time>2026-06-28T05:50:34.000Z</time><ele>50</ele></trkpt><trkpt lat="35.034316" lon="126.560037"><time>2026-06-28T05:50:35.000Z</time><ele>50</ele></trkpt><trkpt lat="35.034258" lon="126.559799"><time>2026-06-28T05:50:36.000Z</time><ele>50</ele></trkpt><trkpt lat="35.034202" lon="126.559559"><time>2026-06-28T05:50:37.000Z</time><ele>50</ele></trkpt><trkpt lat="35.034144" lon="126.559324"><time>2026-06-28T05:50:38.000Z</time><ele>50</ele></trkpt><trkpt lat="35.034077" lon="126.559091"><time>2026-06-28T05:50:39.000Z</time><ele>50</ele></trkpt><trkpt lat="35.034014" lon="126.558855"><time>2026-06-28T05:50:40.000Z</time><ele>49</ele></trkpt><trkpt lat="35.033953" lon="126.55862"><time>2026-06-28T05:50:41.000Z</time><ele>49</ele></trkpt><trkpt lat="35.033891" lon="126.558384"><time>2026-06-28T05:50:42.000Z</time><ele>49</ele></trkpt><trkpt lat="35.033828" lon="126.55815"><time>2026-06-28T05:50:43.000Z</time><ele>49</ele></trkpt><trkpt lat="35.033764" lon="126.557912"><time>2026-06-28T05:50:44.000Z</time><ele>48</ele></trkpt><trkpt lat="35.033703" lon="126.55767"><time>2026-06-28T05:50:45.000Z</time><ele>48</ele></trkpt><trkpt lat="35.033644" lon="126.557426"><time>2026-06-28T05:50:46.000Z</time><ele>48</ele></trkpt><trkpt lat="35.033586" lon="126.557183"><time>2026-06-28T05:50:47.000Z</time><ele>48</ele></trkpt><trkpt lat="35.033528" lon="126.556933"><time>2026-06-28T05:50:48.000Z</time><ele>48</ele></trkpt><trkpt lat="35.033467" lon="126.556687"><time>2026-06-28T05:50:49.000Z</time><ele>48</ele></trkpt><trkpt lat="35.033401" lon="126.556443"><time>2026-06-28T05:50:50.000Z</time><ele>48</ele></trkpt><trkpt lat="35.033337" lon="126.556198"><time>2026-06-28T05:50:51.000Z</time><ele>48</ele></trkpt><trkpt lat="35.033269" lon="126.55595"><time>2026-06-28T05:50:52.000Z</time><ele>47</ele></trkpt><trkpt lat="35.033202" lon="126.5557"><time>2026-06-28T05:50:53.000Z</time><ele>47</ele></trkpt><trkpt lat="35.033136" lon="126.555449"><time>2026-06-28T05:50:54.000Z</time><ele>46</ele></trkpt><trkpt lat="35.033069" lon="126.555195"><time>2026-06-28T05:50:55.000Z</time><ele>45</ele></trkpt><trkpt lat="35.033003" lon="126.554939"><time>2026-06-28T05:50:56.000Z</time><ele>44</ele></trkpt><trkpt lat="35.032932" lon="126.554683"><time>2026-06-28T05:50:57.000Z</time><ele>44</ele></trkpt><trkpt lat="35.032862" lon="126.554424"><time>2026-06-28T05:50:58.000Z</time><ele>43</ele></trkpt><trkpt lat="35.032793" lon="126.554165"><time>2026-06-28T05:50:59.000Z</time><ele>42</ele></trkpt><trkpt lat="35.032723" lon="126.553908"><time>2026-06-28T05:51:00.000Z</time><ele>42</ele></trkpt><trkpt lat="35.032657" lon="126.55365"><time>2026-06-28T05:51:01.000Z</time><ele>41</ele></trkpt><trkpt lat="35.032587" lon="126.553394"><time>2026-06-28T05:51:02.000Z</time><ele>41</ele></trkpt><trkpt lat="35.032524" lon="126.553141"><time>2026-06-28T05:51:03.000Z</time><ele>40</ele></trkpt><trkpt lat="35.032462" lon="126.552893"><time>2026-06-28T05:51:04.000Z</time><ele>40</ele></trkpt><trkpt lat="35.032399" lon="126.552649"><time>2026-06-28T05:51:05.000Z</time><ele>39</ele></trkpt><trkpt lat="35.032338" lon="126.552404"><time>2026-06-28T05:51:06.000Z</time><ele>39</ele></trkpt><trkpt lat="35.032276" lon="126.552168"><time>2026-06-28T05:51:07.000Z</time><ele>39</ele></trkpt><trkpt lat="35.032218" lon="126.551933"><time>2026-06-28T05:51:08.000Z</time><ele>38</ele></trkpt><trkpt lat="35.03216" lon="126.551698"><time>2026-06-28T05:51:09.000Z</time><ele>38</ele></trkpt><trkpt lat="35.0321" lon="126.551463"><time>2026-06-28T05:51:10.000Z</time><ele>38</ele></trkpt><trkpt lat="35.032041" lon="126.551228"><time>2026-06-28T05:51:11.000Z</time><ele>38</ele></trkpt><trkpt lat="35.031982" lon="126.550993"><time>2026-06-28T05:51:12.000Z</time><ele>37</ele></trkpt><trkpt lat="35.031926" lon="126.550762"><time>2026-06-28T05:51:13.000Z</time><ele>37</ele></trkpt><trkpt lat="35.031868" lon="126.55053"><time>2026-06-28T05:51:14.000Z</time><ele>37</ele></trkpt><trkpt lat="35.031809" lon="126.550301"><time>2026-06-28T05:51:15.000Z</time><ele>37</ele></trkpt><trkpt lat="35.031747" lon="126.55007"><time>2026-06-28T05:51:16.000Z</time><ele>37</ele></trkpt><trkpt lat="35.031681" lon="126.549844"><time>2026-06-28T05:51:17.000Z</time><ele>37</ele></trkpt><trkpt lat="35.031614" lon="126.549617"><time>2026-06-28T05:51:18.000Z</time><ele>37</ele></trkpt><trkpt lat="35.031547" lon="126.549392"><time>2026-06-28T05:51:19.000Z</time><ele>36</ele></trkpt><trkpt lat="35.031475" lon="126.549168"><time>2026-06-28T05:51:20.000Z</time><ele>36</ele></trkpt><trkpt lat="35.031402" lon="126.548944"><time>2026-06-28T05:51:21.000Z</time><ele>36</ele></trkpt><trkpt lat="35.031325" lon="126.548725"><time>2026-06-28T05:51:22.000Z</time><ele>36</ele></trkpt><trkpt lat="35.031243" lon="126.548511"><time>2026-06-28T05:51:23.000Z</time><ele>36</ele></trkpt><trkpt lat="35.031161" lon="126.548315"><time>2026-06-28T05:51:24.000Z</time><ele>36</ele></trkpt><trkpt lat="35.031079" lon="126.548134"><time>2026-06-28T05:51:25.000Z</time><ele>36</ele></trkpt><trkpt lat="35.031006" lon="126.547972"><time>2026-06-28T05:51:26.000Z</time><ele>36</ele></trkpt><trkpt lat="35.030935" lon="126.547837"><time>2026-06-28T05:51:27.000Z</time><ele>36</ele></trkpt><trkpt lat="35.030877" lon="126.547725"><time>2026-06-28T05:51:28.000Z</time><ele>36</ele></trkpt><trkpt lat="35.030831" lon="126.547637"><time>2026-06-28T05:51:29.000Z</time><ele>36</ele></trkpt><trkpt lat="35.03079" lon="126.547574"><time>2026-06-28T05:51:30.000Z</time><ele>36</ele></trkpt><trkpt lat="35.03075" lon="126.547508"><time>2026-06-28T05:51:32.000Z</time><ele>35</ele></trkpt><trkpt lat="35.030733" lon="126.547451"><time>2026-06-28T05:51:44.000Z</time><ele>35</ele></trkpt><trkpt lat="35.030689" lon="126.547357"><time>2026-06-28T05:52:06.000Z</time><ele>35</ele></trkpt><trkpt lat="35.030653" lon="126.547294"><time>2026-06-28T05:52:07.000Z</time><ele>35</ele></trkpt><trkpt lat="35.030607" lon="126.547219"><time>2026-06-28T05:52:08.000Z</time><ele>35</ele></trkpt><trkpt lat="35.030554" lon="126.547135"><time>2026-06-28T05:52:09.000Z</time><ele>35</ele></trkpt><trkpt lat="35.030492" lon="126.54704"><time>2026-06-28T05:52:10.000Z</time><ele>36</ele></trkpt><trkpt lat="35.030425" lon="126.546934"><time>2026-06-28T05:52:11.000Z</time><ele>36</ele></trkpt><trkpt lat="35.030354" lon="126.546823"><time>2026-06-28T05:52:12.000Z</time><ele>36</ele></trkpt><trkpt lat="35.030282" lon="126.546712"><time>2026-06-28T05:52:13.000Z</time><ele>36</ele></trkpt><trkpt lat="35.030204" lon="126.54659"><time>2026-06-28T05:52:14.000Z</time><ele>36</ele></trkpt><trkpt lat="35.030117" lon="126.546461"><time>2026-06-28T05:52:15.000Z</time><ele>36</ele></trkpt><trkpt lat="35.030032" lon="126.546329"><time>2026-06-28T05:52:16.000Z</time><ele>36</ele></trkpt><trkpt lat="35.029938" lon="126.546196"><time>2026-06-28T05:52:17.000Z</time><ele>36</ele></trkpt><trkpt lat="35.029835" lon="126.546062"><time>2026-06-28T05:52:18.000Z</time><ele>36</ele></trkpt><trkpt lat="35.029733" lon="126.545923"><time>2026-06-28T05:52:19.000Z</time><ele>36</ele></trkpt><trkpt lat="35.029633" lon="126.545781"><time>2026-06-28T05:52:20.000Z</time><ele>36</ele></trkpt><trkpt lat="35.029529" lon="126.545632"><time>2026-06-28T05:52:21.000Z</time><ele>37</ele></trkpt><trkpt lat="35.029426" lon="126.545484"><time>2026-06-28T05:52:22.000Z</time><ele>37</ele></trkpt><trkpt lat="35.029321" lon="126.545337"><time>2026-06-28T05:52:23.000Z</time><ele>37</ele></trkpt><trkpt lat="35.029212" lon="126.545186"><time>2026-06-28T05:52:24.000Z</time><ele>37</ele></trkpt><trkpt lat="35.029102" lon="126.545031"><time>2026-06-28T05:52:25.000Z</time><ele>37</ele></trkpt><trkpt lat="35.02899" lon="126.544878"><time>2026-06-28T05:52:26.000Z</time><ele>37</ele></trkpt><trkpt lat="35.028884" lon="126.544729"><time>2026-06-28T05:52:27.000Z</time><ele>36</ele></trkpt><trkpt lat="35.028782" lon="126.54458"><time>2026-06-28T05:52:28.000Z</time><ele>35</ele></trkpt><trkpt lat="35.028681" lon="126.544435"><time>2026-06-28T05:52:29.000Z</time><ele>35</ele></trkpt><trkpt lat="35.028581" lon="126.544296"><time>2026-06-28T05:52:30.000Z</time><ele>35</ele></trkpt><trkpt lat="35.028482" lon="126.544162"><time>2026-06-28T05:52:31.000Z</time><ele>34</ele></trkpt><trkpt lat="35.028384" lon="126.544029"><time>2026-06-28T05:52:32.000Z</time><ele>34</ele></trkpt><trkpt lat="35.02829" lon="126.543895"><time>2026-06-28T05:52:33.000Z</time><ele>33</ele></trkpt><trkpt lat="35.0282" lon="126.543768"><time>2026-06-28T05:52:34.000Z</time><ele>33</ele></trkpt><trkpt lat="35.028111" lon="126.543641"><time>2026-06-28T05:52:35.000Z</time><ele>33</ele></trkpt><trkpt lat="35.028023" lon="126.543514"><time>2026-06-28T05:52:36.000Z</time><ele>33</ele></trkpt><trkpt lat="35.027939" lon="126.54339"><time>2026-06-28T05:52:37.000Z</time><ele>32</ele></trkpt><trkpt lat="35.027857" lon="126.543269"><time>2026-06-28T05:52:38.000Z</time><ele>32</ele></trkpt><trkpt lat="35.027776" lon="126.543146"><time>2026-06-28T05:52:39.000Z</time><ele>32</ele></trkpt><trkpt lat="35.027698" lon="126.543027"><time>2026-06-28T05:52:40.000Z</time><ele>32</ele></trkpt><trkpt lat="35.027623" lon="126.542909"><time>2026-06-28T05:52:41.000Z</time><ele>31</ele></trkpt><trkpt lat="35.027547" lon="126.542796"><time>2026-06-28T05:52:42.000Z</time><ele>31</ele></trkpt><trkpt lat="35.027473" lon="126.542688"><time>2026-06-28T05:52:43.000Z</time><ele>31</ele></trkpt><trkpt lat="35.027397" lon="126.542582"><time>2026-06-28T05:52:44.000Z</time><ele>31</ele></trkpt><trkpt lat="35.027325" lon="126.542481"><time>2026-06-28T05:52:45.000Z</time><ele>31</ele></trkpt><trkpt lat="35.027252" lon="126.542382"><time>2026-06-28T05:52:46.000Z</time><ele>31</ele></trkpt><trkpt lat="35.027187" lon="126.542292"><time>2026-06-28T05:52:47.000Z</time><ele>31</ele></trkpt><trkpt lat="35.027129" lon="126.542205"><time>2026-06-28T05:52:48.000Z</time><ele>31</ele></trkpt><trkpt lat="35.027077" lon="126.542124"><time>2026-06-28T05:52:49.000Z</time><ele>31</ele></trkpt><trkpt lat="35.027031" lon="126.542053"><time>2026-06-28T05:52:50.000Z</time><ele>31</ele></trkpt><trkpt lat="35.026989" lon="126.541997"><time>2026-06-28T05:52:51.000Z</time><ele>31</ele></trkpt><trkpt lat="35.026953" lon="126.541951"><time>2026-06-28T05:52:52.000Z</time><ele>31</ele></trkpt><trkpt lat="35.026909" lon="126.54189"><time>2026-06-28T05:52:54.000Z</time><ele>31</ele></trkpt><trkpt lat="35.026881" lon="126.541841"><time>2026-06-28T05:52:58.000Z</time><ele>31</ele></trkpt><trkpt lat="35.026848" lon="126.541778"><time>2026-06-28T05:53:01.000Z</time><ele>30</ele></trkpt><trkpt lat="35.026817" lon="126.54173"><time>2026-06-28T05:53:02.000Z</time><ele>30</ele></trkpt><trkpt lat="35.026775" lon="126.54168"><time>2026-06-28T05:53:03.000Z</time><ele>30</ele></trkpt><trkpt lat="35.026722" lon="126.541625"><time>2026-06-28T05:53:04.000Z</time><ele>31</ele></trkpt><trkpt lat="35.02666" lon="126.541549"><time>2026-06-28T05:53:05.000Z</time><ele>31</ele></trkpt><trkpt lat="35.026592" lon="126.541462"><time>2026-06-28T05:53:06.000Z</time><ele>31</ele></trkpt><trkpt lat="35.026523" lon="126.54137"><time>2026-06-28T05:53:07.000Z</time><ele>30</ele></trkpt><trkpt lat="35.026444" lon="126.54127"><time>2026-06-28T05:53:08.000Z</time><ele>30</ele></trkpt><trkpt lat="35.026363" lon="126.541157"><time>2026-06-28T05:53:09.000Z</time><ele>30</ele></trkpt><trkpt lat="35.026275" lon="126.541036"><time>2026-06-28T05:53:10.000Z</time><ele>30</ele></trkpt><trkpt lat="35.026186" lon="126.540911"><time>2026-06-28T05:53:11.000Z</time><ele>30</ele></trkpt><trkpt lat="35.026097" lon="126.540781"><time>2026-06-28T05:53:12.000Z</time><ele>30</ele></trkpt><trkpt lat="35.026" lon="126.540648"><time>2026-06-28T05:53:13.000Z</time><ele>30</ele></trkpt><trkpt lat="35.025905" lon="126.540512"><time>2026-06-28T05:53:14.000Z</time><ele>30</ele></trkpt><trkpt lat="35.025807" lon="126.540374"><time>2026-06-28T05:53:15.000Z</time><ele>30</ele></trkpt><trkpt lat="35.025708" lon="126.540232"><time>2026-06-28T05:53:16.000Z</time><ele>30</ele></trkpt><trkpt lat="35.025608" lon="126.540085"><time>2026-06-28T05:53:17.000Z</time><ele>30</ele></trkpt><trkpt lat="35.025508" lon="126.539941"><time>2026-06-28T05:53:18.000Z</time><ele>30</ele></trkpt><trkpt lat="35.025406" lon="126.539798"><time>2026-06-28T05:53:19.000Z</time><ele>30</ele></trkpt><trkpt lat="35.0253" lon="126.539653"><time>2026-06-28T05:53:20.000Z</time><ele>30</ele></trkpt><trkpt lat="35.025198" lon="126.539505"><time>2026-06-28T05:53:21.000Z</time><ele>30</ele></trkpt><trkpt lat="35.025091" lon="126.539356"><time>2026-06-28T05:53:22.000Z</time><ele>30</ele></trkpt><trkpt lat="35.024984" lon="126.539203"><time>2026-06-28T05:53:23.000Z</time><ele>30</ele></trkpt><trkpt lat="35.024878" lon="126.539047"><time>2026-06-28T05:53:24.000Z</time><ele>30</ele></trkpt><trkpt lat="35.024771" lon="126.538891"><time>2026-06-28T05:53:25.000Z</time><ele>30</ele></trkpt><trkpt lat="35.024665" lon="126.538733"><time>2026-06-28T05:53:26.000Z</time><ele>30</ele></trkpt><trkpt lat="35.024562" lon="126.538583"><time>2026-06-28T05:53:27.000Z</time><ele>30</ele></trkpt><trkpt lat="35.024462" lon="126.53844"><time>2026-06-28T05:53:28.000Z</time><ele>30</ele></trkpt><trkpt lat="35.024363" lon="126.538296"><time>2026-06-28T05:53:29.000Z</time><ele>30</ele></trkpt><trkpt lat="35.024271" lon="126.538165"><time>2026-06-28T05:53:30.000Z</time><ele>30</ele></trkpt><trkpt lat="35.024182" lon="126.538032"><time>2026-06-28T05:53:31.000Z</time><ele>30</ele></trkpt><trkpt lat="35.024094" lon="126.537901"><time>2026-06-28T05:53:32.000Z</time><ele>31</ele></trkpt><trkpt lat="35.024009" lon="126.537761"><time>2026-06-28T05:53:33.000Z</time><ele>30</ele></trkpt><trkpt lat="35.023916" lon="126.537623"><time>2026-06-28T05:53:34.000Z</time><ele>30</ele></trkpt><trkpt lat="35.023819" lon="126.537482"><time>2026-06-28T05:53:35.000Z</time><ele>30</ele></trkpt><trkpt lat="35.02372" lon="126.537338"><time>2026-06-28T05:53:36.000Z</time><ele>30</ele></trkpt><trkpt lat="35.023616" lon="126.537189"><time>2026-06-28T05:53:37.000Z</time><ele>30</ele></trkpt><trkpt lat="35.023512" lon="126.537036"><time>2026-06-28T05:53:38.000Z</time><ele>30</ele></trkpt><trkpt lat="35.023409" lon="126.53688"><time>2026-06-28T05:53:39.000Z</time><ele>30</ele></trkpt><trkpt lat="35.023303" lon="126.536725"><time>2026-06-28T05:53:40.000Z</time><ele>30</ele></trkpt><trkpt lat="35.023196" lon="126.536567"><time>2026-06-28T05:53:41.000Z</time><ele>30</ele></trkpt><trkpt lat="35.023081" lon="126.536412"><time>2026-06-28T05:53:42.000Z</time><ele>30</ele></trkpt><trkpt lat="35.022962" lon="126.536254"><time>2026-06-28T05:53:43.000Z</time><ele>30</ele></trkpt><trkpt lat="35.022848" lon="126.536094"><time>2026-06-28T05:53:44.000Z</time><ele>29</ele></trkpt><trkpt lat="35.022735" lon="126.53593"><time>2026-06-28T05:53:45.000Z</time><ele>29</ele></trkpt><trkpt lat="35.022621" lon="126.535768"><time>2026-06-28T05:53:46.000Z</time><ele>29</ele></trkpt><trkpt lat="35.022505" lon="126.535603"><time>2026-06-28T05:53:47.000Z</time><ele>29</ele></trkpt><trkpt lat="35.022393" lon="126.535443"><time>2026-06-28T05:53:48.000Z</time><ele>29</ele></trkpt><trkpt lat="35.02228" lon="126.535287"><time>2026-06-28T05:53:49.000Z</time><ele>30</ele></trkpt><trkpt lat="35.022178" lon="126.535143"><time>2026-06-28T05:53:50.000Z</time><ele>30</ele></trkpt><trkpt lat="35.02208" lon="126.535005"><time>2026-06-28T05:53:51.000Z</time><ele>30</ele></trkpt><trkpt lat="35.021988" lon="126.534873"><time>2026-06-28T05:53:52.000Z</time><ele>30</ele></trkpt><trkpt lat="35.021903" lon="126.534746"><time>2026-06-28T05:53:53.000Z</time><ele>30</ele></trkpt><trkpt lat="35.021818" lon="126.534626"><time>2026-06-28T05:53:54.000Z</time><ele>30</ele></trkpt><trkpt lat="35.021739" lon="126.534511"><time>2026-06-28T05:53:55.000Z</time><ele>30</ele></trkpt><trkpt lat="35.021669" lon="126.534415"><time>2026-06-28T05:53:56.000Z</time><ele>30</ele></trkpt><trkpt lat="35.021611" lon="126.534332"><time>2026-06-28T05:53:57.000Z</time><ele>31</ele></trkpt><trkpt lat="35.021565" lon="126.534276"><time>2026-06-28T05:53:58.000Z</time><ele>31</ele></trkpt><trkpt lat="35.021524" lon="126.534223"><time>2026-06-28T05:54:00.000Z</time><ele>31</ele></trkpt><trkpt lat="35.021503" lon="126.534289"><time>2026-06-28T05:54:03.000Z</time><ele>30</ele></trkpt><trkpt lat="35.021481" lon="126.534339"><time>2026-06-28T05:54:04.000Z</time><ele>31</ele></trkpt><trkpt lat="35.02145" lon="126.534389"><time>2026-06-28T05:54:05.000Z</time><ele>31</ele></trkpt><trkpt lat="35.021369" lon="126.534434"><time>2026-06-28T05:54:06.000Z</time><ele>31</ele></trkpt><trkpt lat="35.021258" lon="126.534488"><time>2026-06-28T05:54:07.000Z</time><ele>30</ele></trkpt><trkpt lat="35.02116" lon="126.534544"><time>2026-06-28T05:54:08.000Z</time><ele>29</ele></trkpt><trkpt lat="35.021058" lon="126.534594"><time>2026-06-28T05:54:09.000Z</time><ele>29</ele></trkpt><trkpt lat="35.020953" lon="126.534651"><time>2026-06-28T05:54:10.000Z</time><ele>29</ele></trkpt><trkpt lat="35.020846" lon="126.53471"><time>2026-06-28T05:54:11.000Z</time><ele>28</ele></trkpt><trkpt lat="35.020739" lon="126.534769"><time>2026-06-28T05:54:12.000Z</time><ele>28</ele></trkpt><trkpt lat="35.020622" lon="126.534841"><time>2026-06-28T05:54:13.000Z</time><ele>28</ele></trkpt><trkpt lat="35.020501" lon="126.534909"><time>2026-06-28T05:54:14.000Z</time><ele>28</ele></trkpt><trkpt lat="35.020381" lon="126.534974"><time>2026-06-28T05:54:15.000Z</time><ele>28</ele></trkpt><trkpt lat="35.020262" lon="126.535038"><time>2026-06-28T05:54:16.000Z</time><ele>28</ele></trkpt><trkpt lat="35.020138" lon="126.535107"><time>2026-06-28T05:54:17.000Z</time><ele>27</ele></trkpt><trkpt lat="35.020012" lon="126.53517"><time>2026-06-28T05:54:18.000Z</time><ele>27</ele></trkpt><trkpt lat="35.019894" lon="126.535235"><time>2026-06-28T05:54:19.000Z</time><ele>27</ele></trkpt><trkpt lat="35.019777" lon="126.535297"><time>2026-06-28T05:54:20.000Z</time><ele>27</ele></trkpt><trkpt lat="35.019666" lon="126.535357"><time>2026-06-28T05:54:21.000Z</time><ele>27</ele></trkpt><trkpt lat="35.019558" lon="126.535416"><time>2026-06-28T05:54:22.000Z</time><ele>27</ele></trkpt><trkpt lat="35.019448" lon="126.535473"><time>2026-06-28T05:54:23.000Z</time><ele>27</ele></trkpt><trkpt lat="35.019338" lon="126.535539"><time>2026-06-28T05:54:24.000Z</time><ele>28</ele></trkpt><trkpt lat="35.019226" lon="126.535607"><time>2026-06-28T05:54:25.000Z</time><ele>28</ele></trkpt><trkpt lat="35.019117" lon="126.53567"><time>2026-06-28T05:54:26.000Z</time><ele>29</ele></trkpt><trkpt lat="35.019011" lon="126.535726"><time>2026-06-28T05:54:27.000Z</time><ele>29</ele></trkpt><trkpt lat="35.018914" lon="126.535777"><time>2026-06-28T05:54:28.000Z</time><ele>30</ele></trkpt><trkpt lat="35.018812" lon="126.535833"><time>2026-06-28T05:54:29.000Z</time><ele>30</ele></trkpt><trkpt lat="35.018713" lon="126.535891"><time>2026-06-28T05:54:30.000Z</time><ele>30</ele></trkpt><trkpt lat="35.018614" lon="126.535948"><time>2026-06-28T05:54:31.000Z</time><ele>30</ele></trkpt><trkpt lat="35.018521" lon="126.535999"><time>2026-06-28T05:54:32.000Z</time><ele>29</ele></trkpt><trkpt lat="35.01843" lon="126.536054"><time>2026-06-28T05:54:33.000Z</time><ele>29</ele></trkpt><trkpt lat="35.018347" lon="126.536104"><time>2026-06-28T05:54:34.000Z</time><ele>28</ele></trkpt><trkpt lat="35.01827" lon="126.536149"><time>2026-06-28T05:54:35.000Z</time><ele>28</ele></trkpt><trkpt lat="35.01819" lon="126.536195"><time>2026-06-28T05:54:36.000Z</time><ele>28</ele></trkpt><trkpt lat="35.018113" lon="126.536231"><time>2026-06-28T05:54:37.000Z</time><ele>27</ele></trkpt><trkpt lat="35.018039" lon="126.536271"><time>2026-06-28T05:54:38.000Z</time><ele>27</ele></trkpt><trkpt lat="35.017966" lon="126.536318"><time>2026-06-28T05:54:39.000Z</time><ele>26</ele></trkpt><trkpt lat="35.017893" lon="126.536359"><time>2026-06-28T05:54:40.000Z</time><ele>26</ele></trkpt><trkpt lat="35.017825" lon="126.536397"><time>2026-06-28T05:54:41.000Z</time><ele>27</ele></trkpt><trkpt lat="35.017756" lon="126.536432"><time>2026-06-28T05:54:42.000Z</time><ele>27</ele></trkpt><trkpt lat="35.017693" lon="126.536468"><time>2026-06-28T05:54:43.000Z</time><ele>27</ele></trkpt><trkpt lat="35.017625" lon="126.536507"><time>2026-06-28T05:54:44.000Z</time><ele>27</ele></trkpt><trkpt lat="35.017562" lon="126.536542"><time>2026-06-28T05:54:45.000Z</time><ele>27</ele></trkpt><trkpt lat="35.017491" lon="126.536585"><time>2026-06-28T05:54:46.000Z</time><ele>28</ele></trkpt><trkpt lat="35.017417" lon="126.536627"><time>2026-06-28T05:54:47.000Z</time><ele>28</ele></trkpt><trkpt lat="35.01734" lon="126.536669"><time>2026-06-28T05:54:48.000Z</time><ele>27</ele></trkpt><trkpt lat="35.017261" lon="126.536714"><time>2026-06-28T05:54:49.000Z</time><ele>27</ele></trkpt><trkpt lat="35.017184" lon="126.536762"><time>2026-06-28T05:54:50.000Z</time><ele>27</ele></trkpt><trkpt lat="35.017112" lon="126.536801"><time>2026-06-28T05:54:51.000Z</time><ele>27</ele></trkpt><trkpt lat="35.017043" lon="126.536829"><time>2026-06-28T05:54:52.000Z</time><ele>28</ele></trkpt><trkpt lat="35.016987" lon="126.53686"><time>2026-06-28T05:54:53.000Z</time><ele>27</ele></trkpt><trkpt lat="35.016931" lon="126.536891"><time>2026-06-28T05:54:54.000Z</time><ele>27</ele></trkpt><trkpt lat="35.016873" lon="126.536927"><time>2026-06-28T05:54:55.000Z</time><ele>27</ele></trkpt><trkpt lat="35.016817" lon="126.536965"><time>2026-06-28T05:54:56.000Z</time><ele>27</ele></trkpt><trkpt lat="35.016763" lon="126.537001"><time>2026-06-28T05:54:57.000Z</time><ele>27</ele></trkpt><trkpt lat="35.016712" lon="126.537036"><time>2026-06-28T05:54:58.000Z</time><ele>27</ele></trkpt><trkpt lat="35.016663" lon="126.537067"><time>2026-06-28T05:54:59.000Z</time><ele>27</ele></trkpt><trkpt lat="35.016621" lon="126.537095"><time>2026-06-28T05:55:00.000Z</time><ele>27</ele></trkpt><trkpt lat="35.01658" lon="126.537122"><time>2026-06-28T05:55:01.000Z</time><ele>27</ele></trkpt><trkpt lat="35.016516" lon="126.537175"><time>2026-06-28T05:55:03.000Z</time><ele>28</ele></trkpt><trkpt lat="35.016463" lon="126.53724"><time>2026-06-28T05:55:05.000Z</time><ele>28</ele></trkpt><trkpt lat="35.016414" lon="126.537293"><time>2026-06-28T05:55:07.000Z</time><ele>28</ele></trkpt><trkpt lat="35.016371" lon="126.537321"><time>2026-06-28T05:57:16.000Z</time><ele>28</ele></trkpt><trkpt lat="35.016374" lon="126.537244"><time>2026-06-28T05:57:19.000Z</time><ele>28</ele></trkpt><trkpt lat="35.016411" lon="126.537211"><time>2026-06-28T05:57:20.000Z</time><ele>29</ele></trkpt><trkpt lat="35.016467" lon="126.537189"><time>2026-06-28T05:57:21.000Z</time><ele>29</ele></trkpt><trkpt lat="35.016526" lon="126.537157"><time>2026-06-28T05:57:22.000Z</time><ele>29</ele></trkpt><trkpt lat="35.016594" lon="126.53712"><time>2026-06-28T05:57:23.000Z</time><ele>29</ele></trkpt><trkpt lat="35.016666" lon="126.537076"><time>2026-06-28T05:57:24.000Z</time><ele>29</ele></trkpt><trkpt lat="35.016741" lon="126.537032"><time>2026-06-28T05:57:25.000Z</time><ele>28</ele></trkpt><trkpt lat="35.016815" lon="126.536987"><time>2026-06-28T05:57:26.000Z</time><ele>28</ele></trkpt><trkpt lat="35.016893" lon="126.536941"><time>2026-06-28T05:57:27.000Z</time><ele>28</ele></trkpt><trkpt lat="35.016967" lon="126.536891"><time>2026-06-28T05:57:28.000Z</time><ele>28</ele></trkpt><trkpt lat="35.017043" lon="126.53685"><time>2026-06-28T05:57:29.000Z</time><ele>28</ele></trkpt><trkpt lat="35.017114" lon="126.536807"><time>2026-06-28T05:57:30.000Z</time><ele>29</ele></trkpt><trkpt lat="35.017195" lon="126.53676"><time>2026-06-28T05:57:31.000Z</time><ele>28</ele></trkpt><trkpt lat="35.017281" lon="126.536711"><time>2026-06-28T05:57:32.000Z</time><ele>28</ele></trkpt><trkpt lat="35.017369" lon="126.536658"><time>2026-06-28T05:57:33.000Z</time><ele>28</ele></trkpt><trkpt lat="35.017453" lon="126.536608"><time>2026-06-28T05:57:34.000Z</time><ele>28</ele></trkpt><trkpt lat="35.017533" lon="126.536564"><time>2026-06-28T05:57:35.000Z</time><ele>28</ele></trkpt><trkpt lat="35.017616" lon="126.536523"><time>2026-06-28T05:57:36.000Z</time><ele>28</ele></trkpt><trkpt lat="35.0177" lon="126.536481"><time>2026-06-28T05:57:37.000Z</time><ele>29</ele></trkpt><trkpt lat="35.017784" lon="126.536434"><time>2026-06-28T05:57:38.000Z</time><ele>29</ele></trkpt><trkpt lat="35.017874" lon="126.536387"><time>2026-06-28T05:57:39.000Z</time><ele>29</ele></trkpt><trkpt lat="35.017965" lon="126.536336"><time>2026-06-28T05:57:40.000Z</time><ele>29</ele></trkpt><trkpt lat="35.018057" lon="126.536285"><time>2026-06-28T05:57:41.000Z</time><ele>30</ele></trkpt><trkpt lat="35.018149" lon="126.536235"><time>2026-06-28T05:57:42.000Z</time><ele>30</ele></trkpt><trkpt lat="35.01824" lon="126.536186"><time>2026-06-28T05:57:43.000Z</time><ele>31</ele></trkpt><trkpt lat="35.018323" lon="126.53614"><time>2026-06-28T05:57:44.000Z</time><ele>31</ele></trkpt><trkpt lat="35.018404" lon="126.536096"><time>2026-06-28T05:57:45.000Z</time><ele>31</ele></trkpt><trkpt lat="35.018477" lon="126.536059"><time>2026-06-28T05:57:46.000Z</time><ele>31</ele></trkpt><trkpt lat="35.018552" lon="126.536016"><time>2026-06-28T05:57:47.000Z</time><ele>32</ele></trkpt><trkpt lat="35.01863" lon="126.53597"><time>2026-06-28T05:57:48.000Z</time><ele>32</ele></trkpt><trkpt lat="35.018715" lon="126.535919"><time>2026-06-28T05:57:49.000Z</time><ele>32</ele></trkpt><trkpt lat="35.018805" lon="126.535869"><time>2026-06-28T05:57:50.000Z</time><ele>32</ele></trkpt><trkpt lat="35.018904" lon="126.535817"><time>2026-06-28T05:57:51.000Z</time><ele>32</ele></trkpt><trkpt lat="35.019006" lon="126.535762"><time>2026-06-28T05:57:52.000Z</time><ele>31</ele></trkpt><trkpt lat="35.01911" lon="126.535702"><time>2026-06-28T05:57:53.000Z</time><ele>31</ele></trkpt><trkpt lat="35.019222" lon="126.535636"><time>2026-06-28T05:57:54.000Z</time><ele>31</ele></trkpt><trkpt lat="35.019338" lon="126.535567"><time>2026-06-28T05:57:55.000Z</time><ele>30</ele></trkpt><trkpt lat="35.019458" lon="126.535499"><time>2026-06-28T05:57:56.000Z</time><ele>30</ele></trkpt><trkpt lat="35.019584" lon="126.53543"><time>2026-06-28T05:57:57.000Z</time><ele>29</ele></trkpt><trkpt lat="35.019712" lon="126.535354"><time>2026-06-28T05:57:58.000Z</time><ele>29</ele></trkpt><trkpt lat="35.019838" lon="126.535279"><time>2026-06-28T05:57:59.000Z</time><ele>29</ele></trkpt><trkpt lat="35.019965" lon="126.535211"><time>2026-06-28T05:58:00.000Z</time><ele>29</ele></trkpt><trkpt lat="35.020097" lon="126.535145"><time>2026-06-28T05:58:01.000Z</time><ele>29</ele></trkpt><trkpt lat="35.020223" lon="126.535077"><time>2026-06-28T05:58:02.000Z</time><ele>29</ele></trkpt><trkpt lat="35.020338" lon="126.535011"><time>2026-06-28T05:58:03.000Z</time><ele>29</ele></trkpt><trkpt lat="35.020452" lon="126.534947"><time>2026-06-28T05:58:04.000Z</time><ele>30</ele></trkpt><trkpt lat="35.020567" lon="126.53488"><time>2026-06-28T05:58:05.000Z</time><ele>30</ele></trkpt><trkpt lat="35.020688" lon="126.534815"><time>2026-06-28T05:58:06.000Z</time><ele>30</ele></trkpt><trkpt lat="35.020806" lon="126.534747"><time>2026-06-28T05:58:07.000Z</time><ele>31</ele></trkpt><trkpt lat="35.020913" lon="126.534688"><time>2026-06-28T05:58:08.000Z</time><ele>31</ele></trkpt><trkpt lat="35.021014" lon="126.534627"><time>2026-06-28T05:58:09.000Z</time><ele>31</ele></trkpt><trkpt lat="35.021114" lon="126.534576"><time>2026-06-28T05:58:10.000Z</time><ele>31</ele></trkpt><trkpt lat="35.021207" lon="126.534532"><time>2026-06-28T05:58:11.000Z</time><ele>30</ele></trkpt><trkpt lat="35.021284" lon="126.534491"><time>2026-06-28T05:58:12.000Z</time><ele>31</ele></trkpt><trkpt lat="35.021341" lon="126.534463"><time>2026-06-28T05:58:13.000Z</time><ele>31</ele></trkpt><trkpt lat="35.021386" lon="126.534448"><time>2026-06-28T05:58:14.000Z</time><ele>31</ele></trkpt><trkpt lat="35.021452" lon="126.53438"><time>2026-06-28T05:58:16.000Z</time><ele>32</ele></trkpt><trkpt lat="35.021492" lon="126.534332"><time>2026-06-28T05:58:17.000Z</time><ele>32</ele></trkpt><trkpt lat="35.021527" lon="126.534263"><time>2026-06-28T05:58:18.000Z</time><ele>31</ele></trkpt><trkpt lat="35.021532" lon="126.534172"><time>2026-06-28T05:58:19.000Z</time><ele>31</ele></trkpt><trkpt lat="35.021493" lon="126.534087"><time>2026-06-28T05:58:20.000Z</time><ele>31</ele></trkpt><trkpt lat="35.021449" lon="126.533999"><time>2026-06-28T05:58:21.000Z</time><ele>31</ele></trkpt><trkpt lat="35.021388" lon="126.533914"><time>2026-06-28T05:58:22.000Z</time><ele>32</ele></trkpt><trkpt lat="35.021341" lon="126.533821"><time>2026-06-28T05:58:23.000Z</time><ele>32</ele></trkpt><trkpt lat="35.021295" lon="126.533746"><time>2026-06-28T05:58:24.000Z</time><ele>32</ele></trkpt><trkpt lat="35.021261" lon="126.53368"><time>2026-06-28T05:58:25.000Z</time><ele>32</ele></trkpt><trkpt lat="35.021239" lon="126.533613"><time>2026-06-28T05:58:26.000Z</time><ele>32</ele></trkpt><trkpt lat="35.021266" lon="126.533504"><time>2026-06-28T05:58:28.000Z</time><ele>33</ele></trkpt><trkpt lat="35.021315" lon="126.53346"><time>2026-06-28T05:58:29.000Z</time><ele>32</ele></trkpt><trkpt lat="35.021383" lon="126.533425"><time>2026-06-28T05:58:30.000Z</time><ele>32</ele></trkpt><trkpt lat="35.021453" lon="126.533391"><time>2026-06-28T05:58:31.000Z</time><ele>32</ele></trkpt><trkpt lat="35.021527" lon="126.533351"><time>2026-06-28T05:58:32.000Z</time><ele>32</ele></trkpt><trkpt lat="35.0216" lon="126.533313"><time>2026-06-28T05:58:33.000Z</time><ele>32</ele></trkpt><trkpt lat="35.02167" lon="126.533279"><time>2026-06-28T05:58:34.000Z</time><ele>32</ele></trkpt><trkpt lat="35.021735" lon="126.533242"><time>2026-06-28T05:58:35.000Z</time><ele>32</ele></trkpt><trkpt lat="35.0218" lon="126.533209"><time>2026-06-28T05:58:36.000Z</time><ele>32</ele></trkpt><trkpt lat="35.021865" lon="126.533181"><time>2026-06-28T05:58:37.000Z</time><ele>33</ele></trkpt><trkpt lat="35.021926" lon="126.533157"><time>2026-06-28T05:58:38.000Z</time><ele>33</ele></trkpt><trkpt lat="35.021987" lon="126.533132"><time>2026-06-28T05:58:39.000Z</time><ele>33</ele></trkpt><trkpt lat="35.022055" lon="126.533104"><time>2026-06-28T05:58:40.000Z</time><ele>33</ele></trkpt><trkpt lat="35.022128" lon="126.533065"><time>2026-06-28T05:58:41.000Z</time><ele>33</ele></trkpt><trkpt lat="35.022209" lon="126.53303"><time>2026-06-28T05:58:42.000Z</time><ele>33</ele></trkpt><trkpt lat="35.02229" lon="126.532991"><time>2026-06-28T05:58:43.000Z</time><ele>33</ele></trkpt><trkpt lat="35.022379" lon="126.532955"><time>2026-06-28T05:58:44.000Z</time><ele>33</ele></trkpt><trkpt lat="35.022479" lon="126.53292"><time>2026-06-28T05:58:45.000Z</time><ele>34</ele></trkpt><trkpt lat="35.022577" lon="126.532892"><time>2026-06-28T05:58:46.000Z</time><ele>34</ele></trkpt><trkpt lat="35.022679" lon="126.53285"><time>2026-06-28T05:58:47.000Z</time><ele>34</ele></trkpt><trkpt lat="35.022788" lon="126.532814"><time>2026-06-28T05:58:48.000Z</time><ele>34</ele></trkpt><trkpt lat="35.022897" lon="126.532775"><time>2026-06-28T05:58:49.000Z</time><ele>34</ele></trkpt><trkpt lat="35.023012" lon="126.532732"><time>2026-06-28T05:58:50.000Z</time><ele>34</ele></trkpt><trkpt lat="35.023134" lon="126.532689"><time>2026-06-28T05:58:51.000Z</time><ele>34</ele></trkpt><trkpt lat="35.023262" lon="126.532648"><time>2026-06-28T05:58:52.000Z</time><ele>34</ele></trkpt><trkpt lat="35.023388" lon="126.532611"><time>2026-06-28T05:58:53.000Z</time><ele>34</ele></trkpt><trkpt lat="35.02352" lon="126.532571"><time>2026-06-28T05:58:54.000Z</time><ele>34</ele></trkpt><trkpt lat="35.023656" lon="126.532525"><time>2026-06-28T05:58:55.000Z</time><ele>34</ele></trkpt><trkpt lat="35.023795" lon="126.532479"><time>2026-06-28T05:58:56.000Z</time><ele>34</ele></trkpt><trkpt lat="35.023937" lon="126.532428"><time>2026-06-28T05:58:57.000Z</time><ele>34</ele></trkpt><trkpt lat="35.024082" lon="126.532373"><time>2026-06-28T05:58:58.000Z</time><ele>34</ele></trkpt><trkpt lat="35.024226" lon="126.532317"><time>2026-06-28T05:58:59.000Z</time><ele>34</ele></trkpt><trkpt lat="35.024378" lon="126.532263"><time>2026-06-28T05:59:00.000Z</time><ele>34</ele></trkpt><trkpt lat="35.024536" lon="126.532211"><time>2026-06-28T05:59:01.000Z</time><ele>34</ele></trkpt><trkpt lat="35.024697" lon="126.532162"><time>2026-06-28T05:59:02.000Z</time><ele>34</ele></trkpt><trkpt lat="35.024863" lon="126.532109"><time>2026-06-28T05:59:03.000Z</time><ele>34</ele></trkpt><trkpt lat="35.025036" lon="126.532059"><time>2026-06-28T05:59:04.000Z</time><ele>34</ele></trkpt><trkpt lat="35.02521" lon="126.532019"><time>2026-06-28T05:59:05.000Z</time><ele>34</ele></trkpt><trkpt lat="35.025392" lon="126.531988"><time>2026-06-28T05:59:06.000Z</time><ele>34</ele></trkpt><trkpt lat="35.025586" lon="126.531974"><time>2026-06-28T05:59:07.000Z</time><ele>34</ele></trkpt><trkpt lat="35.025781" lon="126.53197"><time>2026-06-28T05:59:08.000Z</time><ele>33</ele></trkpt><trkpt lat="35.025972" lon="126.531977"><time>2026-06-28T05:59:09.000Z</time><ele>33</ele></trkpt><trkpt lat="35.026166" lon="126.53199"><time>2026-06-28T05:59:10.000Z</time><ele>33</ele></trkpt><trkpt lat="35.026356" lon="126.532019"><time>2026-06-28T05:59:11.000Z</time><ele>33</ele></trkpt><trkpt lat="35.026553" lon="126.53206"><time>2026-06-28T05:59:12.000Z</time><ele>32</ele></trkpt><trkpt lat="35.02675" lon="126.532108"><time>2026-06-28T05:59:13.000Z</time><ele>32</ele></trkpt><trkpt lat="35.026947" lon="126.53217"><time>2026-06-28T05:59:14.000Z</time><ele>32</ele></trkpt><trkpt lat="35.027141" lon="126.532239"><time>2026-06-28T05:59:15.000Z</time><ele>32</ele></trkpt><trkpt lat="35.027329" lon="126.532324"><time>2026-06-28T05:59:16.000Z</time><ele>32</ele></trkpt><trkpt lat="35.027509" lon="126.532417"><time>2026-06-28T05:59:17.000Z</time><ele>32</ele></trkpt><trkpt lat="35.02768" lon="126.532515"><time>2026-06-28T05:59:18.000Z</time><ele>31</ele></trkpt><trkpt lat="35.027847" lon="126.532621"><time>2026-06-28T05:59:19.000Z</time><ele>31</ele></trkpt><trkpt lat="35.028004" lon="126.532721"><time>2026-06-28T05:59:20.000Z</time><ele>31</ele></trkpt><trkpt lat="35.028153" lon="126.532823"><time>2026-06-28T05:59:21.000Z</time><ele>31</ele></trkpt><trkpt lat="35.0283" lon="126.532919"><time>2026-06-28T05:59:22.000Z</time><ele>31</ele></trkpt><trkpt lat="35.028442" lon="126.533011"><time>2026-06-28T05:59:23.000Z</time><ele>31</ele></trkpt><trkpt lat="35.028579" lon="126.533103"><time>2026-06-28T05:59:24.000Z</time><ele>31</ele></trkpt><trkpt lat="35.028717" lon="126.533192"><time>2026-06-28T05:59:25.000Z</time><ele>31</ele></trkpt><trkpt lat="35.028848" lon="126.53328"><time>2026-06-28T05:59:26.000Z</time><ele>31</ele></trkpt><trkpt lat="35.028977" lon="126.533362"><time>2026-06-28T05:59:27.000Z</time><ele>31</ele></trkpt><trkpt lat="35.029097" lon="126.533443"><time>2026-06-28T05:59:28.000Z</time><ele>31</ele></trkpt><trkpt lat="35.029216" lon="126.533523"><time>2026-06-28T05:59:29.000Z</time><ele>31</ele></trkpt><trkpt lat="35.029333" lon="126.533599"><time>2026-06-28T05:59:30.000Z</time><ele>31</ele></trkpt><trkpt lat="35.029454" lon="126.533681"><time>2026-06-28T05:59:31.000Z</time><ele>31</ele></trkpt><trkpt lat="35.029582" lon="126.533757"><time>2026-06-28T05:59:32.000Z</time><ele>31</ele></trkpt><trkpt lat="35.029717" lon="126.533832"><time>2026-06-28T05:59:33.000Z</time><ele>31</ele></trkpt><trkpt lat="35.029862" lon="126.533902"><time>2026-06-28T05:59:34.000Z</time><ele>31</ele></trkpt><trkpt lat="35.030015" lon="126.533971"><time>2026-06-28T05:59:35.000Z</time><ele>31</ele></trkpt><trkpt lat="35.030171" lon="126.534038"><time>2026-06-28T05:59:36.000Z</time><ele>30</ele></trkpt><trkpt lat="35.030335" lon="126.534103"><time>2026-06-28T05:59:37.000Z</time><ele>30</ele></trkpt><trkpt lat="35.030504" lon="126.534165"><time>2026-06-28T05:59:38.000Z</time><ele>30</ele></trkpt><trkpt lat="35.03068" lon="126.534223"><time>2026-06-28T05:59:39.000Z</time><ele>30</ele></trkpt><trkpt lat="35.030861" lon="126.534267"><time>2026-06-28T05:59:40.000Z</time><ele>30</ele></trkpt><trkpt lat="35.031036" lon="126.534301"><time>2026-06-28T05:59:41.000Z</time><ele>31</ele></trkpt><trkpt lat="35.03121" lon="126.534324"><time>2026-06-28T05:59:42.000Z</time><ele>31</ele></trkpt><trkpt lat="35.031385" lon="126.534345"><time>2026-06-28T05:59:43.000Z</time><ele>31</ele></trkpt><trkpt lat="35.031564" lon="126.53436"><time>2026-06-28T05:59:44.000Z</time><ele>31</ele></trkpt><trkpt lat="35.031745" lon="126.534371"><time>2026-06-28T05:59:45.000Z</time><ele>31</ele></trkpt><trkpt lat="35.031929" lon="126.534374"><time>2026-06-28T05:59:46.000Z</time><ele>31</ele></trkpt><trkpt lat="35.032113" lon="126.534364"><time>2026-06-28T05:59:47.000Z</time><ele>31</ele></trkpt><trkpt lat="35.032301" lon="126.534356"><time>2026-06-28T05:59:48.000Z</time><ele>31</ele></trkpt><trkpt lat="35.032494" lon="126.534349"><time>2026-06-28T05:59:49.000Z</time><ele>31</ele></trkpt><trkpt lat="35.032687" lon="126.534344"><time>2026-06-28T05:59:50.000Z</time><ele>31</ele></trkpt><trkpt lat="35.032882" lon="126.534341"><time>2026-06-28T05:59:51.000Z</time><ele>31</ele></trkpt><trkpt lat="35.033079" lon="126.534334"><time>2026-06-28T05:59:52.000Z</time><ele>32</ele></trkpt><trkpt lat="35.033277" lon="126.53433"><time>2026-06-28T05:59:53.000Z</time><ele>32</ele></trkpt><trkpt lat="35.033476" lon="126.534322"><time>2026-06-28T05:59:54.000Z</time><ele>32</ele></trkpt><trkpt lat="35.033677" lon="126.534315"><time>2026-06-28T05:59:55.000Z</time><ele>33</ele></trkpt><trkpt lat="35.033886" lon="126.534317"><time>2026-06-28T05:59:56.000Z</time><ele>33</ele></trkpt><trkpt lat="35.034092" lon="126.534321"><time>2026-06-28T05:59:57.000Z</time><ele>33</ele></trkpt><trkpt lat="35.034299" lon="126.534315"><time>2026-06-28T05:59:58.000Z</time><ele>33</ele></trkpt><trkpt lat="35.034508" lon="126.534304"><time>2026-06-28T05:59:59.000Z</time><ele>33</ele></trkpt><trkpt lat="35.034714" lon="126.534296"><time>2026-06-28T06:00:00.000Z</time><ele>32</ele></trkpt><trkpt lat="35.034923" lon="126.534285"><time>2026-06-28T06:00:01.000Z</time><ele>32</ele></trkpt><trkpt lat="35.035133" lon="126.534273"><time>2026-06-28T06:00:02.000Z</time><ele>32</ele></trkpt><trkpt lat="35.035345" lon="126.534268"><time>2026-06-28T06:00:03.000Z</time><ele>32</ele></trkpt><trkpt lat="35.035559" lon="126.534262"><time>2026-06-28T06:00:04.000Z</time><ele>32</ele></trkpt><trkpt lat="35.03577" lon="126.53426"><time>2026-06-28T06:00:05.000Z</time><ele>31</ele></trkpt><trkpt lat="35.035982" lon="126.534258"><time>2026-06-28T06:00:06.000Z</time><ele>31</ele></trkpt><trkpt lat="35.036192" lon="126.534256"><time>2026-06-28T06:00:07.000Z</time><ele>31</ele></trkpt><trkpt lat="35.036404" lon="126.534259"><time>2026-06-28T06:00:08.000Z</time><ele>31</ele></trkpt><trkpt lat="35.036615" lon="126.534263"><time>2026-06-28T06:00:09.000Z</time><ele>30</ele></trkpt><trkpt lat="35.036825" lon="126.534268"><time>2026-06-28T06:00:10.000Z</time><ele>30</ele></trkpt><trkpt lat="35.037036" lon="126.534268"><time>2026-06-28T06:00:11.000Z</time><ele>30</ele></trkpt><trkpt lat="35.037244" lon="126.53427"><time>2026-06-28T06:00:12.000Z</time><ele>30</ele></trkpt><trkpt lat="35.037447" lon="126.534262"><time>2026-06-28T06:00:13.000Z</time><ele>30</ele></trkpt><trkpt lat="35.037656" lon="126.534258"><time>2026-06-28T06:00:14.000Z</time><ele>30</ele></trkpt><trkpt lat="35.037865" lon="126.534248"><time>2026-06-28T06:00:15.000Z</time><ele>30</ele></trkpt><trkpt lat="35.038077" lon="126.53424"><time>2026-06-28T06:00:16.000Z</time><ele>30</ele></trkpt><trkpt lat="35.038291" lon="126.534231"><time>2026-06-28T06:00:17.000Z</time><ele>30</ele></trkpt><trkpt lat="35.038504" lon="126.534223"><time>2026-06-28T06:00:18.000Z</time><ele>30</ele></trkpt><trkpt lat="35.038717" lon="126.534216"><time>2026-06-28T06:00:19.000Z</time><ele>30</ele></trkpt><trkpt lat="35.038932" lon="126.534209"><time>2026-06-28T06:00:20.000Z</time><ele>30</ele></trkpt><trkpt lat="35.039144" lon="126.534205"><time>2026-06-28T06:00:21.000Z</time><ele>29</ele></trkpt><trkpt lat="35.039356" lon="126.534199"><time>2026-06-28T06:00:22.000Z</time><ele>30</ele></trkpt><trkpt lat="35.039571" lon="126.534195"><time>2026-06-28T06:00:23.000Z</time><ele>30</ele></trkpt><trkpt lat="35.039784" lon="126.534189"><time>2026-06-28T06:00:24.000Z</time><ele>30</ele></trkpt><trkpt lat="35.039996" lon="126.534184"><time>2026-06-28T06:00:25.000Z</time><ele>30</ele></trkpt><trkpt lat="35.040207" lon="126.534177"><time>2026-06-28T06:00:26.000Z</time><ele>30</ele></trkpt><trkpt lat="35.040414" lon="126.534168"><time>2026-06-28T06:00:27.000Z</time><ele>29</ele></trkpt><trkpt lat="35.040617" lon="126.534159"><time>2026-06-28T06:00:28.000Z</time><ele>29</ele></trkpt><trkpt lat="35.040813" lon="126.534152"><time>2026-06-28T06:00:29.000Z</time><ele>30</ele></trkpt><trkpt lat="35.041005" lon="126.534144"><time>2026-06-28T06:00:30.000Z</time><ele>30</ele></trkpt><trkpt lat="35.04119" lon="126.534138"><time>2026-06-28T06:00:31.000Z</time><ele>30</ele></trkpt><trkpt lat="35.04137" lon="126.534132"><time>2026-06-28T06:00:32.000Z</time><ele>30</ele></trkpt><trkpt lat="35.041539" lon="126.534132"><time>2026-06-28T06:00:33.000Z</time><ele>29</ele></trkpt><trkpt lat="35.041703" lon="126.534132"><time>2026-06-28T06:00:34.000Z</time><ele>29</ele></trkpt><trkpt lat="35.041868" lon="126.534131"><time>2026-06-28T06:00:35.000Z</time><ele>29</ele></trkpt><trkpt lat="35.042032" lon="126.534128"><time>2026-06-28T06:00:36.000Z</time><ele>29</ele></trkpt><trkpt lat="35.042199" lon="126.534124"><time>2026-06-28T06:00:37.000Z</time><ele>29</ele></trkpt><trkpt lat="35.042364" lon="126.534121"><time>2026-06-28T06:00:38.000Z</time><ele>29</ele></trkpt><trkpt lat="35.042527" lon="126.53412"><time>2026-06-28T06:00:39.000Z</time><ele>29</ele></trkpt><trkpt lat="35.042696" lon="126.534116"><time>2026-06-28T06:00:40.000Z</time><ele>29</ele></trkpt><trkpt lat="35.042863" lon="126.53411"><time>2026-06-28T06:00:41.000Z</time><ele>29</ele></trkpt><trkpt lat="35.043026" lon="126.534107"><time>2026-06-28T06:00:42.000Z</time><ele>30</ele></trkpt><trkpt lat="35.043187" lon="126.534102"><time>2026-06-28T06:00:43.000Z</time><ele>30</ele></trkpt><trkpt lat="35.043342" lon="126.534096"><time>2026-06-28T06:00:44.000Z</time><ele>30</ele></trkpt><trkpt lat="35.043497" lon="126.53409"><time>2026-06-28T06:00:45.000Z</time><ele>30</ele></trkpt><trkpt lat="35.043648" lon="126.534081"><time>2026-06-28T06:00:46.000Z</time><ele>30</ele></trkpt><trkpt lat="35.043783" lon="126.534079"><time>2026-06-28T06:00:47.000Z</time><ele>30</ele></trkpt><trkpt lat="35.04391" lon="126.534079"><time>2026-06-28T06:00:48.000Z</time><ele>31</ele></trkpt><trkpt lat="35.044028" lon="126.534082"><time>2026-06-28T06:00:49.000Z</time><ele>31</ele></trkpt><trkpt lat="35.044131" lon="126.534084"><time>2026-06-28T06:00:50.000Z</time><ele>31</ele></trkpt><trkpt lat="35.044218" lon="126.534091"><time>2026-06-28T06:00:51.000Z</time><ele>31</ele></trkpt><trkpt lat="35.04429" lon="126.534096"><time>2026-06-28T06:00:52.000Z</time><ele>31</ele></trkpt><trkpt lat="35.044349" lon="126.534103"><time>2026-06-28T06:00:53.000Z</time><ele>31</ele></trkpt><trkpt lat="35.044425" lon="126.534104"><time>2026-06-28T06:00:55.000Z</time><ele>31</ele></trkpt><trkpt lat="35.044493" lon="126.534104"><time>2026-06-28T06:00:58.000Z</time><ele>31</ele></trkpt><trkpt lat="35.044546" lon="126.534098"><time>2026-06-28T06:00:59.000Z</time><ele>31</ele></trkpt><trkpt lat="35.044625" lon="126.534099"><time>2026-06-28T06:01:00.000Z</time><ele>31</ele></trkpt><trkpt lat="35.044722" lon="126.534094"><time>2026-06-28T06:01:01.000Z</time><ele>31</ele></trkpt><trkpt lat="35.044829" lon="126.534089"><time>2026-06-28T06:01:02.000Z</time><ele>31</ele></trkpt><trkpt lat="35.044943" lon="126.534085"><time>2026-06-28T06:01:03.000Z</time><ele>31</ele></trkpt><trkpt lat="35.045061" lon="126.534079"><time>2026-06-28T06:01:04.000Z</time><ele>31</ele></trkpt><trkpt lat="35.045182" lon="126.534066"><time>2026-06-28T06:01:05.000Z</time><ele>31</ele></trkpt><trkpt lat="35.04531" lon="126.534055"><time>2026-06-28T06:01:06.000Z</time><ele>31</ele></trkpt><trkpt lat="35.045445" lon="126.534049"><time>2026-06-28T06:01:07.000Z</time><ele>31</ele></trkpt><trkpt lat="35.045577" lon="126.534043"><time>2026-06-28T06:01:08.000Z</time><ele>31</ele></trkpt><trkpt lat="35.045711" lon="126.534037"><time>2026-06-28T06:01:09.000Z</time><ele>31</ele></trkpt><trkpt lat="35.045853" lon="126.534032"><time>2026-06-28T06:01:10.000Z</time><ele>31</ele></trkpt><trkpt lat="35.045999" lon="126.534025"><time>2026-06-28T06:01:11.000Z</time><ele>31</ele></trkpt><trkpt lat="35.046148" lon="126.534018"><time>2026-06-28T06:01:12.000Z</time><ele>31</ele></trkpt><trkpt lat="35.046304" lon="126.534009"><time>2026-06-28T06:01:13.000Z</time><ele>31</ele></trkpt><trkpt lat="35.046466" lon="126.534004"><time>2026-06-28T06:01:14.000Z</time><ele>31</ele></trkpt><trkpt lat="35.046632" lon="126.533998"><time>2026-06-28T06:01:15.000Z</time><ele>31</ele></trkpt><trkpt lat="35.0468" lon="126.533993"><time>2026-06-28T06:01:16.000Z</time><ele>32</ele></trkpt><trkpt lat="35.046971" lon="126.533988"><time>2026-06-28T06:01:17.000Z</time><ele>32</ele></trkpt><trkpt lat="35.047149" lon="126.533985"><time>2026-06-28T06:01:18.000Z</time><ele>32</ele></trkpt><trkpt lat="35.047332" lon="126.533974"><time>2026-06-28T06:01:19.000Z</time><ele>32</ele></trkpt><trkpt lat="35.047517" lon="126.533957"><time>2026-06-28T06:01:20.000Z</time><ele>32</ele></trkpt><trkpt lat="35.047706" lon="126.533936"><time>2026-06-28T06:01:21.000Z</time><ele>33</ele></trkpt><trkpt lat="35.047898" lon="126.533902"><time>2026-06-28T06:01:22.000Z</time><ele>33</ele></trkpt><trkpt lat="35.048094" lon="126.53386"><time>2026-06-28T06:01:23.000Z</time><ele>33</ele></trkpt><trkpt lat="35.048286" lon="126.533806"><time>2026-06-28T06:01:24.000Z</time><ele>33</ele></trkpt><trkpt lat="35.048481" lon="126.533738"><time>2026-06-28T06:01:25.000Z</time><ele>33</ele></trkpt><trkpt lat="35.048673" lon="126.533669"><time>2026-06-28T06:01:26.000Z</time><ele>33</ele></trkpt><trkpt lat="35.048865" lon="126.533594"><time>2026-06-28T06:01:27.000Z</time><ele>33</ele></trkpt><trkpt lat="35.04906" lon="126.533518"><time>2026-06-28T06:01:28.000Z</time><ele>33</ele></trkpt><trkpt lat="35.049257" lon="126.533442"><time>2026-06-28T06:01:29.000Z</time><ele>34</ele></trkpt><trkpt lat="35.049458" lon="126.533365"><time>2026-06-28T06:01:30.000Z</time><ele>34</ele></trkpt><trkpt lat="35.049658" lon="126.533286"><time>2026-06-28T06:01:31.000Z</time><ele>34</ele></trkpt><trkpt lat="35.04986" lon="126.533209"><time>2026-06-28T06:01:32.000Z</time><ele>34</ele></trkpt><trkpt lat="35.050058" lon="126.533131"><time>2026-06-28T06:01:33.000Z</time><ele>34</ele></trkpt><trkpt lat="35.050258" lon="126.533052"><time>2026-06-28T06:01:34.000Z</time><ele>34</ele></trkpt><trkpt lat="35.050459" lon="126.532971"><time>2026-06-28T06:01:35.000Z</time><ele>35</ele></trkpt><trkpt lat="35.050659" lon="126.532896"><time>2026-06-28T06:01:36.000Z</time><ele>35</ele></trkpt><trkpt lat="35.050857" lon="126.532818"><time>2026-06-28T06:01:37.000Z</time><ele>36</ele></trkpt><trkpt lat="35.051053" lon="126.532746"><time>2026-06-28T06:01:38.000Z</time><ele>36</ele></trkpt><trkpt lat="35.051251" lon="126.532671"><time>2026-06-28T06:01:39.000Z</time><ele>37</ele></trkpt><trkpt lat="35.05145" lon="126.532595"><time>2026-06-28T06:01:40.000Z</time><ele>37</ele></trkpt><trkpt lat="35.05165" lon="126.532521"><time>2026-06-28T06:01:41.000Z</time><ele>37</ele></trkpt><trkpt lat="35.051845" lon="126.532444"><time>2026-06-28T06:01:42.000Z</time><ele>37</ele></trkpt><trkpt lat="35.052039" lon="126.532367"><time>2026-06-28T06:01:43.000Z</time><ele>38</ele></trkpt><trkpt lat="35.052234" lon="126.53229"><time>2026-06-28T06:01:44.000Z</time><ele>38</ele></trkpt><trkpt lat="35.052425" lon="126.532212"><time>2026-06-28T06:01:45.000Z</time><ele>38</ele></trkpt><trkpt lat="35.052624" lon="126.532137"><time>2026-06-28T06:01:46.000Z</time><ele>38</ele></trkpt><trkpt lat="35.052818" lon="126.532062"><time>2026-06-28T06:01:47.000Z</time><ele>38</ele></trkpt><trkpt lat="35.053017" lon="126.531988"><time>2026-06-28T06:01:48.000Z</time><ele>38</ele></trkpt><trkpt lat="35.053214" lon="126.531908"><time>2026-06-28T06:01:49.000Z</time><ele>37</ele></trkpt><trkpt lat="35.053414" lon="126.53183"><time>2026-06-28T06:01:50.000Z</time><ele>37</ele></trkpt><trkpt lat="35.053612" lon="126.531755"><time>2026-06-28T06:01:51.000Z</time><ele>38</ele></trkpt><trkpt lat="35.053815" lon="126.531674"><time>2026-06-28T06:01:52.000Z</time><ele>38</ele></trkpt><trkpt lat="35.054018" lon="126.531596"><time>2026-06-28T06:01:53.000Z</time><ele>38</ele></trkpt><trkpt lat="35.054224" lon="126.531517"><time>2026-06-28T06:01:54.000Z</time><ele>38</ele></trkpt><trkpt lat="35.054424" lon="126.53144"><time>2026-06-28T06:01:55.000Z</time><ele>38</ele></trkpt><trkpt lat="35.054623" lon="126.531366"><time>2026-06-28T06:01:56.000Z</time><ele>37</ele></trkpt><trkpt lat="35.054816" lon="126.531289"><time>2026-06-28T06:01:57.000Z</time><ele>37</ele></trkpt><trkpt lat="35.055009" lon="126.531218"><time>2026-06-28T06:01:58.000Z</time><ele>37</ele></trkpt><trkpt lat="35.055198" lon="126.531148"><time>2026-06-28T06:01:59.000Z</time><ele>38</ele></trkpt><trkpt lat="35.055384" lon="126.531083"><time>2026-06-28T06:02:00.000Z</time><ele>37</ele></trkpt><trkpt lat="35.055567" lon="126.531022"><time>2026-06-28T06:02:01.000Z</time><ele>37</ele></trkpt><trkpt lat="35.055748" lon="126.530962"><time>2026-06-28T06:02:02.000Z</time><ele>37</ele></trkpt><trkpt lat="35.055924" lon="126.530903"><time>2026-06-28T06:02:03.000Z</time><ele>38</ele></trkpt><trkpt lat="35.056094" lon="126.53084"><time>2026-06-28T06:02:04.000Z</time><ele>38</ele></trkpt><trkpt lat="35.056259" lon="126.530777"><time>2026-06-28T06:02:05.000Z</time><ele>37</ele></trkpt><trkpt lat="35.056419" lon="126.530717"><time>2026-06-28T06:02:06.000Z</time><ele>37</ele></trkpt><trkpt lat="35.056576" lon="126.530659"><time>2026-06-28T06:02:07.000Z</time><ele>38</ele></trkpt><trkpt lat="35.056726" lon="126.530604"><time>2026-06-28T06:02:08.000Z</time><ele>38</ele></trkpt><trkpt lat="35.056875" lon="126.530573"><time>2026-06-28T06:02:09.000Z</time><ele>38</ele></trkpt><trkpt lat="35.057024" lon="126.530566"><time>2026-06-28T06:02:10.000Z</time><ele>38</ele></trkpt><trkpt lat="35.057168" lon="126.53058"><time>2026-06-28T06:02:11.000Z</time><ele>38</ele></trkpt><trkpt lat="35.057304" lon="126.53061"><time>2026-06-28T06:02:12.000Z</time><ele>37</ele></trkpt><trkpt lat="35.057437" lon="126.530654"><time>2026-06-28T06:02:13.000Z</time><ele>37</ele></trkpt><trkpt lat="35.057563" lon="126.530717"><time>2026-06-28T06:02:14.000Z</time><ele>36</ele></trkpt><trkpt lat="35.057688" lon="126.530793"><time>2026-06-28T06:02:15.000Z</time><ele>36</ele></trkpt><trkpt lat="35.057809" lon="126.530891"><time>2026-06-28T06:02:16.000Z</time><ele>36</ele></trkpt><trkpt lat="35.057921" lon="126.531013"><time>2026-06-28T06:02:17.000Z</time><ele>35</ele></trkpt><trkpt lat="35.058021" lon="126.531153"><time>2026-06-28T06:02:18.000Z</time><ele>35</ele></trkpt><trkpt lat="35.058106" lon="126.531305"><time>2026-06-28T06:02:19.000Z</time><ele>35</ele></trkpt><trkpt lat="35.058174" lon="126.531458"><time>2026-06-28T06:02:20.000Z</time><ele>35</ele></trkpt><trkpt lat="35.05822" lon="126.531618"><time>2026-06-28T06:02:21.000Z</time><ele>36</ele></trkpt><trkpt lat="35.058247" lon="126.531788"><time>2026-06-28T06:02:22.000Z</time><ele>36</ele></trkpt><trkpt lat="35.058261" lon="126.531958"><time>2026-06-28T06:02:23.000Z</time><ele>36</ele></trkpt><trkpt lat="35.058259" lon="126.532125"><time>2026-06-28T06:02:24.000Z</time><ele>36</ele></trkpt><trkpt lat="35.058241" lon="126.532293"><time>2026-06-28T06:02:25.000Z</time><ele>37</ele></trkpt><trkpt lat="35.058214" lon="126.532468"><time>2026-06-28T06:02:26.000Z</time><ele>37</ele></trkpt><trkpt lat="35.058181" lon="126.532646"><time>2026-06-28T06:02:27.000Z</time><ele>37</ele></trkpt><trkpt lat="35.058149" lon="126.532825"><time>2026-06-28T06:02:28.000Z</time><ele>38</ele></trkpt><trkpt lat="35.058119" lon="126.533008"><time>2026-06-28T06:02:29.000Z</time><ele>39</ele></trkpt><trkpt lat="35.058087" lon="126.5332"><time>2026-06-28T06:02:30.000Z</time><ele>39</ele></trkpt><trkpt lat="35.058056" lon="126.533396"><time>2026-06-28T06:02:31.000Z</time><ele>40</ele></trkpt><trkpt lat="35.058027" lon="126.533595"><time>2026-06-28T06:02:32.000Z</time><ele>40</ele></trkpt><trkpt lat="35.058" lon="126.533796"><time>2026-06-28T06:02:33.000Z</time><ele>40</ele></trkpt><trkpt lat="35.05797" lon="126.534001"><time>2026-06-28T06:02:34.000Z</time><ele>41</ele></trkpt><trkpt lat="35.057946" lon="126.534208"><time>2026-06-28T06:02:35.000Z</time><ele>41</ele></trkpt><trkpt lat="35.057921" lon="126.534417"><time>2026-06-28T06:02:36.000Z</time><ele>42</ele></trkpt><trkpt lat="35.057896" lon="126.534634"><time>2026-06-28T06:02:37.000Z</time><ele>42</ele></trkpt><trkpt lat="35.057877" lon="126.534857"><time>2026-06-28T06:02:38.000Z</time><ele>42</ele></trkpt><trkpt lat="35.057862" lon="126.535082"><time>2026-06-28T06:02:39.000Z</time><ele>43</ele></trkpt><trkpt lat="35.057849" lon="126.535314"><time>2026-06-28T06:02:40.000Z</time><ele>43</ele></trkpt><trkpt lat="35.057839" lon="126.535554"><time>2026-06-28T06:02:41.000Z</time><ele>44</ele></trkpt><trkpt lat="35.057832" lon="126.535796"><time>2026-06-28T06:02:42.000Z</time><ele>44</ele></trkpt><trkpt lat="35.057828" lon="126.536041"><time>2026-06-28T06:02:43.000Z</time><ele>44</ele></trkpt><trkpt lat="35.057831" lon="126.536291"><time>2026-06-28T06:02:44.000Z</time><ele>45</ele></trkpt><trkpt lat="35.05784" lon="126.536545"><time>2026-06-28T06:02:45.000Z</time><ele>45</ele></trkpt><trkpt lat="35.05785" lon="126.536802"><time>2026-06-28T06:02:46.000Z</time><ele>45</ele></trkpt><trkpt lat="35.057865" lon="126.537058"><time>2026-06-28T06:02:47.000Z</time><ele>46</ele></trkpt><trkpt lat="35.057887" lon="126.537318"><time>2026-06-28T06:02:48.000Z</time><ele>46</ele></trkpt><trkpt lat="35.057919" lon="126.537581"><time>2026-06-28T06:02:49.000Z</time><ele>46</ele></trkpt><trkpt lat="35.057958" lon="126.53784"><time>2026-06-28T06:02:50.000Z</time><ele>47</ele></trkpt><trkpt lat="35.057999" lon="126.538105"><time>2026-06-28T06:02:51.000Z</time><ele>47</ele></trkpt><trkpt lat="35.058042" lon="126.538369"><time>2026-06-28T06:02:52.000Z</time><ele>47</ele></trkpt><trkpt lat="35.058092" lon="126.538634"><time>2026-06-28T06:02:53.000Z</time><ele>48</ele></trkpt><trkpt lat="35.058147" lon="126.538898"><time>2026-06-28T06:02:54.000Z</time><ele>49</ele></trkpt><trkpt lat="35.058205" lon="126.53916"><time>2026-06-28T06:02:55.000Z</time><ele>49</ele></trkpt><trkpt lat="35.058267" lon="126.539424"><time>2026-06-28T06:02:56.000Z</time><ele>50</ele></trkpt><trkpt lat="35.058331" lon="126.539685"><time>2026-06-28T06:02:57.000Z</time><ele>50</ele></trkpt><trkpt lat="35.058404" lon="126.539947"><time>2026-06-28T06:02:58.000Z</time><ele>51</ele></trkpt><trkpt lat="35.058483" lon="126.540203"><time>2026-06-28T06:02:59.000Z</time><ele>52</ele></trkpt><trkpt lat="35.058567" lon="126.54046"><time>2026-06-28T06:03:00.000Z</time><ele>53</ele></trkpt><trkpt lat="35.058652" lon="126.540711"><time>2026-06-28T06:03:01.000Z</time><ele>53</ele></trkpt><trkpt lat="35.058739" lon="126.540962"><time>2026-06-28T06:03:02.000Z</time><ele>53</ele></trkpt><trkpt lat="35.058836" lon="126.541209"><time>2026-06-28T06:03:03.000Z</time><ele>54</ele></trkpt><trkpt lat="35.058939" lon="126.541454"><time>2026-06-28T06:03:04.000Z</time><ele>54</ele></trkpt><trkpt lat="35.059044" lon="126.5417"><time>2026-06-28T06:03:05.000Z</time><ele>54</ele></trkpt><trkpt lat="35.059151" lon="126.541947"><time>2026-06-28T06:03:06.000Z</time><ele>54</ele></trkpt><trkpt lat="35.059266" lon="126.542187"><time>2026-06-28T06:03:07.000Z</time><ele>55</ele></trkpt><trkpt lat="35.059395" lon="126.542421"><time>2026-06-28T06:03:08.000Z</time><ele>55</ele></trkpt><trkpt lat="35.059524" lon="126.542657"><time>2026-06-28T06:03:09.000Z</time><ele>55</ele></trkpt><trkpt lat="35.05966" lon="126.542887"><time>2026-06-28T06:03:10.000Z</time><ele>55</ele></trkpt><trkpt lat="35.0598" lon="126.543113"><time>2026-06-28T06:03:11.000Z</time><ele>56</ele></trkpt><trkpt lat="35.059942" lon="126.54334"><time>2026-06-28T06:03:12.000Z</time><ele>56</ele></trkpt><trkpt lat="35.060089" lon="126.543561"><time>2026-06-28T06:03:13.000Z</time><ele>56</ele></trkpt><trkpt lat="35.060236" lon="126.54378"><time>2026-06-28T06:03:14.000Z</time><ele>56</ele></trkpt><trkpt lat="35.060389" lon="126.543993"><time>2026-06-28T06:03:15.000Z</time><ele>57</ele></trkpt><trkpt lat="35.060546" lon="126.5442"><time>2026-06-28T06:03:16.000Z</time><ele>57</ele></trkpt><trkpt lat="35.060711" lon="126.544402"><time>2026-06-28T06:03:17.000Z</time><ele>57</ele></trkpt><trkpt lat="35.060876" lon="126.544602"><time>2026-06-28T06:03:18.000Z</time><ele>57</ele></trkpt><trkpt lat="35.061051" lon="126.544795"><time>2026-06-28T06:03:19.000Z</time><ele>57</ele></trkpt><trkpt lat="35.061227" lon="126.544988"><time>2026-06-28T06:03:20.000Z</time><ele>58</ele></trkpt><trkpt lat="35.06141" lon="126.545176"><time>2026-06-28T06:03:21.000Z</time><ele>58</ele></trkpt><trkpt lat="35.061599" lon="126.545357"><time>2026-06-28T06:03:22.000Z</time><ele>59</ele></trkpt><trkpt lat="35.061793" lon="126.545533"><time>2026-06-28T06:03:23.000Z</time><ele>59</ele></trkpt><trkpt lat="35.061988" lon="126.545709"><time>2026-06-28T06:03:24.000Z</time><ele>60</ele></trkpt><trkpt lat="35.062187" lon="126.545875"><time>2026-06-28T06:03:25.000Z</time><ele>60</ele></trkpt><trkpt lat="35.062388" lon="126.546032"><time>2026-06-28T06:03:26.000Z</time><ele>60</ele></trkpt><trkpt lat="35.062593" lon="126.546187"><time>2026-06-28T06:03:27.000Z</time><ele>61</ele></trkpt><trkpt lat="35.062797" lon="126.546337"><time>2026-06-28T06:03:28.000Z</time><ele>62</ele></trkpt><trkpt lat="35.063011" lon="126.546474"><time>2026-06-28T06:03:29.000Z</time><ele>62</ele></trkpt><trkpt lat="35.063222" lon="126.546605"><time>2026-06-28T06:03:30.000Z</time><ele>63</ele></trkpt><trkpt lat="35.063437" lon="126.546727"><time>2026-06-28T06:03:31.000Z</time><ele>63</ele></trkpt><trkpt lat="35.06365" lon="126.546844"><time>2026-06-28T06:03:32.000Z</time><ele>64</ele></trkpt><trkpt lat="35.063864" lon="126.546955"><time>2026-06-28T06:03:33.000Z</time><ele>65</ele></trkpt><trkpt lat="35.064078" lon="126.547063"><time>2026-06-28T06:03:34.000Z</time><ele>65</ele></trkpt><trkpt lat="35.064293" lon="126.547163"><time>2026-06-28T06:03:35.000Z</time><ele>66</ele></trkpt><trkpt lat="35.064515" lon="126.547259"><time>2026-06-28T06:03:36.000Z</time><ele>66</ele></trkpt><trkpt lat="35.064737" lon="126.547347"><time>2026-06-28T06:03:37.000Z</time><ele>67</ele></trkpt><trkpt lat="35.064963" lon="126.547427"><time>2026-06-28T06:03:38.000Z</time><ele>67</ele></trkpt><trkpt lat="35.065189" lon="126.547505"><time>2026-06-28T06:03:39.000Z</time><ele>68</ele></trkpt><trkpt lat="35.065417" lon="126.547573"><time>2026-06-28T06:03:40.000Z</time><ele>68</ele></trkpt><trkpt lat="35.065644" lon="126.547632"><time>2026-06-28T06:03:41.000Z</time><ele>68</ele></trkpt><trkpt lat="35.065873" lon="126.547683"><time>2026-06-28T06:03:42.000Z</time><ele>68</ele></trkpt><trkpt lat="35.066107" lon="126.54773"><time>2026-06-28T06:03:43.000Z</time><ele>69</ele></trkpt><trkpt lat="35.06634" lon="126.547771"><time>2026-06-28T06:03:44.000Z</time><ele>69</ele></trkpt><trkpt lat="35.066572" lon="126.54781"><time>2026-06-28T06:03:45.000Z</time><ele>69</ele></trkpt><trkpt lat="35.066811" lon="126.547839"><time>2026-06-28T06:03:46.000Z</time><ele>68</ele></trkpt><trkpt lat="35.067049" lon="126.547863"><time>2026-06-28T06:03:47.000Z</time><ele>68</ele></trkpt><trkpt lat="35.067288" lon="126.547877"><time>2026-06-28T06:03:48.000Z</time><ele>68</ele></trkpt><trkpt lat="35.067528" lon="126.547884"><time>2026-06-28T06:03:49.000Z</time><ele>68</ele></trkpt><trkpt lat="35.067765" lon="126.547884"><time>2026-06-28T06:03:50.000Z</time><ele>68</ele></trkpt><trkpt lat="35.068" lon="126.547888"><time>2026-06-28T06:03:51.000Z</time><ele>68</ele></trkpt><trkpt lat="35.068236" lon="126.547891"><time>2026-06-28T06:03:52.000Z</time><ele>68</ele></trkpt><trkpt lat="35.068472" lon="126.547895"><time>2026-06-28T06:03:53.000Z</time><ele>68</ele></trkpt><trkpt lat="35.068707" lon="126.547896"><time>2026-06-28T06:03:54.000Z</time><ele>68</ele></trkpt><trkpt lat="35.068942" lon="126.547893"><time>2026-06-28T06:03:55.000Z</time><ele>68</ele></trkpt><trkpt lat="35.069174" lon="126.547887"><time>2026-06-28T06:03:56.000Z</time><ele>68</ele></trkpt><trkpt lat="35.069406" lon="126.54788"><time>2026-06-28T06:03:57.000Z</time><ele>68</ele></trkpt><trkpt lat="35.069637" lon="126.547878"><time>2026-06-28T06:03:58.000Z</time><ele>68</ele></trkpt><trkpt lat="35.069868" lon="126.547874"><time>2026-06-28T06:03:59.000Z</time><ele>69</ele></trkpt><trkpt lat="35.070094" lon="126.547869"><time>2026-06-28T06:04:00.000Z</time><ele>69</ele></trkpt><trkpt lat="35.070315" lon="126.547865"><time>2026-06-28T06:04:01.000Z</time><ele>69</ele></trkpt><trkpt lat="35.070537" lon="126.547866"><time>2026-06-28T06:04:02.000Z</time><ele>69</ele></trkpt><trkpt lat="35.070758" lon="126.547861"><time>2026-06-28T06:04:03.000Z</time><ele>69</ele></trkpt><trkpt lat="35.070972" lon="126.547855"><time>2026-06-28T06:04:04.000Z</time><ele>70</ele></trkpt><trkpt lat="35.071185" lon="126.54785"><time>2026-06-28T06:04:05.000Z</time><ele>70</ele></trkpt><trkpt lat="35.071399" lon="126.547841"><time>2026-06-28T06:04:06.000Z</time><ele>70</ele></trkpt><trkpt lat="35.071613" lon="126.547834"><time>2026-06-28T06:04:07.000Z</time><ele>70</ele></trkpt><trkpt lat="35.071823" lon="126.547825"><time>2026-06-28T06:04:08.000Z</time><ele>70</ele></trkpt><trkpt lat="35.072035" lon="126.54782"><time>2026-06-28T06:04:09.000Z</time><ele>70</ele></trkpt><trkpt lat="35.072247" lon="126.547819"><time>2026-06-28T06:04:10.000Z</time><ele>70</ele></trkpt><trkpt lat="35.072458" lon="126.547821"><time>2026-06-28T06:04:11.000Z</time><ele>70</ele></trkpt><trkpt lat="35.072669" lon="126.547823"><time>2026-06-28T06:04:12.000Z</time><ele>70</ele></trkpt><trkpt lat="35.072879" lon="126.547818"><time>2026-06-28T06:04:13.000Z</time><ele>70</ele></trkpt><trkpt lat="35.073092" lon="126.54781"><time>2026-06-28T06:04:14.000Z</time><ele>70</ele></trkpt><trkpt lat="35.073306" lon="126.547804"><time>2026-06-28T06:04:15.000Z</time><ele>70</ele></trkpt><trkpt lat="35.07352" lon="126.547799"><time>2026-06-28T06:04:16.000Z</time><ele>70</ele></trkpt><trkpt lat="35.073737" lon="126.547795"><time>2026-06-28T06:04:17.000Z</time><ele>70</ele></trkpt><trkpt lat="35.073956" lon="126.547788"><time>2026-06-28T06:04:18.000Z</time><ele>69</ele></trkpt><trkpt lat="35.074175" lon="126.547778"><time>2026-06-28T06:04:19.000Z</time><ele>69</ele></trkpt><trkpt lat="35.074395" lon="126.547771"><time>2026-06-28T06:04:20.000Z</time><ele>69</ele></trkpt><trkpt lat="35.074617" lon="126.547767"><time>2026-06-28T06:04:21.000Z</time><ele>69</ele></trkpt><trkpt lat="35.074841" lon="126.54776"><time>2026-06-28T06:04:22.000Z</time><ele>68</ele></trkpt><trkpt lat="35.075066" lon="126.54776"><time>2026-06-28T06:04:23.000Z</time><ele>68</ele></trkpt><trkpt lat="35.075292" lon="126.547762"><time>2026-06-28T06:04:24.000Z</time><ele>68</ele></trkpt><trkpt lat="35.075518" lon="126.547763"><time>2026-06-28T06:04:25.000Z</time><ele>68</ele></trkpt><trkpt lat="35.075746" lon="126.547769"><time>2026-06-28T06:04:26.000Z</time><ele>67</ele></trkpt><trkpt lat="35.075975" lon="126.547774"><time>2026-06-28T06:04:27.000Z</time><ele>67</ele></trkpt><trkpt lat="35.076204" lon="126.547789"><time>2026-06-28T06:04:28.000Z</time><ele>66</ele></trkpt><trkpt lat="35.076432" lon="126.547806"><time>2026-06-28T06:04:29.000Z</time><ele>67</ele></trkpt><trkpt lat="35.076662" lon="126.547824"><time>2026-06-28T06:04:30.000Z</time><ele>67</ele></trkpt><trkpt lat="35.076891" lon="126.547835"><time>2026-06-28T06:04:31.000Z</time><ele>67</ele></trkpt><trkpt lat="35.077122" lon="126.547855"><time>2026-06-28T06:04:32.000Z</time><ele>67</ele></trkpt><trkpt lat="35.07735" lon="126.547878"><time>2026-06-28T06:04:33.000Z</time><ele>67</ele></trkpt><trkpt lat="35.077577" lon="126.547901"><time>2026-06-28T06:04:34.000Z</time><ele>68</ele></trkpt><trkpt lat="35.077804" lon="126.547926"><time>2026-06-28T06:04:35.000Z</time><ele>68</ele></trkpt><trkpt lat="35.07803" lon="126.547961"><time>2026-06-28T06:04:36.000Z</time><ele>68</ele></trkpt><trkpt lat="35.078255" lon="126.547998"><time>2026-06-28T06:04:37.000Z</time><ele>68</ele></trkpt><trkpt lat="35.07848" lon="126.548036"><time>2026-06-28T06:04:38.000Z</time><ele>69</ele></trkpt><trkpt lat="35.078708" lon="126.548068"><time>2026-06-28T06:04:39.000Z</time><ele>69</ele></trkpt><trkpt lat="35.078937" lon="126.548101"><time>2026-06-28T06:04:40.000Z</time><ele>69</ele></trkpt><trkpt lat="35.079167" lon="126.548138"><time>2026-06-28T06:04:41.000Z</time><ele>68</ele></trkpt><trkpt lat="35.079397" lon="126.548181"><time>2026-06-28T06:04:42.000Z</time><ele>68</ele></trkpt><trkpt lat="35.079622" lon="126.548228"><time>2026-06-28T06:04:43.000Z</time><ele>68</ele></trkpt><trkpt lat="35.079838" lon="126.548275"><time>2026-06-28T06:04:44.000Z</time><ele>68</ele></trkpt><trkpt lat="35.080046" lon="126.548322"><time>2026-06-28T06:04:45.000Z</time><ele>68</ele></trkpt><trkpt lat="35.08025" lon="126.548369"><time>2026-06-28T06:04:46.000Z</time><ele>68</ele></trkpt><trkpt lat="35.080446" lon="126.548414"><time>2026-06-28T06:04:47.000Z</time><ele>67</ele></trkpt><trkpt lat="35.080636" lon="126.548461"><time>2026-06-28T06:04:48.000Z</time><ele>67</ele></trkpt><trkpt lat="35.08082" lon="126.54851"><time>2026-06-28T06:04:49.000Z</time><ele>67</ele></trkpt><trkpt lat="35.081004" lon="126.548559"><time>2026-06-28T06:04:50.000Z</time><ele>67</ele></trkpt><trkpt lat="35.081179" lon="126.548605"><time>2026-06-28T06:04:51.000Z</time><ele>67</ele></trkpt><trkpt lat="35.081355" lon="126.548648"><time>2026-06-28T06:04:52.000Z</time><ele>67</ele></trkpt><trkpt lat="35.081521" lon="126.548692"><time>2026-06-28T06:04:53.000Z</time><ele>67</ele></trkpt><trkpt lat="35.081684" lon="126.548739"><time>2026-06-28T06:04:54.000Z</time><ele>66</ele></trkpt><trkpt lat="35.081839" lon="126.54879"><time>2026-06-28T06:04:55.000Z</time><ele>66</ele></trkpt><trkpt lat="35.081995" lon="126.548842"><time>2026-06-28T06:04:56.000Z</time><ele>66</ele></trkpt><trkpt lat="35.082158" lon="126.548901"><time>2026-06-28T06:04:57.000Z</time><ele>66</ele></trkpt><trkpt lat="35.082319" lon="126.548959"><time>2026-06-28T06:04:58.000Z</time><ele>66</ele></trkpt><trkpt lat="35.082481" lon="126.549024"><time>2026-06-28T06:04:59.000Z</time><ele>66</ele></trkpt><trkpt lat="35.082645" lon="126.549097"><time>2026-06-28T06:05:00.000Z</time><ele>66</ele></trkpt><trkpt lat="35.082809" lon="126.549171"><time>2026-06-28T06:05:01.000Z</time><ele>65</ele></trkpt><trkpt lat="35.082975" lon="126.549249"><time>2026-06-28T06:05:02.000Z</time><ele>65</ele></trkpt><trkpt lat="35.083141" lon="126.54933"><time>2026-06-28T06:05:03.000Z</time><ele>65</ele></trkpt><trkpt lat="35.083306" lon="126.549418"><time>2026-06-28T06:05:04.000Z</time><ele>65</ele></trkpt><trkpt lat="35.083469" lon="126.549517"><time>2026-06-28T06:05:05.000Z</time><ele>65</ele></trkpt><trkpt lat="35.083631" lon="126.549617"><time>2026-06-28T06:05:06.000Z</time><ele>64</ele></trkpt><trkpt lat="35.083793" lon="126.549723"><time>2026-06-28T06:05:07.000Z</time><ele>64</ele></trkpt><trkpt lat="35.083955" lon="126.549831"><time>2026-06-28T06:05:08.000Z</time><ele>64</ele></trkpt><trkpt lat="35.084119" lon="126.549939"><time>2026-06-28T06:05:09.000Z</time><ele>65</ele></trkpt><trkpt lat="35.084281" lon="126.550048"><time>2026-06-28T06:05:10.000Z</time><ele>65</ele></trkpt><trkpt lat="35.084446" lon="126.550158"><time>2026-06-28T06:05:11.000Z</time><ele>65</ele></trkpt><trkpt lat="35.084609" lon="126.550267"><time>2026-06-28T06:05:12.000Z</time><ele>65</ele></trkpt><trkpt lat="35.084776" lon="126.550372"><time>2026-06-28T06:05:13.000Z</time><ele>66</ele></trkpt><trkpt lat="35.084944" lon="126.550473"><time>2026-06-28T06:05:14.000Z</time><ele>66</ele></trkpt><trkpt lat="35.085112" lon="126.550564"><time>2026-06-28T06:05:15.000Z</time><ele>66</ele></trkpt><trkpt lat="35.085285" lon="126.550648"><time>2026-06-28T06:05:16.000Z</time><ele>66</ele></trkpt><trkpt lat="35.085456" lon="126.550725"><time>2026-06-28T06:05:17.000Z</time><ele>66</ele></trkpt><trkpt lat="35.085629" lon="126.550799"><time>2026-06-28T06:05:18.000Z</time><ele>66</ele></trkpt><trkpt lat="35.085804" lon="126.550871"><time>2026-06-28T06:05:19.000Z</time><ele>66</ele></trkpt><trkpt lat="35.085982" lon="126.550943"><time>2026-06-28T06:05:20.000Z</time><ele>66</ele></trkpt><trkpt lat="35.086161" lon="126.551015"><time>2026-06-28T06:05:21.000Z</time><ele>66</ele></trkpt><trkpt lat="35.086342" lon="126.551086"><time>2026-06-28T06:05:22.000Z</time><ele>66</ele></trkpt><trkpt lat="35.086519" lon="126.551158"><time>2026-06-28T06:05:23.000Z</time><ele>66</ele></trkpt><trkpt lat="35.086691" lon="126.551234"><time>2026-06-28T06:05:24.000Z</time><ele>66</ele></trkpt><trkpt lat="35.086858" lon="126.551314"><time>2026-06-28T06:05:25.000Z</time><ele>66</ele></trkpt><trkpt lat="35.087016" lon="126.551383"><time>2026-06-28T06:05:26.000Z</time><ele>67</ele></trkpt><trkpt lat="35.087166" lon="126.551441"><time>2026-06-28T06:05:27.000Z</time><ele>67</ele></trkpt><trkpt lat="35.087312" lon="126.551489"><time>2026-06-28T06:05:28.000Z</time><ele>67</ele></trkpt><trkpt lat="35.087452" lon="126.551548"><time>2026-06-28T06:05:29.000Z</time><ele>67</ele></trkpt><trkpt lat="35.087585" lon="126.551617"><time>2026-06-28T06:05:30.000Z</time><ele>67</ele></trkpt><trkpt lat="35.087715" lon="126.551693"><time>2026-06-28T06:05:31.000Z</time><ele>68</ele></trkpt><trkpt lat="35.087841" lon="126.551759"><time>2026-06-28T06:05:32.000Z</time><ele>68</ele></trkpt><trkpt lat="35.087961" lon="126.551825"><time>2026-06-28T06:05:33.000Z</time><ele>68</ele></trkpt><trkpt lat="35.08808" lon="126.551887"><time>2026-06-28T06:05:34.000Z</time><ele>69</ele></trkpt><trkpt lat="35.088192" lon="126.551948"><time>2026-06-28T06:05:35.000Z</time><ele>69</ele></trkpt><trkpt lat="35.088298" lon="126.552008"><time>2026-06-28T06:05:36.000Z</time><ele>69</ele></trkpt><trkpt lat="35.08839" lon="126.552064"><time>2026-06-28T06:05:37.000Z</time><ele>69</ele></trkpt><trkpt lat="35.088476" lon="126.552117"><time>2026-06-28T06:05:38.000Z</time><ele>70</ele></trkpt><trkpt lat="35.088564" lon="126.552169"><time>2026-06-28T06:05:39.000Z</time><ele>70</ele></trkpt><trkpt lat="35.088654" lon="126.552222"><time>2026-06-28T06:05:40.000Z</time><ele>70</ele></trkpt><trkpt lat="35.088751" lon="126.55228"><time>2026-06-28T06:05:41.000Z</time><ele>70</ele></trkpt><trkpt lat="35.088855" lon="126.552344"><time>2026-06-28T06:05:42.000Z</time><ele>70</ele></trkpt><trkpt lat="35.088965" lon="126.552415"><time>2026-06-28T06:05:43.000Z</time><ele>70</ele></trkpt><trkpt lat="35.089077" lon="126.552482"><time>2026-06-28T06:05:44.000Z</time><ele>70</ele></trkpt><trkpt lat="35.08919" lon="126.552547"><time>2026-06-28T06:05:45.000Z</time><ele>70</ele></trkpt><trkpt lat="35.089299" lon="126.552614"><time>2026-06-28T06:05:46.000Z</time><ele>70</ele></trkpt><trkpt lat="35.0894" lon="126.552678"><time>2026-06-28T06:05:47.000Z</time><ele>69</ele></trkpt><trkpt lat="35.089499" lon="126.552738"><time>2026-06-28T06:05:48.000Z</time><ele>69</ele></trkpt><trkpt lat="35.089607" lon="126.552798"><time>2026-06-28T06:05:49.000Z</time><ele>69</ele></trkpt><trkpt lat="35.089717" lon="126.552864"><time>2026-06-28T06:05:50.000Z</time><ele>70</ele></trkpt><trkpt lat="35.089839" lon="126.552926"><time>2026-06-28T06:05:51.000Z</time><ele>70</ele></trkpt><trkpt lat="35.089962" lon="126.552992"><time>2026-06-28T06:05:52.000Z</time><ele>70</ele></trkpt><trkpt lat="35.090084" lon="126.55306"><time>2026-06-28T06:05:53.000Z</time><ele>71</ele></trkpt><trkpt lat="35.090206" lon="126.553136"><time>2026-06-28T06:05:54.000Z</time><ele>71</ele></trkpt><trkpt lat="35.09033" lon="126.553215"><time>2026-06-28T06:05:55.000Z</time><ele>71</ele></trkpt><trkpt lat="35.090454" lon="126.553301"><time>2026-06-28T06:05:56.000Z</time><ele>72</ele></trkpt><trkpt lat="35.090573" lon="126.55339"><time>2026-06-28T06:05:57.000Z</time><ele>72</ele></trkpt><trkpt lat="35.090691" lon="126.553484"><time>2026-06-28T06:05:58.000Z</time><ele>72</ele></trkpt><trkpt lat="35.090812" lon="126.553575"><time>2026-06-28T06:05:59.000Z</time><ele>72</ele></trkpt><trkpt lat="35.090937" lon="126.553656"><time>2026-06-28T06:06:00.000Z</time><ele>73</ele></trkpt><trkpt lat="35.091062" lon="126.553737"><time>2026-06-28T06:06:01.000Z</time><ele>73</ele></trkpt><trkpt lat="35.09119" lon="126.553821"><time>2026-06-28T06:06:02.000Z</time><ele>73</ele></trkpt><trkpt lat="35.091321" lon="126.553905"><time>2026-06-28T06:06:03.000Z</time><ele>73</ele></trkpt><trkpt lat="35.091454" lon="126.553989"><time>2026-06-28T06:06:04.000Z</time><ele>74</ele></trkpt><trkpt lat="35.091591" lon="126.554076"><time>2026-06-28T06:06:05.000Z</time><ele>74</ele></trkpt><trkpt lat="35.091726" lon="126.554167"><time>2026-06-28T06:06:06.000Z</time><ele>74</ele></trkpt><trkpt lat="35.091862" lon="126.554263"><time>2026-06-28T06:06:07.000Z</time><ele>74</ele></trkpt><trkpt lat="35.091998" lon="126.55436"><time>2026-06-28T06:06:08.000Z</time><ele>74</ele></trkpt><trkpt lat="35.092138" lon="126.554461"><time>2026-06-28T06:06:09.000Z</time><ele>74</ele></trkpt><trkpt lat="35.09228" lon="126.554559"><time>2026-06-28T06:06:10.000Z</time><ele>74</ele></trkpt><trkpt lat="35.092426" lon="126.554655"><time>2026-06-28T06:06:11.000Z</time><ele>74</ele></trkpt><trkpt lat="35.092571" lon="126.55475"><time>2026-06-28T06:06:12.000Z</time><ele>74</ele></trkpt><trkpt lat="35.092714" lon="126.554853"><time>2026-06-28T06:06:13.000Z</time><ele>74</ele></trkpt><trkpt lat="35.092854" lon="126.554965"><time>2026-06-28T06:06:14.000Z</time><ele>74</ele></trkpt><trkpt lat="35.092993" lon="126.555084"><time>2026-06-28T06:06:15.000Z</time><ele>74</ele></trkpt><trkpt lat="35.093131" lon="126.555201"><time>2026-06-28T06:06:16.000Z</time><ele>74</ele></trkpt><trkpt lat="35.093271" lon="126.555323"><time>2026-06-28T06:06:17.000Z</time><ele>75</ele></trkpt><trkpt lat="35.093413" lon="126.555446"><time>2026-06-28T06:06:18.000Z</time><ele>75</ele></trkpt><trkpt lat="35.093553" lon="126.555572"><time>2026-06-28T06:06:19.000Z</time><ele>75</ele></trkpt><trkpt lat="35.093698" lon="126.5557"><time>2026-06-28T06:06:20.000Z</time><ele>75</ele></trkpt><trkpt lat="35.093846" lon="126.555834"><time>2026-06-28T06:06:21.000Z</time><ele>75</ele></trkpt><trkpt lat="35.093994" lon="126.555968"><time>2026-06-28T06:06:22.000Z</time><ele>76</ele></trkpt><trkpt lat="35.094146" lon="126.556106"><time>2026-06-28T06:06:23.000Z</time><ele>76</ele></trkpt><trkpt lat="35.094299" lon="126.556242"><time>2026-06-28T06:06:24.000Z</time><ele>77</ele></trkpt><trkpt lat="35.094452" lon="126.556383"><time>2026-06-28T06:06:25.000Z</time><ele>77</ele></trkpt><trkpt lat="35.094606" lon="126.556523"><time>2026-06-28T06:06:26.000Z</time><ele>78</ele></trkpt><trkpt lat="35.094761" lon="126.556662"><time>2026-06-28T06:06:27.000Z</time><ele>78</ele></trkpt><trkpt lat="35.094917" lon="126.556803"><time>2026-06-28T06:06:28.000Z</time><ele>79</ele></trkpt><trkpt lat="35.095073" lon="126.556943"><time>2026-06-28T06:06:29.000Z</time><ele>79</ele></trkpt><trkpt lat="35.09523" lon="126.55708"><time>2026-06-28T06:06:30.000Z</time><ele>79</ele></trkpt><trkpt lat="35.09538" lon="126.557228"><time>2026-06-28T06:06:31.000Z</time><ele>80</ele></trkpt><trkpt lat="35.095524" lon="126.557384"><time>2026-06-28T06:06:32.000Z</time><ele>81</ele></trkpt><trkpt lat="35.095668" lon="126.557541"><time>2026-06-28T06:06:33.000Z</time><ele>81</ele></trkpt><trkpt lat="35.095814" lon="126.557697"><time>2026-06-28T06:06:34.000Z</time><ele>81</ele></trkpt><trkpt lat="35.095959" lon="126.557856"><time>2026-06-28T06:06:35.000Z</time><ele>82</ele></trkpt><trkpt lat="35.096104" lon="126.558013"><time>2026-06-28T06:06:36.000Z</time><ele>82</ele></trkpt><trkpt lat="35.096252" lon="126.558169"><time>2026-06-28T06:06:37.000Z</time><ele>82</ele></trkpt><trkpt lat="35.0964" lon="126.558329"><time>2026-06-28T06:06:38.000Z</time><ele>83</ele></trkpt><trkpt lat="35.09655" lon="126.558486"><time>2026-06-28T06:06:39.000Z</time><ele>83</ele></trkpt><trkpt lat="35.096702" lon="126.55864"><time>2026-06-28T06:06:40.000Z</time><ele>83</ele></trkpt><trkpt lat="35.09686" lon="126.558789"><time>2026-06-28T06:06:41.000Z</time><ele>83</ele></trkpt><trkpt lat="35.097016" lon="126.558939"><time>2026-06-28T06:06:42.000Z</time><ele>84</ele></trkpt><trkpt lat="35.097175" lon="126.559087"><time>2026-06-28T06:06:43.000Z</time><ele>84</ele></trkpt><trkpt lat="35.097328" lon="126.559237"><time>2026-06-28T06:06:44.000Z</time><ele>84</ele></trkpt><trkpt lat="35.097486" lon="126.55939"><time>2026-06-28T06:06:45.000Z</time><ele>84</ele></trkpt><trkpt lat="35.097646" lon="126.559546"><time>2026-06-28T06:06:46.000Z</time><ele>83</ele></trkpt><trkpt lat="35.097804" lon="126.559712"><time>2026-06-28T06:06:47.000Z</time><ele>81</ele></trkpt><trkpt lat="35.09796" lon="126.559878"><time>2026-06-28T06:06:48.000Z</time><ele>80</ele></trkpt><trkpt lat="35.098113" lon="126.560043"><time>2026-06-28T06:06:49.000Z</time><ele>79</ele></trkpt><trkpt lat="35.098262" lon="126.560205"><time>2026-06-28T06:06:50.000Z</time><ele>79</ele></trkpt><trkpt lat="35.098409" lon="126.560363"><time>2026-06-28T06:06:51.000Z</time><ele>78</ele></trkpt><trkpt lat="35.098554" lon="126.560519"><time>2026-06-28T06:06:52.000Z</time><ele>77</ele></trkpt><trkpt lat="35.098695" lon="126.560675"><time>2026-06-28T06:06:53.000Z</time><ele>77</ele></trkpt><trkpt lat="35.098834" lon="126.560828"><time>2026-06-28T06:06:54.000Z</time><ele>76</ele></trkpt><trkpt lat="35.09897" lon="126.560979"><time>2026-06-28T06:06:55.000Z</time><ele>75</ele></trkpt><trkpt lat="35.099104" lon="126.561128"><time>2026-06-28T06:06:56.000Z</time><ele>75</ele></trkpt><trkpt lat="35.099234" lon="126.561276"><time>2026-06-28T06:06:57.000Z</time><ele>74</ele></trkpt><trkpt lat="35.099354" lon="126.561428"><time>2026-06-28T06:06:58.000Z</time><ele>74</ele></trkpt><trkpt lat="35.099469" lon="126.561592"><time>2026-06-28T06:06:59.000Z</time><ele>73</ele></trkpt><trkpt lat="35.099571" lon="126.561766"><time>2026-06-28T06:07:00.000Z</time><ele>72</ele></trkpt><trkpt lat="35.09967" lon="126.561948"><time>2026-06-28T06:07:01.000Z</time><ele>72</ele></trkpt><trkpt lat="35.099763" lon="126.562142"><time>2026-06-28T06:07:02.000Z</time><ele>72</ele></trkpt><trkpt lat="35.099838" lon="126.562351"><time>2026-06-28T06:07:03.000Z</time><ele>71</ele></trkpt><trkpt lat="35.099896" lon="126.562582"><time>2026-06-28T06:07:04.000Z</time><ele>71</ele></trkpt><trkpt lat="35.099945" lon="126.562807"><time>2026-06-28T06:07:05.000Z</time><ele>70</ele></trkpt><trkpt lat="35.099989" lon="126.563034"><time>2026-06-28T06:07:06.000Z</time><ele>70</ele></trkpt><trkpt lat="35.10003" lon="126.563258"><time>2026-06-28T06:07:07.000Z</time><ele>69</ele></trkpt><trkpt lat="35.100071" lon="126.563478"><time>2026-06-28T06:07:08.000Z</time><ele>68</ele></trkpt><trkpt lat="35.100113" lon="126.563694"><time>2026-06-28T06:07:09.000Z</time><ele>68</ele></trkpt><trkpt lat="35.100146" lon="126.563908"><time>2026-06-28T06:07:10.000Z</time><ele>67</ele></trkpt><trkpt lat="35.100164" lon="126.56412"><time>2026-06-28T06:07:11.000Z</time><ele>67</ele></trkpt><trkpt lat="35.100166" lon="126.564329"><time>2026-06-28T06:07:12.000Z</time><ele>67</ele></trkpt><trkpt lat="35.100156" lon="126.564533"><time>2026-06-28T06:07:13.000Z</time><ele>66</ele></trkpt><trkpt lat="35.100135" lon="126.56473"><time>2026-06-28T06:07:14.000Z</time><ele>66</ele></trkpt><trkpt lat="35.1001" lon="126.564922"><time>2026-06-28T06:07:15.000Z</time><ele>66</ele></trkpt><trkpt lat="35.100053" lon="126.565115"><time>2026-06-28T06:07:16.000Z</time><ele>65</ele></trkpt><trkpt lat="35.099994" lon="126.565306"><time>2026-06-28T06:07:17.000Z</time><ele>66</ele></trkpt><trkpt lat="35.099927" lon="126.565502"><time>2026-06-28T06:07:18.000Z</time><ele>66</ele></trkpt><trkpt lat="35.099864" lon="126.5657"><time>2026-06-28T06:07:19.000Z</time><ele>66</ele></trkpt><trkpt lat="35.099805" lon="126.565901"><time>2026-06-28T06:07:20.000Z</time><ele>66</ele></trkpt><trkpt lat="35.099751" lon="126.566104"><time>2026-06-28T06:07:21.000Z</time><ele>66</ele></trkpt><trkpt lat="35.099707" lon="126.566311"><time>2026-06-28T06:07:22.000Z</time><ele>66</ele></trkpt><trkpt lat="35.099671" lon="126.566527"><time>2026-06-28T06:07:23.000Z</time><ele>66</ele></trkpt><trkpt lat="35.09964" lon="126.566749"><time>2026-06-28T06:07:24.000Z</time><ele>65</ele></trkpt><trkpt lat="35.099618" lon="126.566973"><time>2026-06-28T06:07:25.000Z</time><ele>65</ele></trkpt><trkpt lat="35.099602" lon="126.567207"><time>2026-06-28T06:07:26.000Z</time><ele>64</ele></trkpt><trkpt lat="35.099587" lon="126.567444"><time>2026-06-28T06:07:27.000Z</time><ele>64</ele></trkpt><trkpt lat="35.099569" lon="126.567685"><time>2026-06-28T06:07:28.000Z</time><ele>64</ele></trkpt><trkpt lat="35.099551" lon="126.56793"><time>2026-06-28T06:07:29.000Z</time><ele>63</ele></trkpt><trkpt lat="35.099533" lon="126.568175"><time>2026-06-28T06:07:30.000Z</time><ele>63</ele></trkpt><trkpt lat="35.099514" lon="126.568426"><time>2026-06-28T06:07:31.000Z</time><ele>63</ele></trkpt><trkpt lat="35.099495" lon="126.568678"><time>2026-06-28T06:07:32.000Z</time><ele>62</ele></trkpt><trkpt lat="35.099475" lon="126.56893"><time>2026-06-28T06:07:33.000Z</time><ele>62</ele></trkpt><trkpt lat="35.099452" lon="126.569177"><time>2026-06-28T06:07:34.000Z</time><ele>62</ele></trkpt><trkpt lat="35.099433" lon="126.569422"><time>2026-06-28T06:07:35.000Z</time><ele>61</ele></trkpt><trkpt lat="35.099414" lon="126.56966"><time>2026-06-28T06:07:36.000Z</time><ele>61</ele></trkpt><trkpt lat="35.099397" lon="126.569892"><time>2026-06-28T06:07:37.000Z</time><ele>61</ele></trkpt><trkpt lat="35.099382" lon="126.570119"><time>2026-06-28T06:07:38.000Z</time><ele>61</ele></trkpt><trkpt lat="35.099364" lon="126.57034"><time>2026-06-28T06:07:39.000Z</time><ele>61</ele></trkpt><trkpt lat="35.099347" lon="126.570563"><time>2026-06-28T06:07:40.000Z</time><ele>61</ele></trkpt><trkpt lat="35.09933" lon="126.570788"><time>2026-06-28T06:07:41.000Z</time><ele>60</ele></trkpt><trkpt lat="35.099313" lon="126.571011"><time>2026-06-28T06:07:42.000Z</time><ele>60</ele></trkpt><trkpt lat="35.099295" lon="126.571231"><time>2026-06-28T06:07:43.000Z</time><ele>60</ele></trkpt><trkpt lat="35.099278" lon="126.571445"><time>2026-06-28T06:07:44.000Z</time><ele>60</ele></trkpt><trkpt lat="35.099263" lon="126.571654"><time>2026-06-28T06:07:45.000Z</time><ele>60</ele></trkpt><trkpt lat="35.099247" lon="126.57186"><time>2026-06-28T06:07:46.000Z</time><ele>60</ele></trkpt><trkpt lat="35.099229" lon="126.572059"><time>2026-06-28T06:07:47.000Z</time><ele>60</ele></trkpt><trkpt lat="35.099211" lon="126.572258"><time>2026-06-28T06:07:48.000Z</time><ele>60</ele></trkpt><trkpt lat="35.09919" lon="126.572452"><time>2026-06-28T06:07:49.000Z</time><ele>59</ele></trkpt><trkpt lat="35.099167" lon="126.572648"><time>2026-06-28T06:07:50.000Z</time><ele>59</ele></trkpt><trkpt lat="35.099144" lon="126.572851"><time>2026-06-28T06:07:51.000Z</time><ele>59</ele></trkpt><trkpt lat="35.099117" lon="126.573058"><time>2026-06-28T06:07:52.000Z</time><ele>59</ele></trkpt><trkpt lat="35.099082" lon="126.573268"><time>2026-06-28T06:07:53.000Z</time><ele>59</ele></trkpt><trkpt lat="35.099046" lon="126.573482"><time>2026-06-28T06:07:54.000Z</time><ele>59</ele></trkpt><trkpt lat="35.099006" lon="126.573702"><time>2026-06-28T06:07:55.000Z</time><ele>59</ele></trkpt><trkpt lat="35.098968" lon="126.573927"><time>2026-06-28T06:07:56.000Z</time><ele>59</ele></trkpt><trkpt lat="35.09893" lon="126.574153"><time>2026-06-28T06:07:57.000Z</time><ele>60</ele></trkpt><trkpt lat="35.098892" lon="126.57438"><time>2026-06-28T06:07:58.000Z</time><ele>60</ele></trkpt><trkpt lat="35.098849" lon="126.574609"><time>2026-06-28T06:07:59.000Z</time><ele>60</ele></trkpt><trkpt lat="35.098807" lon="126.574841"><time>2026-06-28T06:08:00.000Z</time><ele>61</ele></trkpt><trkpt lat="35.09877" lon="126.575072"><time>2026-06-28T06:08:01.000Z</time><ele>61</ele></trkpt><trkpt lat="35.098736" lon="126.575302"><time>2026-06-28T06:08:02.000Z</time><ele>62</ele></trkpt><trkpt lat="35.098703" lon="126.575532"><time>2026-06-28T06:08:03.000Z</time><ele>62</ele></trkpt><trkpt lat="35.098674" lon="126.575764"><time>2026-06-28T06:08:04.000Z</time><ele>61</ele></trkpt><trkpt lat="35.098645" lon="126.575995"><time>2026-06-28T06:08:05.000Z</time><ele>61</ele></trkpt><trkpt lat="35.098613" lon="126.576229"><time>2026-06-28T06:08:06.000Z</time><ele>61</ele></trkpt><trkpt lat="35.098578" lon="126.576461"><time>2026-06-28T06:08:07.000Z</time><ele>62</ele></trkpt><trkpt lat="35.098544" lon="126.576696"><time>2026-06-28T06:08:08.000Z</time><ele>62</ele></trkpt><trkpt lat="35.098509" lon="126.576925"><time>2026-06-28T06:08:09.000Z</time><ele>62</ele></trkpt><trkpt lat="35.098475" lon="126.577155"><time>2026-06-28T06:08:10.000Z</time><ele>63</ele></trkpt><trkpt lat="35.098439" lon="126.577389"><time>2026-06-28T06:08:11.000Z</time><ele>63</ele></trkpt><trkpt lat="35.098399" lon="126.577624"><time>2026-06-28T06:08:12.000Z</time><ele>63</ele></trkpt><trkpt lat="35.098359" lon="126.577849"><time>2026-06-28T06:08:13.000Z</time><ele>62</ele></trkpt><trkpt lat="35.098316" lon="126.578063"><time>2026-06-28T06:08:14.000Z</time><ele>62</ele></trkpt><trkpt lat="35.098268" lon="126.57827"><time>2026-06-28T06:08:15.000Z</time><ele>61</ele></trkpt><trkpt lat="35.098221" lon="126.578475"><time>2026-06-28T06:08:16.000Z</time><ele>60</ele></trkpt><trkpt lat="35.098174" lon="126.578684"><time>2026-06-28T06:08:17.000Z</time><ele>59</ele></trkpt><trkpt lat="35.09813" lon="126.578895"><time>2026-06-28T06:08:18.000Z</time><ele>58</ele></trkpt><trkpt lat="35.098092" lon="126.579107"><time>2026-06-28T06:08:19.000Z</time><ele>57</ele></trkpt><trkpt lat="35.098059" lon="126.579327"><time>2026-06-28T06:08:20.000Z</time><ele>57</ele></trkpt><trkpt lat="35.098042" lon="126.57954"><time>2026-06-28T06:08:21.000Z</time><ele>56</ele></trkpt><trkpt lat="35.098037" lon="126.57976"><time>2026-06-28T06:08:22.000Z</time><ele>55</ele></trkpt><trkpt lat="35.098039" lon="126.579978"><time>2026-06-28T06:08:23.000Z</time><ele>54</ele></trkpt><trkpt lat="35.098046" lon="126.580193"><time>2026-06-28T06:08:24.000Z</time><ele>53</ele></trkpt><trkpt lat="35.098058" lon="126.580401"><time>2026-06-28T06:08:25.000Z</time><ele>52</ele></trkpt><trkpt lat="35.098069" lon="126.580602"><time>2026-06-28T06:08:26.000Z</time><ele>51</ele></trkpt><trkpt lat="35.098077" lon="126.580802"><time>2026-06-28T06:08:27.000Z</time><ele>51</ele></trkpt><trkpt lat="35.098085" lon="126.580996"><time>2026-06-28T06:08:28.000Z</time><ele>51</ele></trkpt><trkpt lat="35.098098" lon="126.58119"><time>2026-06-28T06:08:29.000Z</time><ele>51</ele></trkpt><trkpt lat="35.098112" lon="126.581386"><time>2026-06-28T06:08:30.000Z</time><ele>51</ele></trkpt><trkpt lat="35.098127" lon="126.581586"><time>2026-06-28T06:08:31.000Z</time><ele>50</ele></trkpt><trkpt lat="35.098137" lon="126.58179"><time>2026-06-28T06:08:32.000Z</time><ele>50</ele></trkpt><trkpt lat="35.098148" lon="126.581998"><time>2026-06-28T06:08:33.000Z</time><ele>50</ele></trkpt><trkpt lat="35.09816" lon="126.582213"><time>2026-06-28T06:08:34.000Z</time><ele>50</ele></trkpt><trkpt lat="35.09817" lon="126.582432"><time>2026-06-28T06:08:35.000Z</time><ele>49</ele></trkpt><trkpt lat="35.098181" lon="126.582651"><time>2026-06-28T06:08:36.000Z</time><ele>49</ele></trkpt><trkpt lat="35.09819" lon="126.582872"><time>2026-06-28T06:08:37.000Z</time><ele>49</ele></trkpt><trkpt lat="35.098199" lon="126.583084"><time>2026-06-28T06:08:38.000Z</time><ele>48</ele></trkpt><trkpt lat="35.098209" lon="126.583292"><time>2026-06-28T06:08:39.000Z</time><ele>49</ele></trkpt><trkpt lat="35.098216" lon="126.583495"><time>2026-06-28T06:08:40.000Z</time><ele>49</ele></trkpt><trkpt lat="35.098227" lon="126.583693"><time>2026-06-28T06:08:41.000Z</time><ele>49</ele></trkpt><trkpt lat="35.098236" lon="126.583884"><time>2026-06-28T06:08:42.000Z</time><ele>49</ele></trkpt><trkpt lat="35.098244" lon="126.584074"><time>2026-06-28T06:08:43.000Z</time><ele>50</ele></trkpt><trkpt lat="35.09825" lon="126.584262"><time>2026-06-28T06:08:44.000Z</time><ele>50</ele></trkpt><trkpt lat="35.098257" lon="126.584448"><time>2026-06-28T06:08:45.000Z</time><ele>50</ele></trkpt><trkpt lat="35.098264" lon="126.584633"><time>2026-06-28T06:08:46.000Z</time><ele>51</ele></trkpt><trkpt lat="35.098264" lon="126.584825"><time>2026-06-28T06:08:47.000Z</time><ele>50</ele></trkpt><trkpt lat="35.098246" lon="126.585017"><time>2026-06-28T06:08:48.000Z</time><ele>50</ele></trkpt><trkpt lat="35.098212" lon="126.585215"><time>2026-06-28T06:08:49.000Z</time><ele>49</ele></trkpt><trkpt lat="35.098162" lon="126.585409"><time>2026-06-28T06:08:50.000Z</time><ele>49</ele></trkpt><trkpt lat="35.098111" lon="126.585605"><time>2026-06-28T06:08:51.000Z</time><ele>49</ele></trkpt><trkpt lat="35.098056" lon="126.585804"><time>2026-06-28T06:08:52.000Z</time><ele>48</ele></trkpt><trkpt lat="35.098002" lon="126.586004"><time>2026-06-28T06:08:53.000Z</time><ele>48</ele></trkpt><trkpt lat="35.097951" lon="126.586207"><time>2026-06-28T06:08:54.000Z</time><ele>48</ele></trkpt><trkpt lat="35.097899" lon="126.58641"><time>2026-06-28T06:08:55.000Z</time><ele>48</ele></trkpt><trkpt lat="35.097848" lon="126.586612"><time>2026-06-28T06:08:56.000Z</time><ele>47</ele></trkpt><trkpt lat="35.097796" lon="126.586816"><time>2026-06-28T06:08:57.000Z</time><ele>47</ele></trkpt><trkpt lat="35.097746" lon="126.587022"><time>2026-06-28T06:08:58.000Z</time><ele>47</ele></trkpt><trkpt lat="35.097696" lon="126.587227"><time>2026-06-28T06:08:59.000Z</time><ele>48</ele></trkpt><trkpt lat="35.097656" lon="126.587435"><time>2026-06-28T06:09:00.000Z</time><ele>48</ele></trkpt><trkpt lat="35.09763" lon="126.58765"><time>2026-06-28T06:09:01.000Z</time><ele>47</ele></trkpt><trkpt lat="35.097616" lon="126.587866"><time>2026-06-28T06:09:02.000Z</time><ele>48</ele></trkpt><trkpt lat="35.09761" lon="126.588083"><time>2026-06-28T06:09:03.000Z</time><ele>48</ele></trkpt><trkpt lat="35.09761" lon="126.588299"><time>2026-06-28T06:09:04.000Z</time><ele>48</ele></trkpt><trkpt lat="35.097613" lon="126.588513"><time>2026-06-28T06:09:05.000Z</time><ele>48</ele></trkpt><trkpt lat="35.09762" lon="126.588725"><time>2026-06-28T06:09:06.000Z</time><ele>49</ele></trkpt><trkpt lat="35.097634" lon="126.588932"><time>2026-06-28T06:09:07.000Z</time><ele>49</ele></trkpt><trkpt lat="35.09766" lon="126.589133"><time>2026-06-28T06:09:08.000Z</time><ele>49</ele></trkpt><trkpt lat="35.09769" lon="126.589329"><time>2026-06-28T06:09:09.000Z</time><ele>48</ele></trkpt><trkpt lat="35.097727" lon="126.589519"><time>2026-06-28T06:09:10.000Z</time><ele>48</ele></trkpt><trkpt lat="35.097768" lon="126.589706"><time>2026-06-28T06:09:11.000Z</time><ele>47</ele></trkpt><trkpt lat="35.097813" lon="126.589885"><time>2026-06-28T06:09:12.000Z</time><ele>47</ele></trkpt><trkpt lat="35.097857" lon="126.590058"><time>2026-06-28T06:09:13.000Z</time><ele>46</ele></trkpt><trkpt lat="35.097896" lon="126.590228"><time>2026-06-28T06:09:14.000Z</time><ele>46</ele></trkpt><trkpt lat="35.097933" lon="126.590394"><time>2026-06-28T06:09:15.000Z</time><ele>45</ele></trkpt><trkpt lat="35.097966" lon="126.590554"><time>2026-06-28T06:09:16.000Z</time><ele>45</ele></trkpt><trkpt lat="35.097999" lon="126.590701"><time>2026-06-28T06:09:17.000Z</time><ele>44</ele></trkpt><trkpt lat="35.098033" lon="126.590842"><time>2026-06-28T06:09:18.000Z</time><ele>44</ele></trkpt><trkpt lat="35.098066" lon="126.590983"><time>2026-06-28T06:09:19.000Z</time><ele>44</ele></trkpt><trkpt lat="35.098099" lon="126.591127"><time>2026-06-28T06:09:20.000Z</time><ele>43</ele></trkpt><trkpt lat="35.098129" lon="126.591274"><time>2026-06-28T06:09:21.000Z</time><ele>44</ele></trkpt><trkpt lat="35.098163" lon="126.591424"><time>2026-06-28T06:09:22.000Z</time><ele>44</ele></trkpt><trkpt lat="35.098197" lon="126.591575"><time>2026-06-28T06:09:23.000Z</time><ele>44</ele></trkpt><trkpt lat="35.098233" lon="126.591729"><time>2026-06-28T06:09:24.000Z</time><ele>44</ele></trkpt><trkpt lat="35.098267" lon="126.591877"><time>2026-06-28T06:09:25.000Z</time><ele>44</ele></trkpt><trkpt lat="35.098296" lon="126.59202"><time>2026-06-28T06:09:26.000Z</time><ele>44</ele></trkpt><trkpt lat="35.098331" lon="126.592163"><time>2026-06-28T06:09:27.000Z</time><ele>44</ele></trkpt><trkpt lat="35.098367" lon="126.592308"><time>2026-06-28T06:09:28.000Z</time><ele>44</ele></trkpt><trkpt lat="35.098403" lon="126.592457"><time>2026-06-28T06:09:29.000Z</time><ele>43</ele></trkpt><trkpt lat="35.09844" lon="126.592605"><time>2026-06-28T06:09:30.000Z</time><ele>43</ele></trkpt><trkpt lat="35.098483" lon="126.592752"><time>2026-06-28T06:09:31.000Z</time><ele>43</ele></trkpt><trkpt lat="35.098543" lon="126.592894"><time>2026-06-28T06:09:32.000Z</time><ele>43</ele></trkpt><trkpt lat="35.098615" lon="126.593032"><time>2026-06-28T06:09:33.000Z</time><ele>43</ele></trkpt><trkpt lat="35.098702" lon="126.593163"><time>2026-06-28T06:09:34.000Z</time><ele>43</ele></trkpt><trkpt lat="35.098811" lon="126.593284"><time>2026-06-28T06:09:35.000Z</time><ele>43</ele></trkpt><trkpt lat="35.098931" lon="126.593385"><time>2026-06-28T06:09:36.000Z</time><ele>42</ele></trkpt><trkpt lat="35.099065" lon="126.59347"><time>2026-06-28T06:09:37.000Z</time><ele>42</ele></trkpt><trkpt lat="35.099201" lon="126.593549"><time>2026-06-28T06:09:38.000Z</time><ele>42</ele></trkpt><trkpt lat="35.099343" lon="126.593613"><time>2026-06-28T06:09:39.000Z</time><ele>42</ele></trkpt><trkpt lat="35.099504" lon="126.593659"><time>2026-06-28T06:09:40.000Z</time><ele>42</ele></trkpt><trkpt lat="35.09967" lon="126.593703"><time>2026-06-28T06:09:41.000Z</time><ele>42</ele></trkpt><trkpt lat="35.099834" lon="126.593749"><time>2026-06-28T06:09:42.000Z</time><ele>41</ele></trkpt><trkpt lat="35.099997" lon="126.593795"><time>2026-06-28T06:09:43.000Z</time><ele>41</ele></trkpt><trkpt lat="35.10016" lon="126.593842"><time>2026-06-28T06:09:44.000Z</time><ele>41</ele></trkpt><trkpt lat="35.10032" lon="126.593897"><time>2026-06-28T06:09:45.000Z</time><ele>42</ele></trkpt><trkpt lat="35.100477" lon="126.593954"><time>2026-06-28T06:09:46.000Z</time><ele>42</ele></trkpt><trkpt lat="35.100639" lon="126.59401"><time>2026-06-28T06:09:47.000Z</time><ele>42</ele></trkpt><trkpt lat="35.100797" lon="126.59407"><time>2026-06-28T06:09:48.000Z</time><ele>42</ele></trkpt><trkpt lat="35.100956" lon="126.594135"><time>2026-06-28T06:09:49.000Z</time><ele>42</ele></trkpt><trkpt lat="35.101111" lon="126.594202"><time>2026-06-28T06:09:50.000Z</time><ele>43</ele></trkpt><trkpt lat="35.10127" lon="126.594271"><time>2026-06-28T06:09:51.000Z</time><ele>42</ele></trkpt><trkpt lat="35.10143" lon="126.59434"><time>2026-06-28T06:09:52.000Z</time><ele>42</ele></trkpt><trkpt lat="35.101594" lon="126.594402"><time>2026-06-28T06:09:53.000Z</time><ele>42</ele></trkpt><trkpt lat="35.101754" lon="126.594462"><time>2026-06-28T06:09:54.000Z</time><ele>43</ele></trkpt><trkpt lat="35.101912" lon="126.59452"><time>2026-06-28T06:09:55.000Z</time><ele>44</ele></trkpt><trkpt lat="35.102075" lon="126.594584"><time>2026-06-28T06:09:56.000Z</time><ele>44</ele></trkpt><trkpt lat="35.102244" lon="126.594656"><time>2026-06-28T06:09:57.000Z</time><ele>44</ele></trkpt><trkpt lat="35.10241" lon="126.594724"><time>2026-06-28T06:09:58.000Z</time><ele>44</ele></trkpt><trkpt lat="35.102582" lon="126.594793"><time>2026-06-28T06:09:59.000Z</time><ele>44</ele></trkpt><trkpt lat="35.102753" lon="126.594854"><time>2026-06-28T06:10:00.000Z</time><ele>43</ele></trkpt><trkpt lat="35.102929" lon="126.594905"><time>2026-06-28T06:10:01.000Z</time><ele>43</ele></trkpt><trkpt lat="35.103109" lon="126.59493"><time>2026-06-28T06:10:02.000Z</time><ele>42</ele></trkpt><trkpt lat="35.103286" lon="126.594939"><time>2026-06-28T06:10:03.000Z</time><ele>41</ele></trkpt><trkpt lat="35.103462" lon="126.59493"><time>2026-06-28T06:10:04.000Z</time><ele>41</ele></trkpt><trkpt lat="35.103638" lon="126.594906"><time>2026-06-28T06:10:05.000Z</time><ele>40</ele></trkpt><trkpt lat="35.103809" lon="126.594866"><time>2026-06-28T06:10:06.000Z</time><ele>39</ele></trkpt><trkpt lat="35.10398" lon="126.594802"><time>2026-06-28T06:10:07.000Z</time><ele>38</ele></trkpt><trkpt lat="35.104144" lon="126.594718"><time>2026-06-28T06:10:08.000Z</time><ele>38</ele></trkpt><trkpt lat="35.104302" lon="126.594623"><time>2026-06-28T06:10:09.000Z</time><ele>38</ele></trkpt><trkpt lat="35.104456" lon="126.594528"><time>2026-06-28T06:10:10.000Z</time><ele>39</ele></trkpt><trkpt lat="35.104613" lon="126.594428"><time>2026-06-28T06:10:11.000Z</time><ele>38</ele></trkpt><trkpt lat="35.104765" lon="126.594334"><time>2026-06-28T06:10:12.000Z</time><ele>38</ele></trkpt><trkpt lat="35.104917" lon="126.594246"><time>2026-06-28T06:10:13.000Z</time><ele>38</ele></trkpt><trkpt lat="35.105074" lon="126.594164"><time>2026-06-28T06:10:14.000Z</time><ele>37</ele></trkpt><trkpt lat="35.105236" lon="126.594109"><time>2026-06-28T06:10:15.000Z</time><ele>38</ele></trkpt><trkpt lat="35.105396" lon="126.594087"><time>2026-06-28T06:10:16.000Z</time><ele>38</ele></trkpt><trkpt lat="35.105551" lon="126.594101"><time>2026-06-28T06:10:17.000Z</time><ele>38</ele></trkpt><trkpt lat="35.105696" lon="126.594139"><time>2026-06-28T06:10:18.000Z</time><ele>39</ele></trkpt><trkpt lat="35.105833" lon="126.594217"><time>2026-06-28T06:10:19.000Z</time><ele>39</ele></trkpt><trkpt lat="35.105965" lon="126.594307"><time>2026-06-28T06:10:20.000Z</time><ele>40</ele></trkpt><trkpt lat="35.106094" lon="126.594407"><time>2026-06-28T06:10:21.000Z</time><ele>40</ele></trkpt><trkpt lat="35.106225" lon="126.594509"><time>2026-06-28T06:10:22.000Z</time><ele>41</ele></trkpt><trkpt lat="35.106364" lon="126.594611"><time>2026-06-28T06:10:23.000Z</time><ele>41</ele></trkpt><trkpt lat="35.106509" lon="126.594702"><time>2026-06-28T06:10:24.000Z</time><ele>41</ele></trkpt><trkpt lat="35.106669" lon="126.594784"><time>2026-06-28T06:10:25.000Z</time><ele>41</ele></trkpt><trkpt lat="35.106827" lon="126.594851"><time>2026-06-28T06:10:26.000Z</time><ele>41</ele></trkpt><trkpt lat="35.106992" lon="126.594912"><time>2026-06-28T06:10:27.000Z</time><ele>41</ele></trkpt><trkpt lat="35.107161" lon="126.594973"><time>2026-06-28T06:10:28.000Z</time><ele>40</ele></trkpt><trkpt lat="35.107331" lon="126.595036"><time>2026-06-28T06:10:29.000Z</time><ele>40</ele></trkpt><trkpt lat="35.107501" lon="126.595107"><time>2026-06-28T06:10:30.000Z</time><ele>40</ele></trkpt><trkpt lat="35.107661" lon="126.595199"><time>2026-06-28T06:10:31.000Z</time><ele>40</ele></trkpt><trkpt lat="35.107815" lon="126.595312"><time>2026-06-28T06:10:32.000Z</time><ele>40</ele></trkpt><trkpt lat="35.107953" lon="126.595443"><time>2026-06-28T06:10:33.000Z</time><ele>40</ele></trkpt><trkpt lat="35.10808" lon="126.595589"><time>2026-06-28T06:10:34.000Z</time><ele>40</ele></trkpt><trkpt lat="35.108182" lon="126.595758"><time>2026-06-28T06:10:35.000Z</time><ele>40</ele></trkpt><trkpt lat="35.108278" lon="126.595937"><time>2026-06-28T06:10:36.000Z</time><ele>41</ele></trkpt><trkpt lat="35.108365" lon="126.596114"><time>2026-06-28T06:10:37.000Z</time><ele>41</ele></trkpt><trkpt lat="35.108455" lon="126.596289"><time>2026-06-28T06:10:38.000Z</time><ele>42</ele></trkpt><trkpt lat="35.108545" lon="126.596465"><time>2026-06-28T06:10:39.000Z</time><ele>42</ele></trkpt><trkpt lat="35.108632" lon="126.596639"><time>2026-06-28T06:10:40.000Z</time><ele>42</ele></trkpt><trkpt lat="35.108718" lon="126.596816"><time>2026-06-28T06:10:41.000Z</time><ele>43</ele></trkpt><trkpt lat="35.108806" lon="126.59699"><time>2026-06-28T06:10:42.000Z</time><ele>43</ele></trkpt><trkpt lat="35.108894" lon="126.597166"><time>2026-06-28T06:10:43.000Z</time><ele>43</ele></trkpt><trkpt lat="35.108989" lon="126.597348"><time>2026-06-28T06:10:44.000Z</time><ele>43</ele></trkpt><trkpt lat="35.109084" lon="126.597529"><time>2026-06-28T06:10:45.000Z</time><ele>42</ele></trkpt><trkpt lat="35.109181" lon="126.597713"><time>2026-06-28T06:10:46.000Z</time><ele>42</ele></trkpt><trkpt lat="35.109276" lon="126.5979"><time>2026-06-28T06:10:47.000Z</time><ele>42</ele></trkpt><trkpt lat="35.109374" lon="126.59809"><time>2026-06-28T06:10:48.000Z</time><ele>41</ele></trkpt><trkpt lat="35.109475" lon="126.598278"><time>2026-06-28T06:10:49.000Z</time><ele>41</ele></trkpt><trkpt lat="35.109575" lon="126.598467"><time>2026-06-28T06:10:50.000Z</time><ele>41</ele></trkpt><trkpt lat="35.109675" lon="126.598655"><time>2026-06-28T06:10:51.000Z</time><ele>41</ele></trkpt><trkpt lat="35.109777" lon="126.598841"><time>2026-06-28T06:10:52.000Z</time><ele>42</ele></trkpt><trkpt lat="35.109878" lon="126.599031"><time>2026-06-28T06:10:53.000Z</time><ele>41</ele></trkpt><trkpt lat="35.109974" lon="126.599223"><time>2026-06-28T06:10:54.000Z</time><ele>42</ele></trkpt><trkpt lat="35.110056" lon="126.599423"><time>2026-06-28T06:10:55.000Z</time><ele>43</ele></trkpt><trkpt lat="35.110116" lon="126.599637"><time>2026-06-28T06:10:56.000Z</time><ele>43</ele></trkpt><trkpt lat="35.110156" lon="126.599863"><time>2026-06-28T06:10:57.000Z</time><ele>43</ele></trkpt><trkpt lat="35.110178" lon="126.600093"><time>2026-06-28T06:10:58.000Z</time><ele>43</ele></trkpt><trkpt lat="35.110196" lon="126.600318"><time>2026-06-28T06:10:59.000Z</time><ele>42</ele></trkpt><trkpt lat="35.110214" lon="126.600543"><time>2026-06-28T06:11:00.000Z</time><ele>42</ele></trkpt><trkpt lat="35.110237" lon="126.600768"><time>2026-06-28T06:11:01.000Z</time><ele>42</ele></trkpt><trkpt lat="35.110261" lon="126.600994"><time>2026-06-28T06:11:02.000Z</time><ele>42</ele></trkpt><trkpt lat="35.110282" lon="126.601221"><time>2026-06-28T06:11:03.000Z</time><ele>42</ele></trkpt><trkpt lat="35.110304" lon="126.601452"><time>2026-06-28T06:11:04.000Z</time><ele>42</ele></trkpt><trkpt lat="35.110328" lon="126.601678"><time>2026-06-28T06:11:05.000Z</time><ele>42</ele></trkpt><trkpt lat="35.110354" lon="126.601904"><time>2026-06-28T06:11:06.000Z</time><ele>42</ele></trkpt><trkpt lat="35.110381" lon="126.602132"><time>2026-06-28T06:11:07.000Z</time><ele>42</ele></trkpt><trkpt lat="35.110407" lon="126.602354"><time>2026-06-28T06:11:08.000Z</time><ele>42</ele></trkpt><trkpt lat="35.110431" lon="126.602569"><time>2026-06-28T06:11:09.000Z</time><ele>42</ele></trkpt><trkpt lat="35.110455" lon="126.602779"><time>2026-06-28T06:11:10.000Z</time><ele>42</ele></trkpt><trkpt lat="35.110478" lon="126.602983"><time>2026-06-28T06:11:11.000Z</time><ele>42</ele></trkpt><trkpt lat="35.1105" lon="126.603183"><time>2026-06-28T06:11:12.000Z</time><ele>42</ele></trkpt><trkpt lat="35.110521" lon="126.603379"><time>2026-06-28T06:11:13.000Z</time><ele>43</ele></trkpt><trkpt lat="35.110539" lon="126.603569"><time>2026-06-28T06:11:14.000Z</time><ele>43</ele></trkpt><trkpt lat="35.110559" lon="126.603758"><time>2026-06-28T06:11:15.000Z</time><ele>43</ele></trkpt><trkpt lat="35.11058" lon="126.603939"><time>2026-06-28T06:11:16.000Z</time><ele>43</ele></trkpt><trkpt lat="35.1106" lon="126.604119"><time>2026-06-28T06:11:17.000Z</time><ele>43</ele></trkpt><trkpt lat="35.110622" lon="126.604298"><time>2026-06-28T06:11:18.000Z</time><ele>43</ele></trkpt><trkpt lat="35.110642" lon="126.604483"><time>2026-06-28T06:11:19.000Z</time><ele>43</ele></trkpt><trkpt lat="35.110663" lon="126.604665"><time>2026-06-28T06:11:20.000Z</time><ele>43</ele></trkpt><trkpt lat="35.110679" lon="126.604847"><time>2026-06-28T06:11:21.000Z</time><ele>43</ele></trkpt><trkpt lat="35.110699" lon="126.605031"><time>2026-06-28T06:11:22.000Z</time><ele>43</ele></trkpt><trkpt lat="35.11072" lon="126.605219"><time>2026-06-28T06:11:23.000Z</time><ele>43</ele></trkpt><trkpt lat="35.110743" lon="126.60541"><time>2026-06-28T06:11:24.000Z</time><ele>44</ele></trkpt><trkpt lat="35.110766" lon="126.605603"><time>2026-06-28T06:11:25.000Z</time><ele>43</ele></trkpt><trkpt lat="35.110786" lon="126.605801"><time>2026-06-28T06:11:26.000Z</time><ele>43</ele></trkpt><trkpt lat="35.110806" lon="126.606003"><time>2026-06-28T06:11:27.000Z</time><ele>43</ele></trkpt><trkpt lat="35.110828" lon="126.606206"><time>2026-06-28T06:11:28.000Z</time><ele>43</ele></trkpt><trkpt lat="35.110851" lon="126.606414"><time>2026-06-28T06:11:29.000Z</time><ele>43</ele></trkpt><trkpt lat="35.11087" lon="126.606624"><time>2026-06-28T06:11:30.000Z</time><ele>43</ele></trkpt><trkpt lat="35.110892" lon="126.606833"><time>2026-06-28T06:11:31.000Z</time><ele>43</ele></trkpt><trkpt lat="35.110912" lon="126.607039"><time>2026-06-28T06:11:32.000Z</time><ele>43</ele></trkpt><trkpt lat="35.110933" lon="126.607239"><time>2026-06-28T06:11:33.000Z</time><ele>43</ele></trkpt><trkpt lat="35.110958" lon="126.607433"><time>2026-06-28T06:11:34.000Z</time><ele>43</ele></trkpt><trkpt lat="35.110981" lon="126.607625"><time>2026-06-28T06:11:35.000Z</time><ele>43</ele></trkpt><trkpt lat="35.111001" lon="126.607807"><time>2026-06-28T06:11:36.000Z</time><ele>43</ele></trkpt><trkpt lat="35.111019" lon="126.607969"><time>2026-06-28T06:11:37.000Z</time><ele>43</ele></trkpt><trkpt lat="35.111033" lon="126.608118"><time>2026-06-28T06:11:38.000Z</time><ele>43</ele></trkpt><trkpt lat="35.111049" lon="126.608255"><time>2026-06-28T06:11:39.000Z</time><ele>43</ele></trkpt><trkpt lat="35.111061" lon="126.608381"><time>2026-06-28T06:11:40.000Z</time><ele>43</ele></trkpt><trkpt lat="35.111068" lon="126.608487"><time>2026-06-28T06:11:41.000Z</time><ele>43</ele></trkpt><trkpt lat="35.111065" lon="126.60858"><time>2026-06-28T06:11:42.000Z</time><ele>43</ele></trkpt><trkpt lat="35.111052" lon="126.608665"><time>2026-06-28T06:11:43.000Z</time><ele>43</ele></trkpt><trkpt lat="35.111039" lon="126.608739"><time>2026-06-28T06:11:44.000Z</time><ele>43</ele></trkpt><trkpt lat="35.111048" lon="126.60881"><time>2026-06-28T06:11:45.000Z</time><ele>43</ele></trkpt><trkpt lat="35.111069" lon="126.608873"><time>2026-06-28T06:11:46.000Z</time><ele>43</ele></trkpt><trkpt lat="35.111105" lon="126.608955"><time>2026-06-28T06:11:47.000Z</time><ele>44</ele></trkpt><trkpt lat="35.111132" lon="126.60906"><time>2026-06-28T06:11:48.000Z</time><ele>44</ele></trkpt><trkpt lat="35.111151" lon="126.609176"><time>2026-06-28T06:11:49.000Z</time><ele>44</ele></trkpt><trkpt lat="35.111168" lon="126.609295"><time>2026-06-28T06:11:50.000Z</time><ele>43</ele></trkpt><trkpt lat="35.111186" lon="126.609419"><time>2026-06-28T06:11:51.000Z</time><ele>43</ele></trkpt><trkpt lat="35.1112" lon="126.609541"><time>2026-06-28T06:11:52.000Z</time><ele>43</ele></trkpt><trkpt lat="35.111212" lon="126.609664"><time>2026-06-28T06:11:53.000Z</time><ele>43</ele></trkpt><trkpt lat="35.111227" lon="126.609793"><time>2026-06-28T06:11:54.000Z</time><ele>43</ele></trkpt><trkpt lat="35.111245" lon="126.60992"><time>2026-06-28T06:11:55.000Z</time><ele>43</ele></trkpt><trkpt lat="35.111256" lon="126.610043"><time>2026-06-28T06:11:56.000Z</time><ele>43</ele></trkpt><trkpt lat="35.111268" lon="126.610166"><time>2026-06-28T06:11:57.000Z</time><ele>43</ele></trkpt><trkpt lat="35.11129" lon="126.610279"><time>2026-06-28T06:11:58.000Z</time><ele>44</ele></trkpt><trkpt lat="35.111325" lon="126.610384"><time>2026-06-28T06:11:59.000Z</time><ele>44</ele></trkpt><trkpt lat="35.11138" lon="126.610468"><time>2026-06-28T06:12:00.000Z</time><ele>44</ele></trkpt><trkpt lat="35.111459" lon="126.610528"><time>2026-06-28T06:12:01.000Z</time><ele>43</ele></trkpt><trkpt lat="35.111548" lon="126.610578"><time>2026-06-28T06:12:02.000Z</time><ele>43</ele></trkpt><trkpt lat="35.111639" lon="126.610622"><time>2026-06-28T06:12:03.000Z</time><ele>43</ele></trkpt><trkpt lat="35.111732" lon="126.610672"><time>2026-06-28T06:12:04.000Z</time><ele>43</ele></trkpt><trkpt lat="35.111823" lon="126.610724"><time>2026-06-28T06:12:05.000Z</time><ele>43</ele></trkpt><trkpt lat="35.111921" lon="126.610777"><time>2026-06-28T06:12:06.000Z</time><ele>43</ele></trkpt><trkpt lat="35.112022" lon="126.610831"><time>2026-06-28T06:12:07.000Z</time><ele>44</ele></trkpt><trkpt lat="35.112125" lon="126.610886"><time>2026-06-28T06:12:08.000Z</time><ele>44</ele></trkpt><trkpt lat="35.112225" lon="126.610934"><time>2026-06-28T06:12:09.000Z</time><ele>44</ele></trkpt><trkpt lat="35.112318" lon="126.610976"><time>2026-06-28T06:12:10.000Z</time><ele>44</ele></trkpt><trkpt lat="35.112407" lon="126.611012"><time>2026-06-28T06:12:11.000Z</time><ele>45</ele></trkpt><trkpt lat="35.112485" lon="126.611048"><time>2026-06-28T06:12:12.000Z</time><ele>45</ele></trkpt><trkpt lat="35.112555" lon="126.611084"><time>2026-06-28T06:12:13.000Z</time><ele>46</ele></trkpt><trkpt lat="35.112623" lon="126.611119"><time>2026-06-28T06:12:14.000Z</time><ele>46</ele></trkpt><trkpt lat="35.112687" lon="126.611164"><time>2026-06-28T06:12:15.000Z</time><ele>47</ele></trkpt><trkpt lat="35.112743" lon="126.611225"><time>2026-06-28T06:12:16.000Z</time><ele>47</ele></trkpt><trkpt lat="35.112791" lon="126.611297"><time>2026-06-28T06:12:17.000Z</time><ele>48</ele></trkpt><trkpt lat="35.112828" lon="126.611378"><time>2026-06-28T06:12:18.000Z</time><ele>48</ele></trkpt><trkpt lat="35.112856" lon="126.611465"><time>2026-06-28T06:12:19.000Z</time><ele>49</ele></trkpt><trkpt lat="35.112864" lon="126.611566"><time>2026-06-28T06:12:20.000Z</time><ele>48</ele></trkpt><trkpt lat="35.112863" lon="126.611666"><time>2026-06-28T06:12:21.000Z</time><ele>49</ele></trkpt><trkpt lat="35.11286" lon="126.611775"><time>2026-06-28T06:12:22.000Z</time><ele>49</ele></trkpt><trkpt lat="35.112865" lon="126.611888"><time>2026-06-28T06:12:23.000Z</time><ele>49</ele></trkpt><trkpt lat="35.112875" lon="126.612003"><time>2026-06-28T06:12:24.000Z</time><ele>49</ele></trkpt><trkpt lat="35.112885" lon="126.612118"><time>2026-06-28T06:12:25.000Z</time><ele>50</ele></trkpt><trkpt lat="35.112894" lon="126.612235"><time>2026-06-28T06:12:26.000Z</time><ele>50</ele></trkpt><trkpt lat="35.112899" lon="126.612349"><time>2026-06-28T06:12:27.000Z</time><ele>49</ele></trkpt><trkpt lat="35.112907" lon="126.612466"><time>2026-06-28T06:12:28.000Z</time><ele>49</ele></trkpt><trkpt lat="35.112916" lon="126.612577"><time>2026-06-28T06:12:29.000Z</time><ele>48</ele></trkpt><trkpt lat="35.112919" lon="126.61269"><time>2026-06-28T06:12:30.000Z</time><ele>48</ele></trkpt><trkpt lat="35.112921" lon="126.612808"><time>2026-06-28T06:12:31.000Z</time><ele>48</ele></trkpt><trkpt lat="35.112911" lon="126.612932"><time>2026-06-28T06:12:32.000Z</time><ele>48</ele></trkpt><trkpt lat="35.1129" lon="126.613055"><time>2026-06-28T06:12:33.000Z</time><ele>47</ele></trkpt><trkpt lat="35.112886" lon="126.613183"><time>2026-06-28T06:12:34.000Z</time><ele>47</ele></trkpt><trkpt lat="35.11288" lon="126.613318"><time>2026-06-28T06:12:35.000Z</time><ele>47</ele></trkpt><trkpt lat="35.11288" lon="126.613465"><time>2026-06-28T06:12:36.000Z</time><ele>47</ele></trkpt><trkpt lat="35.11288" lon="126.613619"><time>2026-06-28T06:12:37.000Z</time><ele>46</ele></trkpt><trkpt lat="35.112884" lon="126.613778"><time>2026-06-28T06:12:38.000Z</time><ele>47</ele></trkpt><trkpt lat="35.112886" lon="126.613938"><time>2026-06-28T06:12:39.000Z</time><ele>46</ele></trkpt><trkpt lat="35.112888" lon="126.614097"><time>2026-06-28T06:12:40.000Z</time><ele>46</ele></trkpt><trkpt lat="35.112889" lon="126.614256"><time>2026-06-28T06:12:41.000Z</time><ele>46</ele></trkpt><trkpt lat="35.112894" lon="126.614407"><time>2026-06-28T06:12:42.000Z</time><ele>46</ele></trkpt><trkpt lat="35.1129" lon="126.614554"><time>2026-06-28T06:12:43.000Z</time><ele>46</ele></trkpt><trkpt lat="35.112907" lon="126.614693"><time>2026-06-28T06:12:44.000Z</time><ele>46</ele></trkpt><trkpt lat="35.112917" lon="126.614819"><time>2026-06-28T06:12:45.000Z</time><ele>46</ele></trkpt><trkpt lat="35.112924" lon="126.614931"><time>2026-06-28T06:12:46.000Z</time><ele>46</ele></trkpt><trkpt lat="35.112943" lon="126.615017"><time>2026-06-28T06:12:47.000Z</time><ele>46</ele></trkpt><trkpt lat="35.112976" lon="126.615091"><time>2026-06-28T06:12:48.000Z</time><ele>46</ele></trkpt><trkpt lat="35.11303" lon="126.615145"><time>2026-06-28T06:12:49.000Z</time><ele>46</ele></trkpt><trkpt lat="35.113102" lon="126.61518"><time>2026-06-28T06:12:50.000Z</time><ele>45</ele></trkpt><trkpt lat="35.113186" lon="126.615198"><time>2026-06-28T06:12:51.000Z</time><ele>46</ele></trkpt><trkpt lat="35.113251" lon="126.615215"><time>2026-06-28T06:12:52.000Z</time><ele>45</ele></trkpt><trkpt lat="35.113306" lon="126.615231"><time>2026-06-28T06:13:46.000Z</time><ele>45</ele></trkpt><trkpt lat="35.113405" lon="126.615233"><time>2026-06-28T06:13:48.000Z</time><ele>45</ele></trkpt><trkpt lat="35.113477" lon="126.615246"><time>2026-06-28T06:13:49.000Z</time><ele>45</ele></trkpt><trkpt lat="35.113562" lon="126.615269"><time>2026-06-28T06:13:50.000Z</time><ele>45</ele></trkpt><trkpt lat="35.113653" lon="126.61529"><time>2026-06-28T06:13:51.000Z</time><ele>44</ele></trkpt><trkpt lat="35.113761" lon="126.615312"><time>2026-06-28T06:13:52.000Z</time><ele>44</ele></trkpt><trkpt lat="35.113873" lon="126.615342"><time>2026-06-28T06:13:53.000Z</time><ele>45</ele></trkpt><trkpt lat="35.113993" lon="126.615371"><time>2026-06-28T06:13:54.000Z</time><ele>45</ele></trkpt><trkpt lat="35.114117" lon="126.615401"><time>2026-06-28T06:13:55.000Z</time><ele>45</ele></trkpt><trkpt lat="35.114253" lon="126.615433"><time>2026-06-28T06:13:56.000Z</time><ele>45</ele></trkpt><trkpt lat="35.114388" lon="126.61547"><time>2026-06-28T06:13:57.000Z</time><ele>45</ele></trkpt><trkpt lat="35.114523" lon="126.615504"><time>2026-06-28T06:13:58.000Z</time><ele>45</ele></trkpt><trkpt lat="35.114665" lon="126.615537"><time>2026-06-28T06:13:59.000Z</time><ele>44</ele></trkpt><trkpt lat="35.114811" lon="126.615567"><time>2026-06-28T06:14:00.000Z</time><ele>44</ele></trkpt><trkpt lat="35.114957" lon="126.615594"><time>2026-06-28T06:14:01.000Z</time><ele>44</ele></trkpt><trkpt lat="35.1151" lon="126.615628"><time>2026-06-28T06:14:02.000Z</time><ele>44</ele></trkpt><trkpt lat="35.115238" lon="126.615665"><time>2026-06-28T06:14:03.000Z</time><ele>44</ele></trkpt><trkpt lat="35.115373" lon="126.615715"><time>2026-06-28T06:14:04.000Z</time><ele>44</ele></trkpt><trkpt lat="35.1155" lon="126.61579"><time>2026-06-28T06:14:05.000Z</time><ele>44</ele></trkpt><trkpt lat="35.115609" lon="126.615895"><time>2026-06-28T06:14:06.000Z</time><ele>44</ele></trkpt><trkpt lat="35.115709" lon="126.616027"><time>2026-06-28T06:14:07.000Z</time><ele>45</ele></trkpt><trkpt lat="35.1158" lon="126.616171"><time>2026-06-28T06:14:08.000Z</time><ele>45</ele></trkpt><trkpt lat="35.115882" lon="126.61633"><time>2026-06-28T06:14:09.000Z</time><ele>46</ele></trkpt><trkpt lat="35.11597" lon="126.616489"><time>2026-06-28T06:14:10.000Z</time><ele>46</ele></trkpt><trkpt lat="35.116067" lon="126.616643"><time>2026-06-28T06:14:11.000Z</time><ele>46</ele></trkpt><trkpt lat="35.116177" lon="126.61679"><time>2026-06-28T06:14:12.000Z</time><ele>46</ele></trkpt><trkpt lat="35.1163" lon="126.616925"><time>2026-06-28T06:14:13.000Z</time><ele>46</ele></trkpt><trkpt lat="35.116434" lon="126.617053"><time>2026-06-28T06:14:14.000Z</time><ele>45</ele></trkpt><trkpt lat="35.116569" lon="126.617177"><time>2026-06-28T06:14:15.000Z</time><ele>46</ele></trkpt><trkpt lat="35.116705" lon="126.617305"><time>2026-06-28T06:14:16.000Z</time><ele>46</ele></trkpt><trkpt lat="35.116837" lon="126.617432"><time>2026-06-28T06:14:17.000Z</time><ele>46</ele></trkpt><trkpt lat="35.116966" lon="126.617561"><time>2026-06-28T06:14:18.000Z</time><ele>46</ele></trkpt><trkpt lat="35.117087" lon="126.617698"><time>2026-06-28T06:14:19.000Z</time><ele>46</ele></trkpt><trkpt lat="35.117191" lon="126.61785"><time>2026-06-28T06:14:20.000Z</time><ele>46</ele></trkpt><trkpt lat="35.117273" lon="126.618016"><time>2026-06-28T06:14:21.000Z</time><ele>47</ele></trkpt><trkpt lat="35.117338" lon="126.618198"><time>2026-06-28T06:14:22.000Z</time><ele>47</ele></trkpt><trkpt lat="35.117396" lon="126.618394"><time>2026-06-28T06:14:23.000Z</time><ele>47</ele></trkpt><trkpt lat="35.117454" lon="126.61859"><time>2026-06-28T06:14:24.000Z</time><ele>47</ele></trkpt><trkpt lat="35.11751" lon="126.618791"><time>2026-06-28T06:14:25.000Z</time><ele>46</ele></trkpt><trkpt lat="35.117567" lon="126.618996"><time>2026-06-28T06:14:26.000Z</time><ele>47</ele></trkpt><trkpt lat="35.117631" lon="126.619201"><time>2026-06-28T06:14:27.000Z</time><ele>47</ele></trkpt><trkpt lat="35.117697" lon="126.619405"><time>2026-06-28T06:14:28.000Z</time><ele>47</ele></trkpt><trkpt lat="35.117767" lon="126.619605"><time>2026-06-28T06:14:29.000Z</time><ele>47</ele></trkpt><trkpt lat="35.117837" lon="126.619808"><time>2026-06-28T06:14:30.000Z</time><ele>47</ele></trkpt><trkpt lat="35.117907" lon="126.62001"><time>2026-06-28T06:14:31.000Z</time><ele>47</ele></trkpt><trkpt lat="35.117977" lon="126.620208"><time>2026-06-28T06:14:32.000Z</time><ele>47</ele></trkpt><trkpt lat="35.118049" lon="126.620405"><time>2026-06-28T06:14:33.000Z</time><ele>47</ele></trkpt><trkpt lat="35.118127" lon="126.620597"><time>2026-06-28T06:14:34.000Z</time><ele>46</ele></trkpt><trkpt lat="35.118213" lon="126.620776"><time>2026-06-28T06:14:35.000Z</time><ele>46</ele></trkpt><trkpt lat="35.118302" lon="126.620947"><time>2026-06-28T06:14:36.000Z</time><ele>46</ele></trkpt><trkpt lat="35.118401" lon="126.621106"><time>2026-06-28T06:14:37.000Z</time><ele>46</ele></trkpt><trkpt lat="35.118512" lon="126.621237"><time>2026-06-28T06:14:38.000Z</time><ele>46</ele></trkpt><trkpt lat="35.118647" lon="126.62134"><time>2026-06-28T06:14:39.000Z</time><ele>46</ele></trkpt><trkpt lat="35.118797" lon="126.621415"><time>2026-06-28T06:14:40.000Z</time><ele>45</ele></trkpt><trkpt lat="35.118959" lon="126.621477"><time>2026-06-28T06:14:41.000Z</time><ele>45</ele></trkpt><trkpt lat="35.119129" lon="126.62153"><time>2026-06-28T06:14:42.000Z</time><ele>45</ele></trkpt><trkpt lat="35.119297" lon="126.621585"><time>2026-06-28T06:14:43.000Z</time><ele>45</ele></trkpt><trkpt lat="35.119464" lon="126.621647"><time>2026-06-28T06:14:44.000Z</time><ele>45</ele></trkpt><trkpt lat="35.11963" lon="126.621705"><time>2026-06-28T06:14:45.000Z</time><ele>46</ele></trkpt><trkpt lat="35.119797" lon="126.621762"><time>2026-06-28T06:14:46.000Z</time><ele>46</ele></trkpt><trkpt lat="35.119962" lon="126.621818"><time>2026-06-28T06:14:47.000Z</time><ele>46</ele></trkpt><trkpt lat="35.120127" lon="126.621871"><time>2026-06-28T06:14:48.000Z</time><ele>47</ele></trkpt><trkpt lat="35.120288" lon="126.621922"><time>2026-06-28T06:14:49.000Z</time><ele>47</ele></trkpt><trkpt lat="35.120449" lon="126.621973"><time>2026-06-28T06:14:50.000Z</time><ele>48</ele></trkpt><trkpt lat="35.120611" lon="126.622025"><time>2026-06-28T06:14:51.000Z</time><ele>48</ele></trkpt><trkpt lat="35.120774" lon="126.622081"><time>2026-06-28T06:14:52.000Z</time><ele>48</ele></trkpt><trkpt lat="35.120939" lon="126.622136"><time>2026-06-28T06:14:53.000Z</time><ele>47</ele></trkpt><trkpt lat="35.12111" lon="126.6222"><time>2026-06-28T06:14:54.000Z</time><ele>47</ele></trkpt><trkpt lat="35.121286" lon="126.622279"><time>2026-06-28T06:14:55.000Z</time><ele>47</ele></trkpt><trkpt lat="35.121462" lon="126.622366"><time>2026-06-28T06:14:56.000Z</time><ele>47</ele></trkpt><trkpt lat="35.121642" lon="126.622465"><time>2026-06-28T06:14:57.000Z</time><ele>46</ele></trkpt><trkpt lat="35.121821" lon="126.622568"><time>2026-06-28T06:14:58.000Z</time><ele>46</ele></trkpt><trkpt lat="35.122008" lon="126.622676"><time>2026-06-28T06:14:59.000Z</time><ele>46</ele></trkpt><trkpt lat="35.122198" lon="126.62278"><time>2026-06-28T06:15:00.000Z</time><ele>47</ele></trkpt><trkpt lat="35.12239" lon="126.622883"><time>2026-06-28T06:15:01.000Z</time><ele>47</ele></trkpt><trkpt lat="35.122583" lon="126.622988"><time>2026-06-28T06:15:02.000Z</time><ele>47</ele></trkpt><trkpt lat="35.122772" lon="126.623089"><time>2026-06-28T06:15:03.000Z</time><ele>47</ele></trkpt><trkpt lat="35.122961" lon="126.623196"><time>2026-06-28T06:15:04.000Z</time><ele>47</ele></trkpt><trkpt lat="35.123149" lon="126.623302"><time>2026-06-28T06:15:05.000Z</time><ele>47</ele></trkpt><trkpt lat="35.123337" lon="126.623407"><time>2026-06-28T06:15:06.000Z</time><ele>47</ele></trkpt><trkpt lat="35.123526" lon="126.623514"><time>2026-06-28T06:15:07.000Z</time><ele>47</ele></trkpt><trkpt lat="35.123707" lon="126.623617"><time>2026-06-28T06:15:08.000Z</time><ele>46</ele></trkpt><trkpt lat="35.123883" lon="126.623716"><time>2026-06-28T06:15:09.000Z</time><ele>46</ele></trkpt><trkpt lat="35.124055" lon="126.623808"><time>2026-06-28T06:15:10.000Z</time><ele>46</ele></trkpt><trkpt lat="35.124222" lon="126.623898"><time>2026-06-28T06:15:11.000Z</time><ele>46</ele></trkpt><trkpt lat="35.124383" lon="126.623987"><time>2026-06-28T06:15:12.000Z</time><ele>46</ele></trkpt><trkpt lat="35.12454" lon="126.624074"><time>2026-06-28T06:15:13.000Z</time><ele>47</ele></trkpt><trkpt lat="35.12469" lon="126.624154"><time>2026-06-28T06:15:14.000Z</time><ele>47</ele></trkpt><trkpt lat="35.124834" lon="126.624222"><time>2026-06-28T06:15:15.000Z</time><ele>47</ele></trkpt><trkpt lat="35.124972" lon="126.624267"><time>2026-06-28T06:15:16.000Z</time><ele>47</ele></trkpt><trkpt lat="35.125118" lon="126.624281"><time>2026-06-28T06:15:17.000Z</time><ele>47</ele></trkpt><trkpt lat="35.125269" lon="126.624268"><time>2026-06-28T06:15:18.000Z</time><ele>48</ele></trkpt><trkpt lat="35.125415" lon="126.624223"><time>2026-06-28T06:15:19.000Z</time><ele>48</ele></trkpt><trkpt lat="35.125557" lon="126.624155"><time>2026-06-28T06:15:20.000Z</time><ele>48</ele></trkpt><trkpt lat="35.125696" lon="126.624067"><time>2026-06-28T06:15:21.000Z</time><ele>48</ele></trkpt><trkpt lat="35.125837" lon="126.623971"><time>2026-06-28T06:15:22.000Z</time><ele>48</ele></trkpt><trkpt lat="35.125976" lon="126.623864"><time>2026-06-28T06:15:23.000Z</time><ele>48</ele></trkpt><trkpt lat="35.126116" lon="126.623757"><time>2026-06-28T06:15:24.000Z</time><ele>48</ele></trkpt><trkpt lat="35.126262" lon="126.623645"><time>2026-06-28T06:15:25.000Z</time><ele>48</ele></trkpt><trkpt lat="35.126407" lon="126.623535"><time>2026-06-28T06:15:26.000Z</time><ele>49</ele></trkpt><trkpt lat="35.126554" lon="126.623428"><time>2026-06-28T06:15:27.000Z</time><ele>49</ele></trkpt><trkpt lat="35.126703" lon="126.623323"><time>2026-06-28T06:15:28.000Z</time><ele>49</ele></trkpt><trkpt lat="35.126849" lon="126.623217"><time>2026-06-28T06:15:29.000Z</time><ele>48</ele></trkpt><trkpt lat="35.126992" lon="126.623116"><time>2026-06-28T06:15:30.000Z</time><ele>49</ele></trkpt><trkpt lat="35.127132" lon="126.623017"><time>2026-06-28T06:15:31.000Z</time><ele>48</ele></trkpt><trkpt lat="35.127261" lon="126.622919"><time>2026-06-28T06:15:32.000Z</time><ele>48</ele></trkpt><trkpt lat="35.127395" lon="126.622825"><time>2026-06-28T06:15:33.000Z</time><ele>48</ele></trkpt><trkpt lat="35.127532" lon="126.622736"><time>2026-06-28T06:15:34.000Z</time><ele>48</ele></trkpt><trkpt lat="35.127675" lon="126.622656"><time>2026-06-28T06:15:35.000Z</time><ele>48</ele></trkpt><trkpt lat="35.127825" lon="126.622579"><time>2026-06-28T06:15:36.000Z</time><ele>48</ele></trkpt><trkpt lat="35.127982" lon="126.622511"><time>2026-06-28T06:15:37.000Z</time><ele>48</ele></trkpt><trkpt lat="35.128134" lon="126.622447"><time>2026-06-28T06:15:38.000Z</time><ele>48</ele></trkpt><trkpt lat="35.12829" lon="126.62238"><time>2026-06-28T06:15:39.000Z</time><ele>49</ele></trkpt><trkpt lat="35.128448" lon="126.622322"><time>2026-06-28T06:15:40.000Z</time><ele>48</ele></trkpt><trkpt lat="35.128609" lon="126.622285"><time>2026-06-28T06:15:41.000Z</time><ele>49</ele></trkpt><trkpt lat="35.128778" lon="126.622262"><time>2026-06-28T06:15:42.000Z</time><ele>49</ele></trkpt><trkpt lat="35.128948" lon="126.622246"><time>2026-06-28T06:15:43.000Z</time><ele>50</ele></trkpt><trkpt lat="35.129116" lon="126.622228"><time>2026-06-28T06:15:44.000Z</time><ele>51</ele></trkpt><trkpt lat="35.129285" lon="126.622212"><time>2026-06-28T06:15:45.000Z</time><ele>52</ele></trkpt><trkpt lat="35.129456" lon="126.622195"><time>2026-06-28T06:15:46.000Z</time><ele>53</ele></trkpt><trkpt lat="35.129628" lon="126.62218"><time>2026-06-28T06:15:47.000Z</time><ele>53</ele></trkpt><trkpt lat="35.129795" lon="126.622171"><time>2026-06-28T06:15:48.000Z</time><ele>54</ele></trkpt><trkpt lat="35.129959" lon="126.622158"><time>2026-06-28T06:15:49.000Z</time><ele>54</ele></trkpt><trkpt lat="35.13012" lon="126.622141"><time>2026-06-28T06:15:50.000Z</time><ele>54</ele></trkpt><trkpt lat="35.130286" lon="126.622137"><time>2026-06-28T06:15:51.000Z</time><ele>54</ele></trkpt><trkpt lat="35.130458" lon="126.622151"><time>2026-06-28T06:15:52.000Z</time><ele>54</ele></trkpt><trkpt lat="35.130631" lon="126.622175"><time>2026-06-28T06:15:53.000Z</time><ele>54</ele></trkpt><trkpt lat="35.130805" lon="126.622208"><time>2026-06-28T06:15:54.000Z</time><ele>53</ele></trkpt><trkpt lat="35.130981" lon="126.62225"><time>2026-06-28T06:15:55.000Z</time><ele>52</ele></trkpt><trkpt lat="35.131154" lon="126.622291"><time>2026-06-28T06:15:56.000Z</time><ele>51</ele></trkpt><trkpt lat="35.131325" lon="126.62233"><time>2026-06-28T06:15:57.000Z</time><ele>50</ele></trkpt><trkpt lat="35.131484" lon="126.622369"><time>2026-06-28T06:15:58.000Z</time><ele>50</ele></trkpt><trkpt lat="35.131644" lon="126.622404"><time>2026-06-28T06:15:59.000Z</time><ele>50</ele></trkpt><trkpt lat="35.1318" lon="126.622441"><time>2026-06-28T06:16:00.000Z</time><ele>50</ele></trkpt><trkpt lat="35.131951" lon="126.622479"><time>2026-06-28T06:16:01.000Z</time><ele>50</ele></trkpt><trkpt lat="35.132093" lon="126.622523"><time>2026-06-28T06:16:02.000Z</time><ele>50</ele></trkpt><trkpt lat="35.13224" lon="126.622583"><time>2026-06-28T06:16:03.000Z</time><ele>50</ele></trkpt><trkpt lat="35.132382" lon="126.622653"><time>2026-06-28T06:16:04.000Z</time><ele>50</ele></trkpt><trkpt lat="35.13252" lon="126.622737"><time>2026-06-28T06:16:05.000Z</time><ele>51</ele></trkpt><trkpt lat="35.132645" lon="126.622849"><time>2026-06-28T06:16:06.000Z</time><ele>52</ele></trkpt><trkpt lat="35.132771" lon="126.622966"><time>2026-06-28T06:16:07.000Z</time><ele>51</ele></trkpt><trkpt lat="35.132908" lon="126.623069"><time>2026-06-28T06:16:08.000Z</time><ele>51</ele></trkpt><trkpt lat="35.133053" lon="126.623141"><time>2026-06-28T06:16:09.000Z</time><ele>51</ele></trkpt><trkpt lat="35.133199" lon="126.623198"><time>2026-06-28T06:16:10.000Z</time><ele>51</ele></trkpt><trkpt lat="35.133338" lon="126.623248"><time>2026-06-28T06:16:11.000Z</time><ele>51</ele></trkpt><trkpt lat="35.13348" lon="126.623282"><time>2026-06-28T06:16:12.000Z</time><ele>50</ele></trkpt><trkpt lat="35.133628" lon="126.623288"><time>2026-06-28T06:16:13.000Z</time><ele>49</ele></trkpt><trkpt lat="35.133777" lon="126.623299"><time>2026-06-28T06:16:14.000Z</time><ele>49</ele></trkpt><trkpt lat="35.133932" lon="126.623333"><time>2026-06-28T06:16:15.000Z</time><ele>49</ele></trkpt><trkpt lat="35.134089" lon="126.623387"><time>2026-06-28T06:16:16.000Z</time><ele>49</ele></trkpt><trkpt lat="35.134246" lon="126.623469"><time>2026-06-28T06:16:17.000Z</time><ele>48</ele></trkpt><trkpt lat="35.134397" lon="126.623566"><time>2026-06-28T06:16:18.000Z</time><ele>48</ele></trkpt><trkpt lat="35.13455" lon="126.623669"><time>2026-06-28T06:16:19.000Z</time><ele>48</ele></trkpt><trkpt lat="35.134703" lon="126.623768"><time>2026-06-28T06:16:20.000Z</time><ele>48</ele></trkpt><trkpt lat="35.134856" lon="126.623873"><time>2026-06-28T06:16:21.000Z</time><ele>48</ele></trkpt><trkpt lat="35.135003" lon="126.623996"><time>2026-06-28T06:16:22.000Z</time><ele>48</ele></trkpt><trkpt lat="35.135137" lon="126.624142"><time>2026-06-28T06:16:23.000Z</time><ele>48</ele></trkpt><trkpt lat="35.135258" lon="126.624306"><time>2026-06-28T06:16:24.000Z</time><ele>49</ele></trkpt><trkpt lat="35.135357" lon="126.624493"><time>2026-06-28T06:16:25.000Z</time><ele>49</ele></trkpt><trkpt lat="35.135428" lon="126.624685"><time>2026-06-28T06:16:26.000Z</time><ele>50</ele></trkpt><trkpt lat="35.135478" lon="126.624882"><time>2026-06-28T06:16:27.000Z</time><ele>50</ele></trkpt><trkpt lat="35.13553" lon="126.625079"><time>2026-06-28T06:16:28.000Z</time><ele>51</ele></trkpt><trkpt lat="35.1356" lon="126.625267"><time>2026-06-28T06:16:29.000Z</time><ele>50</ele></trkpt><trkpt lat="35.13569" lon="126.625437"><time>2026-06-28T06:16:30.000Z</time><ele>50</ele></trkpt><trkpt lat="35.135817" lon="126.625582"><time>2026-06-28T06:16:31.000Z</time><ele>50</ele></trkpt><trkpt lat="35.135947" lon="126.62572"><time>2026-06-28T06:16:32.000Z</time><ele>50</ele></trkpt><trkpt lat="35.136076" lon="126.625857"><time>2026-06-28T06:16:33.000Z</time><ele>50</ele></trkpt><trkpt lat="35.136209" lon="126.625989"><time>2026-06-28T06:16:34.000Z</time><ele>50</ele></trkpt><trkpt lat="35.136341" lon="126.626115"><time>2026-06-28T06:16:35.000Z</time><ele>50</ele></trkpt><trkpt lat="35.13647" lon="126.626244"><time>2026-06-28T06:16:36.000Z</time><ele>50</ele></trkpt><trkpt lat="35.1366" lon="126.62637"><time>2026-06-28T06:16:37.000Z</time><ele>51</ele></trkpt><trkpt lat="35.136737" lon="126.62648"><time>2026-06-28T06:16:38.000Z</time><ele>50</ele></trkpt><trkpt lat="35.136876" lon="126.626589"><time>2026-06-28T06:16:39.000Z</time><ele>50</ele></trkpt><trkpt lat="35.137013" lon="126.626698"><time>2026-06-28T06:16:40.000Z</time><ele>50</ele></trkpt><trkpt lat="35.137149" lon="126.626819"><time>2026-06-28T06:16:41.000Z</time><ele>50</ele></trkpt><trkpt lat="35.137277" lon="126.626957"><time>2026-06-28T06:16:42.000Z</time><ele>50</ele></trkpt><trkpt lat="35.137396" lon="126.62711"><time>2026-06-28T06:16:43.000Z</time><ele>50</ele></trkpt><trkpt lat="35.137503" lon="126.627272"><time>2026-06-28T06:16:44.000Z</time><ele>51</ele></trkpt><trkpt lat="35.137609" lon="126.627433"><time>2026-06-28T06:16:45.000Z</time><ele>50</ele></trkpt><trkpt lat="35.137716" lon="126.627598"><time>2026-06-28T06:16:46.000Z</time><ele>50</ele></trkpt><trkpt lat="35.137829" lon="126.62776"><time>2026-06-28T06:16:47.000Z</time><ele>50</ele></trkpt><trkpt lat="35.137939" lon="126.627924"><time>2026-06-28T06:16:48.000Z</time><ele>50</ele></trkpt><trkpt lat="35.138048" lon="126.628089"><time>2026-06-28T06:16:49.000Z</time><ele>50</ele></trkpt><trkpt lat="35.138155" lon="126.628251"><time>2026-06-28T06:16:50.000Z</time><ele>50</ele></trkpt><trkpt lat="35.138266" lon="126.628416"><time>2026-06-28T06:16:51.000Z</time><ele>50</ele></trkpt><trkpt lat="35.138371" lon="126.628583"><time>2026-06-28T06:16:52.000Z</time><ele>50</ele></trkpt><trkpt lat="35.138477" lon="126.628744"><time>2026-06-28T06:16:53.000Z</time><ele>50</ele></trkpt><trkpt lat="35.138581" lon="126.628907"><time>2026-06-28T06:16:54.000Z</time><ele>51</ele></trkpt><trkpt lat="35.138683" lon="126.62907"><time>2026-06-28T06:16:55.000Z</time><ele>51</ele></trkpt><trkpt lat="35.138782" lon="126.629236"><time>2026-06-28T06:16:56.000Z</time><ele>52</ele></trkpt><trkpt lat="35.138876" lon="126.629408"><time>2026-06-28T06:16:57.000Z</time><ele>53</ele></trkpt><trkpt lat="35.138974" lon="126.629579"><time>2026-06-28T06:16:58.000Z</time><ele>53</ele></trkpt><trkpt lat="35.139072" lon="126.629753"><time>2026-06-28T06:16:59.000Z</time><ele>54</ele></trkpt><trkpt lat="35.139173" lon="126.629925"><time>2026-06-28T06:17:00.000Z</time><ele>54</ele></trkpt><trkpt lat="35.139277" lon="126.630107"><time>2026-06-28T06:17:01.000Z</time><ele>55</ele></trkpt><trkpt lat="35.139386" lon="126.6303"><time>2026-06-28T06:17:02.000Z</time><ele>55</ele></trkpt><trkpt lat="35.139498" lon="126.630502"><time>2026-06-28T06:17:03.000Z</time><ele>55</ele></trkpt><trkpt lat="35.139607" lon="126.630714"><time>2026-06-28T06:17:04.000Z</time><ele>55</ele></trkpt><trkpt lat="35.139721" lon="126.63093"><time>2026-06-28T06:17:05.000Z</time><ele>56</ele></trkpt><trkpt lat="35.13985" lon="126.631158"><time>2026-06-28T06:17:06.000Z</time><ele>56</ele></trkpt><trkpt lat="35.139982" lon="126.6314"><time>2026-06-28T06:17:07.000Z</time><ele>56</ele></trkpt><trkpt lat="35.140105" lon="126.631651"><time>2026-06-28T06:17:08.000Z</time><ele>56</ele></trkpt><trkpt lat="35.140222" lon="126.631896"><time>2026-06-28T06:17:09.000Z</time><ele>56</ele></trkpt><trkpt lat="35.140338" lon="126.632127"><time>2026-06-28T06:17:10.000Z</time><ele>56</ele></trkpt><trkpt lat="35.14045" lon="126.632352"><time>2026-06-28T06:17:11.000Z</time><ele>56</ele></trkpt><trkpt lat="35.140561" lon="126.632574"><time>2026-06-28T06:17:12.000Z</time><ele>56</ele></trkpt><trkpt lat="35.140659" lon="126.632799"><time>2026-06-28T06:17:13.000Z</time><ele>56</ele></trkpt><trkpt lat="35.140738" lon="126.633034"><time>2026-06-28T06:17:14.000Z</time><ele>56</ele></trkpt><trkpt lat="35.140805" lon="126.63328"><time>2026-06-28T06:17:15.000Z</time><ele>56</ele></trkpt><trkpt lat="35.140864" lon="126.633524"><time>2026-06-28T06:17:16.000Z</time><ele>56</ele></trkpt><trkpt lat="35.140925" lon="126.633767"><time>2026-06-28T06:17:17.000Z</time><ele>56</ele></trkpt><trkpt lat="35.140982" lon="126.634013"><time>2026-06-28T06:17:18.000Z</time><ele>56</ele></trkpt><trkpt lat="35.141039" lon="126.634253"><time>2026-06-28T06:17:19.000Z</time><ele>57</ele></trkpt><trkpt lat="35.141096" lon="126.634492"><time>2026-06-28T06:17:20.000Z</time><ele>57</ele></trkpt><trkpt lat="35.141151" lon="126.634722"><time>2026-06-28T06:17:21.000Z</time><ele>56</ele></trkpt><trkpt lat="35.141204" lon="126.634942"><time>2026-06-28T06:17:22.000Z</time><ele>56</ele></trkpt><trkpt lat="35.141253" lon="126.635155"><time>2026-06-28T06:17:23.000Z</time><ele>57</ele></trkpt><trkpt lat="35.141299" lon="126.635353"><time>2026-06-28T06:17:24.000Z</time><ele>57</ele></trkpt><trkpt lat="35.141343" lon="126.635541"><time>2026-06-28T06:17:25.000Z</time><ele>57</ele></trkpt><trkpt lat="35.14138" lon="126.635719"><time>2026-06-28T06:17:26.000Z</time><ele>57</ele></trkpt><trkpt lat="35.141418" lon="126.635909"><time>2026-06-28T06:17:27.000Z</time><ele>57</ele></trkpt><trkpt lat="35.14146" lon="126.636111"><time>2026-06-28T06:17:28.000Z</time><ele>56</ele></trkpt><trkpt lat="35.141502" lon="126.636321"><time>2026-06-28T06:17:29.000Z</time><ele>55</ele></trkpt><trkpt lat="35.141556" lon="126.63655"><time>2026-06-28T06:17:30.000Z</time><ele>54</ele></trkpt><trkpt lat="35.141621" lon="126.636789"><time>2026-06-28T06:17:31.000Z</time><ele>54</ele></trkpt><trkpt lat="35.141691" lon="126.637035"><time>2026-06-28T06:17:32.000Z</time><ele>54</ele></trkpt><trkpt lat="35.141762" lon="126.637285"><time>2026-06-28T06:17:33.000Z</time><ele>55</ele></trkpt><trkpt lat="35.141836" lon="126.637536"><time>2026-06-28T06:17:34.000Z</time><ele>55</ele></trkpt><trkpt lat="35.141909" lon="126.637788"><time>2026-06-28T06:17:35.000Z</time><ele>55</ele></trkpt><trkpt lat="35.141982" lon="126.638041"><time>2026-06-28T06:17:36.000Z</time><ele>55</ele></trkpt><trkpt lat="35.142057" lon="126.638295"><time>2026-06-28T06:17:37.000Z</time><ele>56</ele></trkpt><trkpt lat="35.142133" lon="126.638547"><time>2026-06-28T06:17:38.000Z</time><ele>57</ele></trkpt><trkpt lat="35.14221" lon="126.638798"><time>2026-06-28T06:17:39.000Z</time><ele>57</ele></trkpt><trkpt lat="35.142293" lon="126.639048"><time>2026-06-28T06:17:40.000Z</time><ele>57</ele></trkpt><trkpt lat="35.14237" lon="126.639299"><time>2026-06-28T06:17:41.000Z</time><ele>57</ele></trkpt><trkpt lat="35.142449" lon="126.639549"><time>2026-06-28T06:17:42.000Z</time><ele>57</ele></trkpt><trkpt lat="35.142533" lon="126.6398"><time>2026-06-28T06:17:43.000Z</time><ele>57</ele></trkpt><trkpt lat="35.142621" lon="126.640051"><time>2026-06-28T06:17:44.000Z</time><ele>57</ele></trkpt><trkpt lat="35.142706" lon="126.640298"><time>2026-06-28T06:17:45.000Z</time><ele>57</ele></trkpt><trkpt lat="35.142796" lon="126.640544"><time>2026-06-28T06:17:46.000Z</time><ele>57</ele></trkpt><trkpt lat="35.142888" lon="126.640788"><time>2026-06-28T06:17:47.000Z</time><ele>57</ele></trkpt><trkpt lat="35.142987" lon="126.641032"><time>2026-06-28T06:17:48.000Z</time><ele>57</ele></trkpt><trkpt lat="35.143088" lon="126.641274"><time>2026-06-28T06:17:49.000Z</time><ele>57</ele></trkpt><trkpt lat="35.143195" lon="126.641515"><time>2026-06-28T06:17:50.000Z</time><ele>57</ele></trkpt><trkpt lat="35.143301" lon="126.641749"><time>2026-06-28T06:17:51.000Z</time><ele>57</ele></trkpt><trkpt lat="35.143413" lon="126.641979"><time>2026-06-28T06:17:52.000Z</time><ele>58</ele></trkpt><trkpt lat="35.143524" lon="126.642209"><time>2026-06-28T06:17:53.000Z</time><ele>58</ele></trkpt><trkpt lat="35.143633" lon="126.64243"><time>2026-06-28T06:17:54.000Z</time><ele>58</ele></trkpt><trkpt lat="35.143736" lon="126.642644"><time>2026-06-28T06:17:55.000Z</time><ele>58</ele></trkpt><trkpt lat="35.143837" lon="126.64285"><time>2026-06-28T06:17:56.000Z</time><ele>58</ele></trkpt><trkpt lat="35.143939" lon="126.643047"><time>2026-06-28T06:17:57.000Z</time><ele>58</ele></trkpt><trkpt lat="35.144051" lon="126.643232"><time>2026-06-28T06:17:58.000Z</time><ele>58</ele></trkpt><trkpt lat="35.144178" lon="126.643387"><time>2026-06-28T06:17:59.000Z</time><ele>58</ele></trkpt><trkpt lat="35.144323" lon="126.643523"><time>2026-06-28T06:18:00.000Z</time><ele>59</ele></trkpt><trkpt lat="35.14448" lon="126.643652"><time>2026-06-28T06:18:01.000Z</time><ele>59</ele></trkpt><trkpt lat="35.14464" lon="126.643771"><time>2026-06-28T06:18:02.000Z</time><ele>59</ele></trkpt><trkpt lat="35.144813" lon="126.643868"><time>2026-06-28T06:18:03.000Z</time><ele>57</ele></trkpt><trkpt lat="35.144985" lon="126.643918"><time>2026-06-28T06:18:04.000Z</time><ele>56</ele></trkpt><trkpt lat="35.145157" lon="126.643939"><time>2026-06-28T06:18:05.000Z</time><ele>56</ele></trkpt><trkpt lat="35.145321" lon="126.643955"><time>2026-06-28T06:18:06.000Z</time><ele>55</ele></trkpt><trkpt lat="35.145477" lon="126.643982"><time>2026-06-28T06:18:07.000Z</time><ele>55</ele></trkpt><trkpt lat="35.145624" lon="126.644009"><time>2026-06-28T06:18:08.000Z</time><ele>55</ele></trkpt><trkpt lat="35.145766" lon="126.644051"><time>2026-06-28T06:18:09.000Z</time><ele>55</ele></trkpt><trkpt lat="35.145894" lon="126.644121"><time>2026-06-28T06:18:10.000Z</time><ele>56</ele></trkpt><trkpt lat="35.146009" lon="126.644231"><time>2026-06-28T06:18:11.000Z</time><ele>56</ele></trkpt><trkpt lat="35.146105" lon="126.644364"><time>2026-06-28T06:18:12.000Z</time><ele>56</ele></trkpt><trkpt lat="35.146189" lon="126.644521"><time>2026-06-28T06:18:13.000Z</time><ele>57</ele></trkpt><trkpt lat="35.146272" lon="126.644684"><time>2026-06-28T06:18:14.000Z</time><ele>56</ele></trkpt><trkpt lat="35.146358" lon="126.644847"><time>2026-06-28T06:18:15.000Z</time><ele>56</ele></trkpt><trkpt lat="35.146428" lon="126.645013"><time>2026-06-28T06:18:16.000Z</time><ele>55</ele></trkpt><trkpt lat="35.14647" lon="126.645187"><time>2026-06-28T06:18:17.000Z</time><ele>55</ele></trkpt><trkpt lat="35.146465" lon="126.645359"><time>2026-06-28T06:18:18.000Z</time><ele>54</ele></trkpt><trkpt lat="35.14642" lon="126.645534"><time>2026-06-28T06:18:19.000Z</time><ele>54</ele></trkpt><trkpt lat="35.146359" lon="126.645713"><time>2026-06-28T06:18:20.000Z</time><ele>54</ele></trkpt><trkpt lat="35.146301" lon="126.645898"><time>2026-06-28T06:18:21.000Z</time><ele>54</ele></trkpt><trkpt lat="35.146239" lon="126.646091"><time>2026-06-28T06:18:22.000Z</time><ele>54</ele></trkpt><trkpt lat="35.146179" lon="126.646283"><time>2026-06-28T06:18:23.000Z</time><ele>54</ele></trkpt><trkpt lat="35.146121" lon="126.646478"><time>2026-06-28T06:18:24.000Z</time><ele>54</ele></trkpt><trkpt lat="35.146065" lon="126.646675"><time>2026-06-28T06:18:25.000Z</time><ele>54</ele></trkpt><trkpt lat="35.146014" lon="126.646877"><time>2026-06-28T06:18:26.000Z</time><ele>54</ele></trkpt><trkpt lat="35.145974" lon="126.647083"><time>2026-06-28T06:18:27.000Z</time><ele>54</ele></trkpt><trkpt lat="35.145946" lon="126.647291"><time>2026-06-28T06:18:28.000Z</time><ele>55</ele></trkpt><trkpt lat="35.145933" lon="126.647506"><time>2026-06-28T06:18:29.000Z</time><ele>55</ele></trkpt><trkpt lat="35.145935" lon="126.647724"><time>2026-06-28T06:18:30.000Z</time><ele>55</ele></trkpt><trkpt lat="35.14598" lon="126.647938"><time>2026-06-28T06:18:31.000Z</time><ele>56</ele></trkpt><trkpt lat="35.146057" lon="126.648136"><time>2026-06-28T06:18:32.000Z</time><ele>55</ele></trkpt><trkpt lat="35.146144" lon="126.648307"><time>2026-06-28T06:18:33.000Z</time><ele>56</ele></trkpt><trkpt lat="35.146235" lon="126.648458"><time>2026-06-28T06:18:34.000Z</time><ele>56</ele></trkpt><trkpt lat="35.146329" lon="126.648598"><time>2026-06-28T06:18:35.000Z</time><ele>56</ele></trkpt><trkpt lat="35.146423" lon="126.648733"><time>2026-06-28T06:18:36.000Z</time><ele>57</ele></trkpt><trkpt lat="35.146524" lon="126.648869"><time>2026-06-28T06:18:37.000Z</time><ele>57</ele></trkpt><trkpt lat="35.146619" lon="126.649019"><time>2026-06-28T06:18:38.000Z</time><ele>58</ele></trkpt><trkpt lat="35.146707" lon="126.649186"><time>2026-06-28T06:18:39.000Z</time><ele>59</ele></trkpt><trkpt lat="35.146787" lon="126.649365"><time>2026-06-28T06:18:40.000Z</time><ele>59</ele></trkpt><trkpt lat="35.146862" lon="126.649555"><time>2026-06-28T06:18:41.000Z</time><ele>59</ele></trkpt><trkpt lat="35.146946" lon="126.649756"><time>2026-06-28T06:18:42.000Z</time><ele>59</ele></trkpt><trkpt lat="35.147029" lon="126.649962"><time>2026-06-28T06:18:43.000Z</time><ele>58</ele></trkpt><trkpt lat="35.147115" lon="126.65017"><time>2026-06-28T06:18:44.000Z</time><ele>58</ele></trkpt><trkpt lat="35.147195" lon="126.650372"><time>2026-06-28T06:18:45.000Z</time><ele>58</ele></trkpt><trkpt lat="35.147279" lon="126.650567"><time>2026-06-28T06:18:46.000Z</time><ele>58</ele></trkpt><trkpt lat="35.147372" lon="126.65075"><time>2026-06-28T06:18:47.000Z</time><ele>59</ele></trkpt><trkpt lat="35.147475" lon="126.65092"><time>2026-06-28T06:18:48.000Z</time><ele>58</ele></trkpt><trkpt lat="35.147594" lon="126.651081"><time>2026-06-28T06:18:49.000Z</time><ele>58</ele></trkpt><trkpt lat="35.147724" lon="126.651231"><time>2026-06-28T06:18:50.000Z</time><ele>57</ele></trkpt><trkpt lat="35.147858" lon="126.651377"><time>2026-06-28T06:18:51.000Z</time><ele>57</ele></trkpt><trkpt lat="35.147988" lon="126.651524"><time>2026-06-28T06:18:52.000Z</time><ele>57</ele></trkpt><trkpt lat="35.148106" lon="126.651677"><time>2026-06-28T06:18:53.000Z</time><ele>57</ele></trkpt><trkpt lat="35.148206" lon="126.651852"><time>2026-06-28T06:18:54.000Z</time><ele>57</ele></trkpt><trkpt lat="35.148291" lon="126.652038"><time>2026-06-28T06:18:55.000Z</time><ele>57</ele></trkpt><trkpt lat="35.148365" lon="126.652226"><time>2026-06-28T06:18:56.000Z</time><ele>58</ele></trkpt><trkpt lat="35.148438" lon="126.652415"><time>2026-06-28T06:18:57.000Z</time><ele>58</ele></trkpt><trkpt lat="35.148512" lon="126.652609"><time>2026-06-28T06:18:58.000Z</time><ele>59</ele></trkpt><trkpt lat="35.148578" lon="126.652809"><time>2026-06-28T06:18:59.000Z</time><ele>59</ele></trkpt><trkpt lat="35.148649" lon="126.653015"><time>2026-06-28T06:19:00.000Z</time><ele>59</ele></trkpt><trkpt lat="35.148722" lon="126.653229"><time>2026-06-28T06:19:01.000Z</time><ele>59</ele></trkpt><trkpt lat="35.1488" lon="126.653447"><time>2026-06-28T06:19:02.000Z</time><ele>59</ele></trkpt><trkpt lat="35.148883" lon="126.65367"><time>2026-06-28T06:19:03.000Z</time><ele>60</ele></trkpt><trkpt lat="35.148967" lon="126.653904"><time>2026-06-28T06:19:04.000Z</time><ele>60</ele></trkpt><trkpt lat="35.149051" lon="126.654141"><time>2026-06-28T06:19:05.000Z</time><ele>60</ele></trkpt><trkpt lat="35.149138" lon="126.654378"><time>2026-06-28T06:19:06.000Z</time><ele>60</ele></trkpt><trkpt lat="35.149214" lon="126.654619"><time>2026-06-28T06:19:07.000Z</time><ele>61</ele></trkpt><trkpt lat="35.149285" lon="126.654863"><time>2026-06-28T06:19:08.000Z</time><ele>60</ele></trkpt><trkpt lat="35.149351" lon="126.655102"><time>2026-06-28T06:19:09.000Z</time><ele>60</ele></trkpt><trkpt lat="35.149417" lon="126.655345"><time>2026-06-28T06:19:10.000Z</time><ele>61</ele></trkpt><trkpt lat="35.149482" lon="126.655581"><time>2026-06-28T06:19:11.000Z</time><ele>61</ele></trkpt><trkpt lat="35.149537" lon="126.655811"><time>2026-06-28T06:19:12.000Z</time><ele>61</ele></trkpt><trkpt lat="35.149595" lon="126.656027"><time>2026-06-28T06:19:13.000Z</time><ele>62</ele></trkpt><trkpt lat="35.149651" lon="126.656235"><time>2026-06-28T06:19:14.000Z</time><ele>62</ele></trkpt><trkpt lat="35.1497" lon="126.656434"><time>2026-06-28T06:19:15.000Z</time><ele>62</ele></trkpt><trkpt lat="35.149718" lon="126.656637"><time>2026-06-28T06:19:16.000Z</time><ele>62</ele></trkpt><trkpt lat="35.149711" lon="126.656849"><time>2026-06-28T06:19:17.000Z</time><ele>61</ele></trkpt><trkpt lat="35.149698" lon="126.657064"><time>2026-06-28T06:19:18.000Z</time><ele>61</ele></trkpt><trkpt lat="35.149675" lon="126.657278"><time>2026-06-28T06:19:19.000Z</time><ele>61</ele></trkpt><trkpt lat="35.149655" lon="126.657495"><time>2026-06-28T06:19:20.000Z</time><ele>61</ele></trkpt><trkpt lat="35.149645" lon="126.657711"><time>2026-06-28T06:19:21.000Z</time><ele>61</ele></trkpt><trkpt lat="35.149652" lon="126.657927"><time>2026-06-28T06:19:22.000Z</time><ele>61</ele></trkpt><trkpt lat="35.149682" lon="126.658141"><time>2026-06-28T06:19:23.000Z</time><ele>60</ele></trkpt><trkpt lat="35.149731" lon="126.65834"><time>2026-06-28T06:19:24.000Z</time><ele>60</ele></trkpt><trkpt lat="35.149793" lon="126.658528"><time>2026-06-28T06:19:25.000Z</time><ele>61</ele></trkpt><trkpt lat="35.149856" lon="126.658701"><time>2026-06-28T06:19:26.000Z</time><ele>62</ele></trkpt><trkpt lat="35.149914" lon="126.658847"><time>2026-06-28T06:19:27.000Z</time><ele>62</ele></trkpt><trkpt lat="35.149968" lon="126.658966"><time>2026-06-28T06:19:28.000Z</time><ele>61</ele></trkpt><trkpt lat="35.150008" lon="126.659074"><time>2026-06-28T06:19:29.000Z</time><ele>61</ele></trkpt><trkpt lat="35.150035" lon="126.65916"><time>2026-06-28T06:19:30.000Z</time><ele>61</ele></trkpt><trkpt lat="35.150054" lon="126.659239"><time>2026-06-28T06:19:31.000Z</time><ele>61</ele></trkpt><trkpt lat="35.150056" lon="126.659325"><time>2026-06-28T06:19:32.000Z</time><ele>62</ele></trkpt><trkpt lat="35.150046" lon="126.659423"><time>2026-06-28T06:19:33.000Z</time><ele>62</ele></trkpt><trkpt lat="35.150033" lon="126.659543"><time>2026-06-28T06:19:34.000Z</time><ele>62</ele></trkpt><trkpt lat="35.150021" lon="126.659674"><time>2026-06-28T06:19:35.000Z</time><ele>63</ele></trkpt><trkpt lat="35.150008" lon="126.659818"><time>2026-06-28T06:19:36.000Z</time><ele>63</ele></trkpt><trkpt lat="35.149995" lon="126.659975"><time>2026-06-28T06:19:37.000Z</time><ele>63</ele></trkpt><trkpt lat="35.149986" lon="126.660134"><time>2026-06-28T06:19:38.000Z</time><ele>63</ele></trkpt><trkpt lat="35.149975" lon="126.660298"><time>2026-06-28T06:19:39.000Z</time><ele>63</ele></trkpt><trkpt lat="35.149964" lon="126.660466"><time>2026-06-28T06:19:40.000Z</time><ele>64</ele></trkpt><trkpt lat="35.149955" lon="126.660639"><time>2026-06-28T06:19:41.000Z</time><ele>64</ele></trkpt><trkpt lat="35.149964" lon="126.66082"><time>2026-06-28T06:19:42.000Z</time><ele>65</ele></trkpt><trkpt lat="35.149989" lon="126.661005"><time>2026-06-28T06:19:43.000Z</time><ele>65</ele></trkpt><trkpt lat="35.150024" lon="126.66119"><time>2026-06-28T06:19:44.000Z</time><ele>65</ele></trkpt><trkpt lat="35.150055" lon="126.661381"><time>2026-06-28T06:19:45.000Z</time><ele>65</ele></trkpt><trkpt lat="35.150086" lon="126.661576"><time>2026-06-28T06:19:46.000Z</time><ele>65</ele></trkpt><trkpt lat="35.150117" lon="126.661764"><time>2026-06-28T06:19:47.000Z</time><ele>65</ele></trkpt><trkpt lat="35.150151" lon="126.661952"><time>2026-06-28T06:19:48.000Z</time><ele>66</ele></trkpt><trkpt lat="35.150188" lon="126.662141"><time>2026-06-28T06:19:49.000Z</time><ele>66</ele></trkpt><trkpt lat="35.150222" lon="126.662334"><time>2026-06-28T06:19:50.000Z</time><ele>66</ele></trkpt><trkpt lat="35.150256" lon="126.662529"><time>2026-06-28T06:19:51.000Z</time><ele>66</ele></trkpt><trkpt lat="35.15029" lon="126.662712"><time>2026-06-28T06:19:52.000Z</time><ele>66</ele></trkpt><trkpt lat="35.150326" lon="126.662891"><time>2026-06-28T06:19:53.000Z</time><ele>67</ele></trkpt><trkpt lat="35.15036" lon="126.663062"><time>2026-06-28T06:19:54.000Z</time><ele>67</ele></trkpt><trkpt lat="35.15039" lon="126.663228"><time>2026-06-28T06:19:55.000Z</time><ele>67</ele></trkpt><trkpt lat="35.150417" lon="126.663394"><time>2026-06-28T06:19:56.000Z</time><ele>67</ele></trkpt><trkpt lat="35.150433" lon="126.66356"><time>2026-06-28T06:19:57.000Z</time><ele>67</ele></trkpt><trkpt lat="35.150429" lon="126.663725"><time>2026-06-28T06:19:58.000Z</time><ele>67</ele></trkpt><trkpt lat="35.150421" lon="126.663892"><time>2026-06-28T06:19:59.000Z</time><ele>67</ele></trkpt><trkpt lat="35.150388" lon="126.664054"><time>2026-06-28T06:20:00.000Z</time><ele>68</ele></trkpt><trkpt lat="35.150335" lon="126.664213"><time>2026-06-28T06:20:01.000Z</time><ele>68</ele></trkpt><trkpt lat="35.150279" lon="126.664378"><time>2026-06-28T06:20:02.000Z</time><ele>69</ele></trkpt><trkpt lat="35.150226" lon="126.66455"><time>2026-06-28T06:20:03.000Z</time><ele>69</ele></trkpt><trkpt lat="35.150176" lon="126.664728"><time>2026-06-28T06:20:04.000Z</time><ele>70</ele></trkpt><trkpt lat="35.150128" lon="126.664911"><time>2026-06-28T06:20:05.000Z</time><ele>71</ele></trkpt><trkpt lat="35.150083" lon="126.665098"><time>2026-06-28T06:20:06.000Z</time><ele>71</ele></trkpt><trkpt lat="35.150038" lon="126.66529"><time>2026-06-28T06:20:07.000Z</time><ele>71</ele></trkpt><trkpt lat="35.14999" lon="126.665493"><time>2026-06-28T06:20:08.000Z</time><ele>72</ele></trkpt><trkpt lat="35.149949" lon="126.6657"><time>2026-06-28T06:20:09.000Z</time><ele>72</ele></trkpt><trkpt lat="35.149925" lon="126.665913"><time>2026-06-28T06:20:10.000Z</time><ele>73</ele></trkpt><trkpt lat="35.149918" lon="126.666129"><time>2026-06-28T06:20:11.000Z</time><ele>73</ele></trkpt><trkpt lat="35.14992" lon="126.66635"><time>2026-06-28T06:20:12.000Z</time><ele>74</ele></trkpt><trkpt lat="35.149925" lon="126.66657"><time>2026-06-28T06:20:13.000Z</time><ele>75</ele></trkpt><trkpt lat="35.149934" lon="126.666791"><time>2026-06-28T06:20:14.000Z</time><ele>75</ele></trkpt><trkpt lat="35.149945" lon="126.667009"><time>2026-06-28T06:20:15.000Z</time><ele>75</ele></trkpt><trkpt lat="35.149965" lon="126.667229"><time>2026-06-28T06:20:16.000Z</time><ele>76</ele></trkpt><trkpt lat="35.149999" lon="126.667445"><time>2026-06-28T06:20:17.000Z</time><ele>77</ele></trkpt><trkpt lat="35.150061" lon="126.667648"><time>2026-06-28T06:20:18.000Z</time><ele>78</ele></trkpt><trkpt lat="35.150145" lon="126.667832"><time>2026-06-28T06:20:19.000Z</time><ele>80</ele></trkpt><trkpt lat="35.150246" lon="126.667999"><time>2026-06-28T06:20:20.000Z</time><ele>80</ele></trkpt><trkpt lat="35.150353" lon="126.668161"><time>2026-06-28T06:20:21.000Z</time><ele>82</ele></trkpt><trkpt lat="35.150449" lon="126.66834"><time>2026-06-28T06:20:22.000Z</time><ele>82</ele></trkpt><trkpt lat="35.150534" lon="126.668523"><time>2026-06-28T06:20:23.000Z</time><ele>82</ele></trkpt><trkpt lat="35.150603" lon="126.668713"><time>2026-06-28T06:20:24.000Z</time><ele>83</ele></trkpt><trkpt lat="35.150642" lon="126.668919"><time>2026-06-28T06:20:25.000Z</time><ele>83</ele></trkpt><trkpt lat="35.150673" lon="126.669126"><time>2026-06-28T06:20:26.000Z</time><ele>84</ele></trkpt><trkpt lat="35.150685" lon="126.669336"><time>2026-06-28T06:20:27.000Z</time><ele>84</ele></trkpt><trkpt lat="35.15067" lon="126.669548"><time>2026-06-28T06:20:28.000Z</time><ele>85</ele></trkpt><trkpt lat="35.150657" lon="126.669761"><time>2026-06-28T06:20:29.000Z</time><ele>85</ele></trkpt><trkpt lat="35.150645" lon="126.669976"><time>2026-06-28T06:20:30.000Z</time><ele>85</ele></trkpt><trkpt lat="35.150629" lon="126.670189"><time>2026-06-28T06:20:31.000Z</time><ele>86</ele></trkpt><trkpt lat="35.150618" lon="126.6704"><time>2026-06-28T06:20:32.000Z</time><ele>86</ele></trkpt><trkpt lat="35.150614" lon="126.670606"><time>2026-06-28T06:20:33.000Z</time><ele>87</ele></trkpt><trkpt lat="35.15061" lon="126.67081"><time>2026-06-28T06:20:34.000Z</time><ele>88</ele></trkpt><trkpt lat="35.15061" lon="126.671011"><time>2026-06-28T06:20:35.000Z</time><ele>88</ele></trkpt><trkpt lat="35.150621" lon="126.671192"><time>2026-06-28T06:20:36.000Z</time><ele>89</ele></trkpt><trkpt lat="35.150637" lon="126.671362"><time>2026-06-28T06:20:37.000Z</time><ele>90</ele></trkpt><trkpt lat="35.150658" lon="126.671528"><time>2026-06-28T06:20:38.000Z</time><ele>91</ele></trkpt><trkpt lat="35.150671" lon="126.671692"><time>2026-06-28T06:20:39.000Z</time><ele>91</ele></trkpt><trkpt lat="35.150672" lon="126.671862"><time>2026-06-28T06:20:40.000Z</time><ele>91</ele></trkpt><trkpt lat="35.150665" lon="126.672038"><time>2026-06-28T06:20:41.000Z</time><ele>91</ele></trkpt><trkpt lat="35.150659" lon="126.672215"><time>2026-06-28T06:20:42.000Z</time><ele>91</ele></trkpt><trkpt lat="35.150654" lon="126.672399"><time>2026-06-28T06:20:43.000Z</time><ele>91</ele></trkpt><trkpt lat="35.150648" lon="126.672586"><time>2026-06-28T06:20:44.000Z</time><ele>91</ele></trkpt><trkpt lat="35.150642" lon="126.672769"><time>2026-06-28T06:20:45.000Z</time><ele>91</ele></trkpt><trkpt lat="35.150634" lon="126.672943"><time>2026-06-28T06:20:46.000Z</time><ele>91</ele></trkpt><trkpt lat="35.150626" lon="126.673108"><time>2026-06-28T06:20:47.000Z</time><ele>91</ele></trkpt><trkpt lat="35.15062" lon="126.673266"><time>2026-06-28T06:20:48.000Z</time><ele>92</ele></trkpt><trkpt lat="35.150615" lon="126.673419"><time>2026-06-28T06:20:49.000Z</time><ele>92</ele></trkpt><trkpt lat="35.150612" lon="126.673562"><time>2026-06-28T06:20:50.000Z</time><ele>93</ele></trkpt><trkpt lat="35.150604" lon="126.673695"><time>2026-06-28T06:20:51.000Z</time><ele>93</ele></trkpt><trkpt lat="35.150597" lon="126.673812"><time>2026-06-28T06:20:52.000Z</time><ele>94</ele></trkpt><trkpt lat="35.150589" lon="126.673914"><time>2026-06-28T06:20:53.000Z</time><ele>94</ele></trkpt><trkpt lat="35.150578" lon="126.673998"><time>2026-06-28T06:20:54.000Z</time><ele>94</ele></trkpt><trkpt lat="35.15057" lon="126.674059"><time>2026-06-28T06:20:55.000Z</time><ele>95</ele></trkpt><trkpt lat="35.150558" lon="126.674135"><time>2026-06-28T06:20:57.000Z</time><ele>95</ele></trkpt><trkpt lat="35.150593" lon="126.674202"><time>2026-06-28T06:23:46.000Z</time><ele>94</ele></trkpt><trkpt lat="35.15061" lon="126.674309"><time>2026-06-28T06:23:48.000Z</time><ele>94</ele></trkpt><trkpt lat="35.150614" lon="126.674376"><time>2026-06-28T06:23:49.000Z</time><ele>93</ele></trkpt><trkpt lat="35.150629" lon="126.674444"><time>2026-06-28T06:23:50.000Z</time><ele>93</ele></trkpt><trkpt lat="35.15067" lon="126.674508"><time>2026-06-28T06:23:51.000Z</time><ele>94</ele></trkpt><trkpt lat="35.150749" lon="126.674555"><time>2026-06-28T06:23:52.000Z</time><ele>94</ele></trkpt><trkpt lat="35.150843" lon="126.674594"><time>2026-06-28T06:23:53.000Z</time><ele>93</ele></trkpt><trkpt lat="35.150947" lon="126.674625"><time>2026-06-28T06:23:54.000Z</time><ele>93</ele></trkpt><trkpt lat="35.151054" lon="126.674651"><time>2026-06-28T06:23:55.000Z</time><ele>94</ele></trkpt><trkpt lat="35.151167" lon="126.674669"><time>2026-06-28T06:23:56.000Z</time><ele>94</ele></trkpt><trkpt lat="35.151291" lon="126.674692"><time>2026-06-28T06:23:57.000Z</time><ele>94</ele></trkpt><trkpt lat="35.151425" lon="126.674718"><time>2026-06-28T06:23:58.000Z</time><ele>94</ele></trkpt><trkpt lat="35.151562" lon="126.67474"><time>2026-06-28T06:23:59.000Z</time><ele>94</ele></trkpt><trkpt lat="35.151696" lon="126.674757"><time>2026-06-28T06:24:00.000Z</time><ele>93</ele></trkpt><trkpt lat="35.151827" lon="126.674764"><time>2026-06-28T06:24:01.000Z</time><ele>93</ele></trkpt><trkpt lat="35.151961" lon="126.674771"><time>2026-06-28T06:24:02.000Z</time><ele>92</ele></trkpt><trkpt lat="35.152099" lon="126.674769"><time>2026-06-28T06:24:03.000Z</time><ele>92</ele></trkpt><trkpt lat="35.152243" lon="126.674764"><time>2026-06-28T06:24:04.000Z</time><ele>92</ele></trkpt><trkpt lat="35.152386" lon="126.674753"><time>2026-06-28T06:24:05.000Z</time><ele>91</ele></trkpt><trkpt lat="35.152531" lon="126.674738"><time>2026-06-28T06:24:06.000Z</time><ele>90</ele></trkpt><trkpt lat="35.152683" lon="126.674715"><time>2026-06-28T06:24:07.000Z</time><ele>90</ele></trkpt><trkpt lat="35.152839" lon="126.674689"><time>2026-06-28T06:24:08.000Z</time><ele>89</ele></trkpt><trkpt lat="35.152996" lon="126.674658"><time>2026-06-28T06:24:09.000Z</time><ele>89</ele></trkpt><trkpt lat="35.153154" lon="126.67462"><time>2026-06-28T06:24:10.000Z</time><ele>88</ele></trkpt><trkpt lat="35.153316" lon="126.674568"><time>2026-06-28T06:24:11.000Z</time><ele>87</ele></trkpt><trkpt lat="35.153483" lon="126.674509"><time>2026-06-28T06:24:12.000Z</time><ele>86</ele></trkpt><trkpt lat="35.153652" lon="126.674441"><time>2026-06-28T06:24:13.000Z</time><ele>85</ele></trkpt><trkpt lat="35.153822" lon="126.674366"><time>2026-06-28T06:24:14.000Z</time><ele>84</ele></trkpt><trkpt lat="35.153995" lon="126.674277"><time>2026-06-28T06:24:15.000Z</time><ele>83</ele></trkpt><trkpt lat="35.154168" lon="126.674175"><time>2026-06-28T06:24:16.000Z</time><ele>81</ele></trkpt><trkpt lat="35.154343" lon="126.674058"><time>2026-06-28T06:24:17.000Z</time><ele>80</ele></trkpt><trkpt lat="35.154521" lon="126.67394"><time>2026-06-28T06:24:18.000Z</time><ele>79</ele></trkpt><trkpt lat="35.154701" lon="126.673818"><time>2026-06-28T06:24:19.000Z</time><ele>78</ele></trkpt><trkpt lat="35.154882" lon="126.6737"><time>2026-06-28T06:24:20.000Z</time><ele>76</ele></trkpt><trkpt lat="35.155067" lon="126.673568"><time>2026-06-28T06:24:21.000Z</time><ele>75</ele></trkpt><trkpt lat="35.155252" lon="126.673428"><time>2026-06-28T06:24:22.000Z</time><ele>74</ele></trkpt><trkpt lat="35.15544" lon="126.673291"><time>2026-06-28T06:24:23.000Z</time><ele>73</ele></trkpt><trkpt lat="35.155632" lon="126.67315"><time>2026-06-28T06:24:24.000Z</time><ele>71</ele></trkpt><trkpt lat="35.155823" lon="126.673014"><time>2026-06-28T06:24:25.000Z</time><ele>70</ele></trkpt><trkpt lat="35.156019" lon="126.672879"><time>2026-06-28T06:24:26.000Z</time><ele>69</ele></trkpt><trkpt lat="35.156213" lon="126.672744"><time>2026-06-28T06:24:27.000Z</time><ele>67</ele></trkpt><trkpt lat="35.156408" lon="126.672613"><time>2026-06-28T06:24:28.000Z</time><ele>66</ele></trkpt><trkpt lat="35.156605" lon="126.672493"><time>2026-06-28T06:24:29.000Z</time><ele>65</ele></trkpt><trkpt lat="35.156807" lon="126.672385"><time>2026-06-28T06:24:30.000Z</time><ele>64</ele></trkpt><trkpt lat="35.157011" lon="126.672292"><time>2026-06-28T06:24:31.000Z</time><ele>63</ele></trkpt><trkpt lat="35.157217" lon="126.672204"><time>2026-06-28T06:24:32.000Z</time><ele>63</ele></trkpt><trkpt lat="35.157424" lon="126.672123"><time>2026-06-28T06:24:33.000Z</time><ele>63</ele></trkpt><trkpt lat="35.157632" lon="126.67205"><time>2026-06-28T06:24:34.000Z</time><ele>63</ele></trkpt><trkpt lat="35.157842" lon="126.671993"><time>2026-06-28T06:24:35.000Z</time><ele>62</ele></trkpt><trkpt lat="35.158055" lon="126.671945"><time>2026-06-28T06:24:36.000Z</time><ele>62</ele></trkpt><trkpt lat="35.158269" lon="126.671913"><time>2026-06-28T06:24:37.000Z</time><ele>62</ele></trkpt><trkpt lat="35.158483" lon="126.671889"><time>2026-06-28T06:24:38.000Z</time><ele>62</ele></trkpt><trkpt lat="35.158696" lon="126.671874"><time>2026-06-28T06:24:39.000Z</time><ele>62</ele></trkpt><trkpt lat="35.15891" lon="126.671873"><time>2026-06-28T06:24:40.000Z</time><ele>61</ele></trkpt><trkpt lat="35.159118" lon="126.671883"><time>2026-06-28T06:24:41.000Z</time><ele>62</ele></trkpt><trkpt lat="35.159328" lon="126.671902"><time>2026-06-28T06:24:42.000Z</time><ele>62</ele></trkpt><trkpt lat="35.159538" lon="126.671934"><time>2026-06-28T06:24:43.000Z</time><ele>62</ele></trkpt><trkpt lat="35.159747" lon="126.671976"><time>2026-06-28T06:24:44.000Z</time><ele>61</ele></trkpt><trkpt lat="35.159956" lon="126.672032"><time>2026-06-28T06:24:45.000Z</time><ele>61</ele></trkpt><trkpt lat="35.160162" lon="126.6721"><time>2026-06-28T06:24:46.000Z</time><ele>61</ele></trkpt><trkpt lat="35.160365" lon="126.672177"><time>2026-06-28T06:24:47.000Z</time><ele>61</ele></trkpt><trkpt lat="35.160566" lon="126.672265"><time>2026-06-28T06:24:48.000Z</time><ele>61</ele></trkpt><trkpt lat="35.160755" lon="126.672357"><time>2026-06-28T06:24:49.000Z</time><ele>60</ele></trkpt><trkpt lat="35.160936" lon="126.672457"><time>2026-06-28T06:24:50.000Z</time><ele>60</ele></trkpt><trkpt lat="35.161099" lon="126.672558"><time>2026-06-28T06:24:51.000Z</time><ele>60</ele></trkpt><trkpt lat="35.161252" lon="126.672667"><time>2026-06-28T06:24:52.000Z</time><ele>59</ele></trkpt><trkpt lat="35.161399" lon="126.672777"><time>2026-06-28T06:24:53.000Z</time><ele>59</ele></trkpt><trkpt lat="35.161531" lon="126.672881"><time>2026-06-28T06:24:54.000Z</time><ele>59</ele></trkpt><trkpt lat="35.161643" lon="126.672977"><time>2026-06-28T06:24:55.000Z</time><ele>59</ele></trkpt><trkpt lat="35.161734" lon="126.673062"><time>2026-06-28T06:24:56.000Z</time><ele>59</ele></trkpt><trkpt lat="35.161809" lon="126.673141"><time>2026-06-28T06:24:57.000Z</time><ele>59</ele></trkpt><trkpt lat="35.161881" lon="126.673213"><time>2026-06-28T06:24:58.000Z</time><ele>59</ele></trkpt><trkpt lat="35.161947" lon="126.673276"><time>2026-06-28T06:24:59.000Z</time><ele>58</ele></trkpt><trkpt lat="35.16201" lon="126.673342"><time>2026-06-28T06:25:00.000Z</time><ele>58</ele></trkpt><trkpt lat="35.162082" lon="126.673408"><time>2026-06-28T06:25:01.000Z</time><ele>58</ele></trkpt><trkpt lat="35.16217" lon="126.673477"><time>2026-06-28T06:25:02.000Z</time><ele>58</ele></trkpt><trkpt lat="35.162267" lon="126.673549"><time>2026-06-28T06:25:03.000Z</time><ele>58</ele></trkpt><trkpt lat="35.162369" lon="126.673625"><time>2026-06-28T06:25:04.000Z</time><ele>57</ele></trkpt><trkpt lat="35.16247" lon="126.673703"><time>2026-06-28T06:25:05.000Z</time><ele>57</ele></trkpt><trkpt lat="35.162571" lon="126.673779"><time>2026-06-28T06:25:06.000Z</time><ele>57</ele></trkpt><trkpt lat="35.16267" lon="126.673852"><time>2026-06-28T06:25:07.000Z</time><ele>57</ele></trkpt><trkpt lat="35.162761" lon="126.673922"><time>2026-06-28T06:25:08.000Z</time><ele>56</ele></trkpt><trkpt lat="35.162842" lon="126.673993"><time>2026-06-28T06:25:09.000Z</time><ele>56</ele></trkpt><trkpt lat="35.162902" lon="126.674066"><time>2026-06-28T06:25:10.000Z</time><ele>56</ele></trkpt><trkpt lat="35.162941" lon="126.674153"><time>2026-06-28T06:25:11.000Z</time><ele>56</ele></trkpt><trkpt lat="35.162953" lon="126.674259"><time>2026-06-28T06:25:12.000Z</time><ele>56</ele></trkpt><trkpt lat="35.162937" lon="126.674392"><time>2026-06-28T06:25:13.000Z</time><ele>56</ele></trkpt><trkpt lat="35.162915" lon="126.674534"><time>2026-06-28T06:25:14.000Z</time><ele>57</ele></trkpt><trkpt lat="35.162895" lon="126.674685"><time>2026-06-28T06:25:15.000Z</time><ele>57</ele></trkpt><trkpt lat="35.162872" lon="126.674855"><time>2026-06-28T06:25:16.000Z</time><ele>58</ele></trkpt><trkpt lat="35.162853" lon="126.675031"><time>2026-06-28T06:25:17.000Z</time><ele>59</ele></trkpt><trkpt lat="35.162826" lon="126.675212"><time>2026-06-28T06:25:18.000Z</time><ele>60</ele></trkpt><trkpt lat="35.162665" lon="126.6765"><time>2026-06-28T06:25:24.000Z</time><ele>61</ele></trkpt><trkpt lat="35.162648" lon="126.676747"><time>2026-06-28T06:25:25.000Z</time><ele>60</ele></trkpt><trkpt lat="35.162626" lon="126.676996"><time>2026-06-28T06:25:26.000Z</time><ele>61</ele></trkpt><trkpt lat="35.162605" lon="126.677251"><time>2026-06-28T06:25:27.000Z</time><ele>60</ele></trkpt><trkpt lat="35.162583" lon="126.677505"><time>2026-06-28T06:25:28.000Z</time><ele>60</ele></trkpt><trkpt lat="35.162554" lon="126.677763"><time>2026-06-28T06:25:29.000Z</time><ele>61</ele></trkpt><trkpt lat="35.162526" lon="126.678018"><time>2026-06-28T06:25:30.000Z</time><ele>61</ele></trkpt><trkpt lat="35.162496" lon="126.678279"><time>2026-06-28T06:25:31.000Z</time><ele>60</ele></trkpt><trkpt lat="35.162462" lon="126.678541"><time>2026-06-28T06:25:32.000Z</time><ele>60</ele></trkpt><trkpt lat="35.162426" lon="126.678804"><time>2026-06-28T06:25:33.000Z</time><ele>60</ele></trkpt><trkpt lat="35.162387" lon="126.679072"><time>2026-06-28T06:25:34.000Z</time><ele>60</ele></trkpt><trkpt lat="35.162348" lon="126.679341"><time>2026-06-28T06:25:35.000Z</time><ele>60</ele></trkpt><trkpt lat="35.162311" lon="126.679612"><time>2026-06-28T06:25:36.000Z</time><ele>60</ele></trkpt><trkpt lat="35.162274" lon="126.679878"><time>2026-06-28T06:25:37.000Z</time><ele>60</ele></trkpt><trkpt lat="35.162233" lon="126.680139"><time>2026-06-28T06:25:38.000Z</time><ele>60</ele></trkpt><trkpt lat="35.162193" lon="126.680396"><time>2026-06-28T06:25:39.000Z</time><ele>60</ele></trkpt><trkpt lat="35.162153" lon="126.680649"><time>2026-06-28T06:25:40.000Z</time><ele>60</ele></trkpt><trkpt lat="35.162111" lon="126.680901"><time>2026-06-28T06:25:41.000Z</time><ele>60</ele></trkpt><trkpt lat="35.162069" lon="126.681151"><time>2026-06-28T06:25:42.000Z</time><ele>59</ele></trkpt><trkpt lat="35.162028" lon="126.681398"><time>2026-06-28T06:25:43.000Z</time><ele>59</ele></trkpt><trkpt lat="35.161986" lon="126.681642"><time>2026-06-28T06:25:44.000Z</time><ele>59</ele></trkpt><trkpt lat="35.161947" lon="126.681888"><time>2026-06-28T06:25:45.000Z</time><ele>59</ele></trkpt><trkpt lat="35.16191" lon="126.682137"><time>2026-06-28T06:25:46.000Z</time><ele>59</ele></trkpt><trkpt lat="35.16187" lon="126.682391"><time>2026-06-28T06:25:47.000Z</time><ele>59</ele></trkpt><trkpt lat="35.161828" lon="126.682645"><time>2026-06-28T06:25:48.000Z</time><ele>59</ele></trkpt><trkpt lat="35.16178" lon="126.682901"><time>2026-06-28T06:25:49.000Z</time><ele>58</ele></trkpt><trkpt lat="35.161725" lon="126.683161"><time>2026-06-28T06:25:50.000Z</time><ele>58</ele></trkpt><trkpt lat="35.161665" lon="126.683421"><time>2026-06-28T06:25:51.000Z</time><ele>58</ele></trkpt><trkpt lat="35.1616" lon="126.683682"><time>2026-06-28T06:25:52.000Z</time><ele>59</ele></trkpt><trkpt lat="35.161532" lon="126.683941"><time>2026-06-28T06:25:53.000Z</time><ele>59</ele></trkpt><trkpt lat="35.161458" lon="126.684204"><time>2026-06-28T06:25:54.000Z</time><ele>60</ele></trkpt><trkpt lat="35.161381" lon="126.684468"><time>2026-06-28T06:25:55.000Z</time><ele>60</ele></trkpt><trkpt lat="35.161305" lon="126.68473"><time>2026-06-28T06:25:56.000Z</time><ele>61</ele></trkpt><trkpt lat="35.161226" lon="126.684995"><time>2026-06-28T06:25:57.000Z</time><ele>61</ele></trkpt><trkpt lat="35.161143" lon="126.685255"><time>2026-06-28T06:25:58.000Z</time><ele>62</ele></trkpt><trkpt lat="35.161055" lon="126.685515"><time>2026-06-28T06:25:59.000Z</time><ele>63</ele></trkpt><trkpt lat="35.160969" lon="126.685777"><time>2026-06-28T06:26:00.000Z</time><ele>63</ele></trkpt><trkpt lat="35.160886" lon="126.686042"><time>2026-06-28T06:26:01.000Z</time><ele>64</ele></trkpt><trkpt lat="35.160806" lon="126.686309"><time>2026-06-28T06:26:02.000Z</time><ele>65</ele></trkpt><trkpt lat="35.160728" lon="126.686576"><time>2026-06-28T06:26:03.000Z</time><ele>65</ele></trkpt><trkpt lat="35.160648" lon="126.686841"><time>2026-06-28T06:26:04.000Z</time><ele>65</ele></trkpt><trkpt lat="35.160567" lon="126.687106"><time>2026-06-28T06:26:05.000Z</time><ele>65</ele></trkpt><trkpt lat="35.160487" lon="126.687372"><time>2026-06-28T06:26:06.000Z</time><ele>65</ele></trkpt><trkpt lat="35.160409" lon="126.687639"><time>2026-06-28T06:26:07.000Z</time><ele>66</ele></trkpt><trkpt lat="35.160329" lon="126.687907"><time>2026-06-28T06:26:08.000Z</time><ele>66</ele></trkpt><trkpt lat="35.160251" lon="126.688173"><time>2026-06-28T06:26:09.000Z</time><ele>66</ele></trkpt><trkpt lat="35.160171" lon="126.688442"><time>2026-06-28T06:26:10.000Z</time><ele>66</ele></trkpt><trkpt lat="35.160091" lon="126.688714"><time>2026-06-28T06:26:11.000Z</time><ele>66</ele></trkpt><trkpt lat="35.160011" lon="126.688985"><time>2026-06-28T06:26:12.000Z</time><ele>66</ele></trkpt><trkpt lat="35.15993" lon="126.689256"><time>2026-06-28T06:26:13.000Z</time><ele>67</ele></trkpt><trkpt lat="35.159849" lon="126.689527"><time>2026-06-28T06:26:14.000Z</time><ele>67</ele></trkpt><trkpt lat="35.159768" lon="126.689799"><time>2026-06-28T06:26:15.000Z</time><ele>67</ele></trkpt><trkpt lat="35.15969" lon="126.690066"><time>2026-06-28T06:26:16.000Z</time><ele>67</ele></trkpt><trkpt lat="35.159609" lon="126.690335"><time>2026-06-28T06:26:17.000Z</time><ele>67</ele></trkpt><trkpt lat="35.159527" lon="126.690605"><time>2026-06-28T06:26:18.000Z</time><ele>67</ele></trkpt><trkpt lat="35.159445" lon="126.690879"><time>2026-06-28T06:26:19.000Z</time><ele>67</ele></trkpt><trkpt lat="35.159367" lon="126.69115"><time>2026-06-28T06:26:20.000Z</time><ele>67</ele></trkpt><trkpt lat="35.15929" lon="126.691422"><time>2026-06-28T06:26:21.000Z</time><ele>67</ele></trkpt><trkpt lat="35.159217" lon="126.691698"><time>2026-06-28T06:26:22.000Z</time><ele>67</ele></trkpt><trkpt lat="35.159149" lon="126.691979"><time>2026-06-28T06:26:23.000Z</time><ele>67</ele></trkpt><trkpt lat="35.159089" lon="126.692263"><time>2026-06-28T06:26:24.000Z</time><ele>66</ele></trkpt><trkpt lat="35.159033" lon="126.692548"><time>2026-06-28T06:26:25.000Z</time><ele>65</ele></trkpt><trkpt lat="35.158985" lon="126.692829"><time>2026-06-28T06:26:26.000Z</time><ele>65</ele></trkpt><trkpt lat="35.158945" lon="126.693106"><time>2026-06-28T06:26:27.000Z</time><ele>65</ele></trkpt><trkpt lat="35.158915" lon="126.693383"><time>2026-06-28T06:26:28.000Z</time><ele>65</ele></trkpt><trkpt lat="35.158893" lon="126.693661"><time>2026-06-28T06:26:29.000Z</time><ele>64</ele></trkpt><trkpt lat="35.158881" lon="126.693934"><time>2026-06-28T06:26:30.000Z</time><ele>64</ele></trkpt><trkpt lat="35.158879" lon="126.694203"><time>2026-06-28T06:26:31.000Z</time><ele>64</ele></trkpt><trkpt lat="35.158883" lon="126.694466"><time>2026-06-28T06:26:32.000Z</time><ele>64</ele></trkpt><trkpt lat="35.158897" lon="126.694725"><time>2026-06-28T06:26:33.000Z</time><ele>63</ele></trkpt><trkpt lat="35.158921" lon="126.694986"><time>2026-06-28T06:26:34.000Z</time><ele>63</ele></trkpt><trkpt lat="35.158946" lon="126.695245"><time>2026-06-28T06:26:35.000Z</time><ele>63</ele></trkpt><trkpt lat="35.158976" lon="126.695504"><time>2026-06-28T06:26:36.000Z</time><ele>63</ele></trkpt><trkpt lat="35.159014" lon="126.69576"><time>2026-06-28T06:26:37.000Z</time><ele>62</ele></trkpt><trkpt lat="35.15906" lon="126.69601"><time>2026-06-28T06:26:38.000Z</time><ele>62</ele></trkpt><trkpt lat="35.159108" lon="126.696263"><time>2026-06-28T06:26:39.000Z</time><ele>62</ele></trkpt><trkpt lat="35.159163" lon="126.696513"><time>2026-06-28T06:26:40.000Z</time><ele>62</ele></trkpt><trkpt lat="35.159228" lon="126.696762"><time>2026-06-28T06:26:41.000Z</time><ele>61</ele></trkpt><trkpt lat="35.159304" lon="126.697006"><time>2026-06-28T06:26:42.000Z</time><ele>61</ele></trkpt><trkpt lat="35.159383" lon="126.697252"><time>2026-06-28T06:26:43.000Z</time><ele>61</ele></trkpt><trkpt lat="35.159469" lon="126.697498"><time>2026-06-28T06:26:44.000Z</time><ele>61</ele></trkpt><trkpt lat="35.159558" lon="126.697743"><time>2026-06-28T06:26:45.000Z</time><ele>61</ele></trkpt><trkpt lat="35.159649" lon="126.697993"><time>2026-06-28T06:26:46.000Z</time><ele>61</ele></trkpt><trkpt lat="35.159743" lon="126.698252"><time>2026-06-28T06:26:47.000Z</time><ele>61</ele></trkpt><trkpt lat="35.159834" lon="126.698514"><time>2026-06-28T06:26:48.000Z</time><ele>61</ele></trkpt><trkpt lat="35.159931" lon="126.698779"><time>2026-06-28T06:26:49.000Z</time><ele>60</ele></trkpt><trkpt lat="35.160033" lon="126.699043"><time>2026-06-28T06:26:50.000Z</time><ele>60</ele></trkpt><trkpt lat="35.160136" lon="126.699309"><time>2026-06-28T06:26:51.000Z</time><ele>60</ele></trkpt><trkpt lat="35.160241" lon="126.699573"><time>2026-06-28T06:26:52.000Z</time><ele>60</ele></trkpt><trkpt lat="35.160348" lon="126.699836"><time>2026-06-28T06:26:53.000Z</time><ele>60</ele></trkpt><trkpt lat="35.160452" lon="126.700102"><time>2026-06-28T06:26:54.000Z</time><ele>60</ele></trkpt><trkpt lat="35.160555" lon="126.700368"><time>2026-06-28T06:26:55.000Z</time><ele>60</ele></trkpt><trkpt lat="35.160659" lon="126.700633"><time>2026-06-28T06:26:56.000Z</time><ele>60</ele></trkpt><trkpt lat="35.160766" lon="126.700899"><time>2026-06-28T06:26:57.000Z</time><ele>61</ele></trkpt><trkpt lat="35.160872" lon="126.701158"><time>2026-06-28T06:26:58.000Z</time><ele>61</ele></trkpt><trkpt lat="35.160978" lon="126.70142"><time>2026-06-28T06:26:59.000Z</time><ele>62</ele></trkpt><trkpt lat="35.161079" lon="126.701679"><time>2026-06-28T06:27:00.000Z</time><ele>63</ele></trkpt><trkpt lat="35.161175" lon="126.701945"><time>2026-06-28T06:27:01.000Z</time><ele>63</ele></trkpt><trkpt lat="35.161267" lon="126.702213"><time>2026-06-28T06:27:02.000Z</time><ele>64</ele></trkpt><trkpt lat="35.161355" lon="126.702486"><time>2026-06-28T06:27:03.000Z</time><ele>64</ele></trkpt><trkpt lat="35.161427" lon="126.702766"><time>2026-06-28T06:27:04.000Z</time><ele>65</ele></trkpt><trkpt lat="35.16148" lon="126.703051"><time>2026-06-28T06:27:05.000Z</time><ele>65</ele></trkpt><trkpt lat="35.161529" lon="126.703339"><time>2026-06-28T06:27:06.000Z</time><ele>65</ele></trkpt><trkpt lat="35.161565" lon="126.703628"><time>2026-06-28T06:27:07.000Z</time><ele>65</ele></trkpt><trkpt lat="35.161595" lon="126.70392"><time>2026-06-28T06:27:08.000Z</time><ele>64</ele></trkpt><trkpt lat="35.161611" lon="126.704217"><time>2026-06-28T06:27:09.000Z</time><ele>64</ele></trkpt><trkpt lat="35.161619" lon="126.704516"><time>2026-06-28T06:27:10.000Z</time><ele>64</ele></trkpt><trkpt lat="35.161615" lon="126.704817"><time>2026-06-28T06:27:11.000Z</time><ele>64</ele></trkpt><trkpt lat="35.161595" lon="126.705115"><time>2026-06-28T06:27:12.000Z</time><ele>64</ele></trkpt><trkpt lat="35.161565" lon="126.705404"><time>2026-06-28T06:27:13.000Z</time><ele>63</ele></trkpt><trkpt lat="35.161524" lon="126.70569"><time>2026-06-28T06:27:14.000Z</time><ele>63</ele></trkpt><trkpt lat="35.161474" lon="126.705971"><time>2026-06-28T06:27:15.000Z</time><ele>63</ele></trkpt><trkpt lat="35.161418" lon="126.706249"><time>2026-06-28T06:27:16.000Z</time><ele>63</ele></trkpt><trkpt lat="35.161358" lon="126.706518"><time>2026-06-28T06:27:17.000Z</time><ele>63</ele></trkpt><trkpt lat="35.161286" lon="126.706775"><time>2026-06-28T06:27:18.000Z</time><ele>63</ele></trkpt><trkpt lat="35.161207" lon="126.707016"><time>2026-06-28T06:27:19.000Z</time><ele>63</ele></trkpt><trkpt lat="35.161127" lon="126.707249"><time>2026-06-28T06:27:20.000Z</time><ele>63</ele></trkpt><trkpt lat="35.161039" lon="126.707471"><time>2026-06-28T06:27:21.000Z</time><ele>63</ele></trkpt><trkpt lat="35.160951" lon="126.707693"><time>2026-06-28T06:27:22.000Z</time><ele>63</ele></trkpt><trkpt lat="35.160863" lon="126.707919"><time>2026-06-28T06:27:23.000Z</time><ele>63</ele></trkpt><trkpt lat="35.160771" lon="126.70815"><time>2026-06-28T06:27:24.000Z</time><ele>63</ele></trkpt><trkpt lat="35.160683" lon="126.708377"><time>2026-06-28T06:27:25.000Z</time><ele>64</ele></trkpt><trkpt lat="35.160591" lon="126.708607"><time>2026-06-28T06:27:26.000Z</time><ele>65</ele></trkpt><trkpt lat="35.160501" lon="126.708838"><time>2026-06-28T06:27:27.000Z</time><ele>66</ele></trkpt><trkpt lat="35.160417" lon="126.709078"><time>2026-06-28T06:27:28.000Z</time><ele>66</ele></trkpt><trkpt lat="35.160343" lon="126.709329"><time>2026-06-28T06:27:29.000Z</time><ele>65</ele></trkpt><trkpt lat="35.16027" lon="126.709582"><time>2026-06-28T06:27:30.000Z</time><ele>64</ele></trkpt><trkpt lat="35.1602" lon="126.709831"><time>2026-06-28T06:27:31.000Z</time><ele>64</ele></trkpt><trkpt lat="35.160128" lon="126.710082"><time>2026-06-28T06:27:32.000Z</time><ele>63</ele></trkpt><trkpt lat="35.160061" lon="126.710341"><time>2026-06-28T06:27:33.000Z</time><ele>63</ele></trkpt><trkpt lat="35.159993" lon="126.710602"><time>2026-06-28T06:27:34.000Z</time><ele>62</ele></trkpt><trkpt lat="35.159928" lon="126.71087"><time>2026-06-28T06:27:35.000Z</time><ele>61</ele></trkpt><trkpt lat="35.15987" lon="126.71114"><time>2026-06-28T06:27:36.000Z</time><ele>61</ele></trkpt><trkpt lat="35.159817" lon="126.711414"><time>2026-06-28T06:27:37.000Z</time><ele>61</ele></trkpt><trkpt lat="35.15977" lon="126.711689"><time>2026-06-28T06:27:38.000Z</time><ele>60</ele></trkpt><trkpt lat="35.159729" lon="126.711966"><time>2026-06-28T06:27:39.000Z</time><ele>60</ele></trkpt><trkpt lat="35.15969" lon="126.712245"><time>2026-06-28T06:27:40.000Z</time><ele>59</ele></trkpt><trkpt lat="35.159651" lon="126.712525"><time>2026-06-28T06:27:41.000Z</time><ele>58</ele></trkpt><trkpt lat="35.159612" lon="126.712806"><time>2026-06-28T06:27:42.000Z</time><ele>58</ele></trkpt><trkpt lat="35.159574" lon="126.713088"><time>2026-06-28T06:27:43.000Z</time><ele>57</ele></trkpt><trkpt lat="35.159537" lon="126.713369"><time>2026-06-28T06:27:44.000Z</time><ele>57</ele></trkpt><trkpt lat="35.159501" lon="126.713648"><time>2026-06-28T06:27:45.000Z</time><ele>57</ele></trkpt><trkpt lat="35.159468" lon="126.713926"><time>2026-06-28T06:27:46.000Z</time><ele>57</ele></trkpt><trkpt lat="35.15944" lon="126.714206"><time>2026-06-28T06:27:47.000Z</time><ele>58</ele></trkpt><trkpt lat="35.159414" lon="126.714489"><time>2026-06-28T06:27:48.000Z</time><ele>58</ele></trkpt><trkpt lat="35.159385" lon="126.71477"><time>2026-06-28T06:27:49.000Z</time><ele>58</ele></trkpt><trkpt lat="35.15935" lon="126.71505"><time>2026-06-28T06:27:50.000Z</time><ele>59</ele></trkpt><trkpt lat="35.159313" lon="126.715329"><time>2026-06-28T06:27:51.000Z</time><ele>59</ele></trkpt><trkpt lat="35.159271" lon="126.715603"><time>2026-06-28T06:27:52.000Z</time><ele>59</ele></trkpt><trkpt lat="35.159231" lon="126.715872"><time>2026-06-28T06:27:53.000Z</time><ele>59</ele></trkpt><trkpt lat="35.159196" lon="126.716141"><time>2026-06-28T06:27:54.000Z</time><ele>59</ele></trkpt><trkpt lat="35.159161" lon="126.71641"><time>2026-06-28T06:27:55.000Z</time><ele>59</ele></trkpt><trkpt lat="35.159125" lon="126.716683"><time>2026-06-28T06:27:56.000Z</time><ele>59</ele></trkpt><trkpt lat="35.159087" lon="126.716953"><time>2026-06-28T06:27:57.000Z</time><ele>59</ele></trkpt><trkpt lat="35.159051" lon="126.717225"><time>2026-06-28T06:27:58.000Z</time><ele>58</ele></trkpt><trkpt lat="35.159012" lon="126.717492"><time>2026-06-28T06:27:59.000Z</time><ele>58</ele></trkpt><trkpt lat="35.158967" lon="126.717761"><time>2026-06-28T06:28:00.000Z</time><ele>57</ele></trkpt><trkpt lat="35.158916" lon="126.718026"><time>2026-06-28T06:28:01.000Z</time><ele>57</ele></trkpt><trkpt lat="35.158856" lon="126.718292"><time>2026-06-28T06:28:02.000Z</time><ele>56</ele></trkpt><trkpt lat="35.158792" lon="126.718552"><time>2026-06-28T06:28:03.000Z</time><ele>56</ele></trkpt><trkpt lat="35.158719" lon="126.718803"><time>2026-06-28T06:28:04.000Z</time><ele>55</ele></trkpt><trkpt lat="35.158637" lon="126.719052"><time>2026-06-28T06:28:05.000Z</time><ele>55</ele></trkpt><trkpt lat="35.158548" lon="126.719296"><time>2026-06-28T06:28:06.000Z</time><ele>55</ele></trkpt><trkpt lat="35.158449" lon="126.719533"><time>2026-06-28T06:28:07.000Z</time><ele>54</ele></trkpt><trkpt lat="35.158342" lon="126.719759"><time>2026-06-28T06:28:08.000Z</time><ele>54</ele></trkpt><trkpt lat="35.158226" lon="126.719984"><time>2026-06-28T06:28:09.000Z</time><ele>54</ele></trkpt><trkpt lat="35.158103" lon="126.720204"><time>2026-06-28T06:28:10.000Z</time><ele>53</ele></trkpt><trkpt lat="35.157974" lon="126.72042"><time>2026-06-28T06:28:11.000Z</time><ele>53</ele></trkpt><trkpt lat="35.15784" lon="126.720638"><time>2026-06-28T06:28:12.000Z</time><ele>53</ele></trkpt><trkpt lat="35.157704" lon="126.720854"><time>2026-06-28T06:28:13.000Z</time><ele>53</ele></trkpt><trkpt lat="35.157564" lon="126.721063"><time>2026-06-28T06:28:14.000Z</time><ele>52</ele></trkpt><trkpt lat="35.157419" lon="126.721272"><time>2026-06-28T06:28:15.000Z</time><ele>52</ele></trkpt><trkpt lat="35.157269" lon="126.721481"><time>2026-06-28T06:28:16.000Z</time><ele>52</ele></trkpt><trkpt lat="35.15712" lon="126.721689"><time>2026-06-28T06:28:17.000Z</time><ele>52</ele></trkpt><trkpt lat="35.156974" lon="126.7219"><time>2026-06-28T06:28:18.000Z</time><ele>52</ele></trkpt><trkpt lat="35.156831" lon="126.722114"><time>2026-06-28T06:28:19.000Z</time><ele>52</ele></trkpt><trkpt lat="35.156689" lon="126.722331"><time>2026-06-28T06:28:20.000Z</time><ele>52</ele></trkpt><trkpt lat="35.15655" lon="126.722552"><time>2026-06-28T06:28:21.000Z</time><ele>52</ele></trkpt><trkpt lat="35.156415" lon="126.72278"><time>2026-06-28T06:28:22.000Z</time><ele>52</ele></trkpt><trkpt lat="35.156287" lon="126.723015"><time>2026-06-28T06:28:23.000Z</time><ele>52</ele></trkpt><trkpt lat="35.156172" lon="126.723256"><time>2026-06-28T06:28:24.000Z</time><ele>51</ele></trkpt><trkpt lat="35.156069" lon="126.723505"><time>2026-06-28T06:28:25.000Z</time><ele>52</ele></trkpt><trkpt lat="35.15597" lon="126.72376"><time>2026-06-28T06:28:26.000Z</time><ele>52</ele></trkpt><trkpt lat="35.155873" lon="126.724019"><time>2026-06-28T06:28:27.000Z</time><ele>52</ele></trkpt><trkpt lat="35.155782" lon="126.724283"><time>2026-06-28T06:28:28.000Z</time><ele>51</ele></trkpt><trkpt lat="35.155709" lon="126.724554"><time>2026-06-28T06:28:29.000Z</time><ele>50</ele></trkpt><trkpt lat="35.15564" lon="126.724822"><time>2026-06-28T06:28:30.000Z</time><ele>49</ele></trkpt><trkpt lat="35.155577" lon="126.725078"><time>2026-06-28T06:28:31.000Z</time><ele>49</ele></trkpt><trkpt lat="35.155522" lon="126.725337"><time>2026-06-28T06:28:32.000Z</time><ele>48</ele></trkpt><trkpt lat="35.155474" lon="126.725592"><time>2026-06-28T06:28:33.000Z</time><ele>48</ele></trkpt><trkpt lat="35.155421" lon="126.725841"><time>2026-06-28T06:28:34.000Z</time><ele>48</ele></trkpt><trkpt lat="35.155372" lon="126.726091"><time>2026-06-28T06:28:35.000Z</time><ele>48</ele></trkpt><trkpt lat="35.155327" lon="126.726328"><time>2026-06-28T06:28:36.000Z</time><ele>48</ele></trkpt><trkpt lat="35.155283" lon="126.726563"><time>2026-06-28T06:28:37.000Z</time><ele>47</ele></trkpt><trkpt lat="35.155238" lon="126.726796"><time>2026-06-28T06:28:38.000Z</time><ele>47</ele></trkpt><trkpt lat="35.155197" lon="126.727024"><time>2026-06-28T06:28:39.000Z</time><ele>47</ele></trkpt><trkpt lat="35.155152" lon="126.727258"><time>2026-06-28T06:28:40.000Z</time><ele>47</ele></trkpt><trkpt lat="35.155104" lon="126.727486"><time>2026-06-28T06:28:41.000Z</time><ele>47</ele></trkpt><trkpt lat="35.155054" lon="126.727715"><time>2026-06-28T06:28:42.000Z</time><ele>47</ele></trkpt><trkpt lat="35.155005" lon="126.727943"><time>2026-06-28T06:28:43.000Z</time><ele>48</ele></trkpt><trkpt lat="35.154955" lon="126.728172"><time>2026-06-28T06:28:44.000Z</time><ele>48</ele></trkpt><trkpt lat="35.154906" lon="126.728397"><time>2026-06-28T06:28:45.000Z</time><ele>49</ele></trkpt><trkpt lat="35.154856" lon="126.728628"><time>2026-06-28T06:28:46.000Z</time><ele>49</ele></trkpt><trkpt lat="35.154808" lon="126.728859"><time>2026-06-28T06:28:47.000Z</time><ele>50</ele></trkpt><trkpt lat="35.154761" lon="126.729092"><time>2026-06-28T06:28:48.000Z</time><ele>51</ele></trkpt><trkpt lat="35.154713" lon="126.729324"><time>2026-06-28T06:28:49.000Z</time><ele>51</ele></trkpt><trkpt lat="35.154664" lon="126.729555"><time>2026-06-28T06:28:50.000Z</time><ele>52</ele></trkpt><trkpt lat="35.154611" lon="126.729786"><time>2026-06-28T06:28:51.000Z</time><ele>52</ele></trkpt><trkpt lat="35.154558" lon="126.73002"><time>2026-06-28T06:28:52.000Z</time><ele>52</ele></trkpt><trkpt lat="35.154502" lon="126.730256"><time>2026-06-28T06:28:53.000Z</time><ele>52</ele></trkpt><trkpt lat="35.154447" lon="126.730491"><time>2026-06-28T06:28:54.000Z</time><ele>52</ele></trkpt><trkpt lat="35.154395" lon="126.730722"><time>2026-06-28T06:28:55.000Z</time><ele>52</ele></trkpt><trkpt lat="35.154346" lon="126.730954"><time>2026-06-28T06:28:56.000Z</time><ele>52</ele></trkpt><trkpt lat="35.154292" lon="126.731182"><time>2026-06-28T06:28:57.000Z</time><ele>53</ele></trkpt><trkpt lat="35.154241" lon="126.731414"><time>2026-06-28T06:28:58.000Z</time><ele>53</ele></trkpt><trkpt lat="35.154192" lon="126.731645"><time>2026-06-28T06:28:59.000Z</time><ele>53</ele></trkpt><trkpt lat="35.154144" lon="126.731873"><time>2026-06-28T06:29:00.000Z</time><ele>53</ele></trkpt><trkpt lat="35.154099" lon="126.732101"><time>2026-06-28T06:29:01.000Z</time><ele>53</ele></trkpt><trkpt lat="35.154049" lon="126.732329"><time>2026-06-28T06:29:02.000Z</time><ele>52</ele></trkpt><trkpt lat="35.153997" lon="126.732553"><time>2026-06-28T06:29:03.000Z</time><ele>52</ele></trkpt><trkpt lat="35.153948" lon="126.732776"><time>2026-06-28T06:29:04.000Z</time><ele>53</ele></trkpt><trkpt lat="35.153896" lon="126.733001"><time>2026-06-28T06:29:05.000Z</time><ele>53</ele></trkpt><trkpt lat="35.153845" lon="126.733228"><time>2026-06-28T06:29:06.000Z</time><ele>54</ele></trkpt><trkpt lat="35.153796" lon="126.733453"><time>2026-06-28T06:29:07.000Z</time><ele>54</ele></trkpt><trkpt lat="35.15375" lon="126.733681"><time>2026-06-28T06:29:08.000Z</time><ele>55</ele></trkpt><trkpt lat="35.153707" lon="126.733906"><time>2026-06-28T06:29:09.000Z</time><ele>56</ele></trkpt><trkpt lat="35.153671" lon="126.734134"><time>2026-06-28T06:29:10.000Z</time><ele>56</ele></trkpt><trkpt lat="35.15364" lon="126.734363"><time>2026-06-28T06:29:11.000Z</time><ele>57</ele></trkpt><trkpt lat="35.153617" lon="126.734593"><time>2026-06-28T06:29:12.000Z</time><ele>57</ele></trkpt><trkpt lat="35.153598" lon="126.734824"><time>2026-06-28T06:29:13.000Z</time><ele>57</ele></trkpt><trkpt lat="35.153594" lon="126.735055"><time>2026-06-28T06:29:14.000Z</time><ele>58</ele></trkpt><trkpt lat="35.153591" lon="126.735284"><time>2026-06-28T06:29:15.000Z</time><ele>58</ele></trkpt><trkpt lat="35.153599" lon="126.735516"><time>2026-06-28T06:29:16.000Z</time><ele>59</ele></trkpt><trkpt lat="35.153611" lon="126.735739"><time>2026-06-28T06:29:17.000Z</time><ele>59</ele></trkpt><trkpt lat="35.153634" lon="126.735961"><time>2026-06-28T06:29:18.000Z</time><ele>59</ele></trkpt><trkpt lat="35.153661" lon="126.736181"><time>2026-06-28T06:29:19.000Z</time><ele>59</ele></trkpt><trkpt lat="35.1537" lon="126.736397"><time>2026-06-28T06:29:20.000Z</time><ele>59</ele></trkpt><trkpt lat="35.153749" lon="126.736611"><time>2026-06-28T06:29:21.000Z</time><ele>59</ele></trkpt><trkpt lat="35.153801" lon="126.736825"><time>2026-06-28T06:29:22.000Z</time><ele>59</ele></trkpt><trkpt lat="35.153858" lon="126.73704"><time>2026-06-28T06:29:23.000Z</time><ele>59</ele></trkpt><trkpt lat="35.153917" lon="126.737259"><time>2026-06-28T06:29:24.000Z</time><ele>59</ele></trkpt><trkpt lat="35.153987" lon="126.737475"><time>2026-06-28T06:29:25.000Z</time><ele>59</ele></trkpt><trkpt lat="35.154067" lon="126.737694"><time>2026-06-28T06:29:26.000Z</time><ele>60</ele></trkpt><trkpt lat="35.154151" lon="126.737917"><time>2026-06-28T06:29:27.000Z</time><ele>59</ele></trkpt><trkpt lat="35.154239" lon="126.738141"><time>2026-06-28T06:29:28.000Z</time><ele>59</ele></trkpt><trkpt lat="35.154325" lon="126.738376"><time>2026-06-28T06:29:29.000Z</time><ele>59</ele></trkpt><trkpt lat="35.15441" lon="126.738611"><time>2026-06-28T06:29:30.000Z</time><ele>59</ele></trkpt><trkpt lat="35.154489" lon="126.738851"><time>2026-06-28T06:29:31.000Z</time><ele>59</ele></trkpt><trkpt lat="35.15456" lon="126.739094"><time>2026-06-28T06:29:32.000Z</time><ele>59</ele></trkpt><trkpt lat="35.154618" lon="126.739343"><time>2026-06-28T06:29:33.000Z</time><ele>59</ele></trkpt><trkpt lat="35.154661" lon="126.7396"><time>2026-06-28T06:29:34.000Z</time><ele>59</ele></trkpt><trkpt lat="35.154692" lon="126.739859"><time>2026-06-28T06:29:35.000Z</time><ele>58</ele></trkpt><trkpt lat="35.154709" lon="126.740121"><time>2026-06-28T06:29:36.000Z</time><ele>58</ele></trkpt><trkpt lat="35.154716" lon="126.740391"><time>2026-06-28T06:29:37.000Z</time><ele>58</ele></trkpt><trkpt lat="35.154706" lon="126.740658"><time>2026-06-28T06:29:38.000Z</time><ele>57</ele></trkpt><trkpt lat="35.154676" lon="126.740929"><time>2026-06-28T06:29:39.000Z</time><ele>57</ele></trkpt><trkpt lat="35.154643" lon="126.741194"><time>2026-06-28T06:29:40.000Z</time><ele>57</ele></trkpt><trkpt lat="35.154599" lon="126.741458"><time>2026-06-28T06:29:41.000Z</time><ele>56</ele></trkpt><trkpt lat="35.154543" lon="126.741716"><time>2026-06-28T06:29:42.000Z</time><ele>56</ele></trkpt><trkpt lat="35.154469" lon="126.741974"><time>2026-06-28T06:29:43.000Z</time><ele>56</ele></trkpt><trkpt lat="35.154387" lon="126.742224"><time>2026-06-28T06:29:44.000Z</time><ele>56</ele></trkpt><trkpt lat="35.154288" lon="126.742471"><time>2026-06-28T06:29:45.000Z</time><ele>56</ele></trkpt><trkpt lat="35.154182" lon="126.742706"><time>2026-06-28T06:29:46.000Z</time><ele>56</ele></trkpt><trkpt lat="35.154071" lon="126.742938"><time>2026-06-28T06:29:47.000Z</time><ele>55</ele></trkpt><trkpt lat="35.153952" lon="126.743164"><time>2026-06-28T06:29:48.000Z</time><ele>55</ele></trkpt><trkpt lat="35.153822" lon="126.74338"><time>2026-06-28T06:29:49.000Z</time><ele>55</ele></trkpt><trkpt lat="35.153688" lon="126.743601"><time>2026-06-28T06:29:50.000Z</time><ele>55</ele></trkpt><trkpt lat="35.153547" lon="126.743822"><time>2026-06-28T06:29:51.000Z</time><ele>54</ele></trkpt><trkpt lat="35.153407" lon="126.744046"><time>2026-06-28T06:29:52.000Z</time><ele>55</ele></trkpt><trkpt lat="35.153268" lon="126.744271"><time>2026-06-28T06:29:53.000Z</time><ele>54</ele></trkpt><trkpt lat="35.153127" lon="126.7445"><time>2026-06-28T06:29:54.000Z</time><ele>54</ele></trkpt><trkpt lat="35.152991" lon="126.744731"><time>2026-06-28T06:29:55.000Z</time><ele>54</ele></trkpt><trkpt lat="35.152865" lon="126.744972"><time>2026-06-28T06:29:56.000Z</time><ele>54</ele></trkpt><trkpt lat="35.15275" lon="126.745224"><time>2026-06-28T06:29:57.000Z</time><ele>54</ele></trkpt><trkpt lat="35.152642" lon="126.745478"><time>2026-06-28T06:29:58.000Z</time><ele>54</ele></trkpt><trkpt lat="35.152546" lon="126.745735"><time>2026-06-28T06:29:59.000Z</time><ele>54</ele></trkpt><trkpt lat="35.152459" lon="126.745995"><time>2026-06-28T06:30:00.000Z</time><ele>53</ele></trkpt><trkpt lat="35.152382" lon="126.746257"><time>2026-06-28T06:30:01.000Z</time><ele>53</ele></trkpt><trkpt lat="35.152312" lon="126.746527"><time>2026-06-28T06:30:02.000Z</time><ele>53</ele></trkpt><trkpt lat="35.152247" lon="126.746798"><time>2026-06-28T06:30:03.000Z</time><ele>53</ele></trkpt><trkpt lat="35.152193" lon="126.747066"><time>2026-06-28T06:30:04.000Z</time><ele>53</ele></trkpt><trkpt lat="35.15215" lon="126.747332"><time>2026-06-28T06:30:05.000Z</time><ele>53</ele></trkpt><trkpt lat="35.152109" lon="126.747603"><time>2026-06-28T06:30:06.000Z</time><ele>53</ele></trkpt><trkpt lat="35.152068" lon="126.747876"><time>2026-06-28T06:30:07.000Z</time><ele>52</ele></trkpt><trkpt lat="35.152031" lon="126.748147"><time>2026-06-28T06:30:08.000Z</time><ele>52</ele></trkpt><trkpt lat="35.151996" lon="126.748416"><time>2026-06-28T06:30:09.000Z</time><ele>52</ele></trkpt><trkpt lat="35.151963" lon="126.748684"><time>2026-06-28T06:30:10.000Z</time><ele>52</ele></trkpt><trkpt lat="35.151929" lon="126.748955"><time>2026-06-28T06:30:11.000Z</time><ele>51</ele></trkpt><trkpt lat="35.151881" lon="126.74922"><time>2026-06-28T06:30:12.000Z</time><ele>50</ele></trkpt><trkpt lat="35.151836" lon="126.74949"><time>2026-06-28T06:30:13.000Z</time><ele>49</ele></trkpt><trkpt lat="35.151796" lon="126.749763"><time>2026-06-28T06:30:14.000Z</time><ele>49</ele></trkpt><trkpt lat="35.151758" lon="126.750038"><time>2026-06-28T06:30:15.000Z</time><ele>49</ele></trkpt><trkpt lat="35.151719" lon="126.750318"><time>2026-06-28T06:30:16.000Z</time><ele>49</ele></trkpt><trkpt lat="35.151678" lon="126.750595"><time>2026-06-28T06:30:17.000Z</time><ele>48</ele></trkpt><trkpt lat="35.151639" lon="126.750872"><time>2026-06-28T06:30:18.000Z</time><ele>48</ele></trkpt><trkpt lat="35.151608" lon="126.751152"><time>2026-06-28T06:30:19.000Z</time><ele>48</ele></trkpt><trkpt lat="35.151581" lon="126.751432"><time>2026-06-28T06:30:20.000Z</time><ele>49</ele></trkpt><trkpt lat="35.15155" lon="126.751709"><time>2026-06-28T06:30:21.000Z</time><ele>49</ele></trkpt><trkpt lat="35.151517" lon="126.751987"><time>2026-06-28T06:30:22.000Z</time><ele>50</ele></trkpt><trkpt lat="35.151484" lon="126.752264"><time>2026-06-28T06:30:23.000Z</time><ele>50</ele></trkpt><trkpt lat="35.151452" lon="126.752536"><time>2026-06-28T06:30:24.000Z</time><ele>50</ele></trkpt><trkpt lat="35.151423" lon="126.75281"><time>2026-06-28T06:30:25.000Z</time><ele>50</ele></trkpt><trkpt lat="35.151392" lon="126.753085"><time>2026-06-28T06:30:26.000Z</time><ele>50</ele></trkpt><trkpt lat="35.151357" lon="126.753352"><time>2026-06-28T06:30:27.000Z</time><ele>50</ele></trkpt><trkpt lat="35.151314" lon="126.753603"><time>2026-06-28T06:30:28.000Z</time><ele>50</ele></trkpt><trkpt lat="35.151279" lon="126.753843"><time>2026-06-28T06:30:29.000Z</time><ele>50</ele></trkpt><trkpt lat="35.151257" lon="126.754073"><time>2026-06-28T06:30:30.000Z</time><ele>50</ele></trkpt><trkpt lat="35.151242" lon="126.754294"><time>2026-06-28T06:30:31.000Z</time><ele>50</ele></trkpt><trkpt lat="35.151227" lon="126.754516"><time>2026-06-28T06:30:32.000Z</time><ele>50</ele></trkpt><trkpt lat="35.151207" lon="126.754741"><time>2026-06-28T06:30:33.000Z</time><ele>50</ele></trkpt><trkpt lat="35.151191" lon="126.754973"><time>2026-06-28T06:30:34.000Z</time><ele>50</ele></trkpt><trkpt lat="35.151178" lon="126.755215"><time>2026-06-28T06:30:35.000Z</time><ele>50</ele></trkpt><trkpt lat="35.151164" lon="126.755459"><time>2026-06-28T06:30:36.000Z</time><ele>50</ele></trkpt><trkpt lat="35.15115" lon="126.755708"><time>2026-06-28T06:30:37.000Z</time><ele>50</ele></trkpt><trkpt lat="35.151142" lon="126.755965"><time>2026-06-28T06:30:38.000Z</time><ele>50</ele></trkpt><trkpt lat="35.151137" lon="126.756222"><time>2026-06-28T06:30:39.000Z</time><ele>51</ele></trkpt><trkpt lat="35.151136" lon="126.756483"><time>2026-06-28T06:30:40.000Z</time><ele>51</ele></trkpt><trkpt lat="35.151135" lon="126.756749"><time>2026-06-28T06:30:41.000Z</time><ele>50</ele></trkpt><trkpt lat="35.151132" lon="126.757013"><time>2026-06-28T06:30:42.000Z</time><ele>50</ele></trkpt><trkpt lat="35.151128" lon="126.757281"><time>2026-06-28T06:30:43.000Z</time><ele>50</ele></trkpt><trkpt lat="35.151126" lon="126.757546"><time>2026-06-28T06:30:44.000Z</time><ele>51</ele></trkpt><trkpt lat="35.151124" lon="126.757808"><time>2026-06-28T06:30:45.000Z</time><ele>51</ele></trkpt><trkpt lat="35.151123" lon="126.758068"><time>2026-06-28T06:30:46.000Z</time><ele>51</ele></trkpt><trkpt lat="35.151124" lon="126.758326"><time>2026-06-28T06:30:47.000Z</time><ele>50</ele></trkpt><trkpt lat="35.151121" lon="126.758578"><time>2026-06-28T06:30:48.000Z</time><ele>50</ele></trkpt><trkpt lat="35.151117" lon="126.75883"><time>2026-06-28T06:30:49.000Z</time><ele>50</ele></trkpt><trkpt lat="35.151112" lon="126.759083"><time>2026-06-28T06:30:50.000Z</time><ele>50</ele></trkpt><trkpt lat="35.151107" lon="126.759339"><time>2026-06-28T06:30:51.000Z</time><ele>50</ele></trkpt><trkpt lat="35.151098" lon="126.759594"><time>2026-06-28T06:30:52.000Z</time><ele>50</ele></trkpt><trkpt lat="35.151082" lon="126.759844"><time>2026-06-28T06:30:53.000Z</time><ele>50</ele></trkpt><trkpt lat="35.151053" lon="126.760092"><time>2026-06-28T06:30:54.000Z</time><ele>50</ele></trkpt><trkpt lat="35.151011" lon="126.760337"><time>2026-06-28T06:30:55.000Z</time><ele>50</ele></trkpt><trkpt lat="35.150961" lon="126.760582"><time>2026-06-28T06:30:56.000Z</time><ele>50</ele></trkpt><trkpt lat="35.150904" lon="126.760823"><time>2026-06-28T06:30:57.000Z</time><ele>50</ele></trkpt><trkpt lat="35.150833" lon="126.76106"><time>2026-06-28T06:30:58.000Z</time><ele>50</ele></trkpt><trkpt lat="35.150756" lon="126.761296"><time>2026-06-28T06:30:59.000Z</time><ele>49</ele></trkpt><trkpt lat="35.15067" lon="126.761526"><time>2026-06-28T06:31:00.000Z</time><ele>49</ele></trkpt><trkpt lat="35.150578" lon="126.761759"><time>2026-06-28T06:31:01.000Z</time><ele>49</ele></trkpt><trkpt lat="35.150479" lon="126.761987"><time>2026-06-28T06:31:02.000Z</time><ele>49</ele></trkpt><trkpt lat="35.150372" lon="126.762201"><time>2026-06-28T06:31:03.000Z</time><ele>49</ele></trkpt><trkpt lat="35.150256" lon="126.762405"><time>2026-06-28T06:31:04.000Z</time><ele>50</ele></trkpt><trkpt lat="35.150143" lon="126.762602"><time>2026-06-28T06:31:05.000Z</time><ele>50</ele></trkpt><trkpt lat="35.150037" lon="126.762804"><time>2026-06-28T06:31:06.000Z</time><ele>51</ele></trkpt><trkpt lat="35.149931" lon="126.763009"><time>2026-06-28T06:31:07.000Z</time><ele>51</ele></trkpt><trkpt lat="35.149806" lon="126.763212"><time>2026-06-28T06:31:08.000Z</time><ele>52</ele></trkpt><trkpt lat="35.149687" lon="126.763413"><time>2026-06-28T06:31:09.000Z</time><ele>52</ele></trkpt><trkpt lat="35.149577" lon="126.7636"><time>2026-06-28T06:31:10.000Z</time><ele>52</ele></trkpt><trkpt lat="35.149471" lon="126.76378"><time>2026-06-28T06:31:11.000Z</time><ele>52</ele></trkpt><trkpt lat="35.149379" lon="126.763972"><time>2026-06-28T06:31:12.000Z</time><ele>51</ele></trkpt><trkpt lat="35.149291" lon="126.764166"><time>2026-06-28T06:31:13.000Z</time><ele>51</ele></trkpt><trkpt lat="35.149083" lon="126.765405"><time>2026-06-28T06:31:19.000Z</time><ele>50</ele></trkpt><trkpt lat="35.149083" lon="126.765591"><time>2026-06-28T06:31:20.000Z</time><ele>50</ele></trkpt><trkpt lat="35.149089" lon="126.76577"><time>2026-06-28T06:31:21.000Z</time><ele>49</ele></trkpt><trkpt lat="35.149102" lon="126.765946"><time>2026-06-28T06:31:22.000Z</time><ele>50</ele></trkpt><trkpt lat="35.14912" lon="126.766113"><time>2026-06-28T06:31:23.000Z</time><ele>50</ele></trkpt><trkpt lat="35.149135" lon="126.766274"><time>2026-06-28T06:31:24.000Z</time><ele>50</ele></trkpt><trkpt lat="35.149148" lon="126.766431"><time>2026-06-28T06:31:25.000Z</time><ele>50</ele></trkpt><trkpt lat="35.149159" lon="126.766573"><time>2026-06-28T06:31:26.000Z</time><ele>50</ele></trkpt><trkpt lat="35.149169" lon="126.766697"><time>2026-06-28T06:31:27.000Z</time><ele>50</ele></trkpt><trkpt lat="35.149176" lon="126.766797"><time>2026-06-28T06:31:28.000Z</time><ele>50</ele></trkpt><trkpt lat="35.149183" lon="126.766865"><time>2026-06-28T06:31:29.000Z</time><ele>50</ele></trkpt><trkpt lat="35.149183" lon="126.766922"><time>2026-06-28T06:31:30.000Z</time><ele>50</ele></trkpt><trkpt lat="35.149191" lon="126.767017"><time>2026-06-28T06:31:32.000Z</time><ele>49</ele></trkpt><trkpt lat="35.149187" lon="126.767112"><time>2026-06-28T06:31:34.000Z</time><ele>49</ele></trkpt><trkpt lat="35.149189" lon="126.767178"><time>2026-06-28T06:31:35.000Z</time><ele>49</ele></trkpt><trkpt lat="35.149196" lon="126.767259"><time>2026-06-28T06:31:36.000Z</time><ele>49</ele></trkpt><trkpt lat="35.149197" lon="126.767338"><time>2026-06-28T06:31:37.000Z</time><ele>49</ele></trkpt><trkpt lat="35.1492" lon="126.767409"><time>2026-06-28T06:31:38.000Z</time><ele>49</ele></trkpt><trkpt lat="35.149204" lon="126.767479"><time>2026-06-28T06:31:39.000Z</time><ele>49</ele></trkpt><trkpt lat="35.149209" lon="126.767563"><time>2026-06-28T06:31:41.000Z</time><ele>49</ele></trkpt><trkpt lat="35.149218" lon="126.767634"><time>2026-06-28T06:31:43.000Z</time><ele>49</ele></trkpt><trkpt lat="35.14923" lon="126.767741"><time>2026-06-28T06:31:45.000Z</time><ele>49</ele></trkpt><trkpt lat="35.149242" lon="126.767808"><time>2026-06-28T06:31:46.000Z</time><ele>49</ele></trkpt><trkpt lat="35.149256" lon="126.767882"><time>2026-06-28T06:31:47.000Z</time><ele>49</ele></trkpt><trkpt lat="35.149264" lon="126.767957"><time>2026-06-28T06:31:48.000Z</time><ele>49</ele></trkpt><trkpt lat="35.149279" lon="126.768037"><time>2026-06-28T06:31:49.000Z</time><ele>49</ele></trkpt><trkpt lat="35.149286" lon="126.768125"><time>2026-06-28T06:31:50.000Z</time><ele>50</ele></trkpt><trkpt lat="35.149301" lon="126.768224"><time>2026-06-28T06:31:51.000Z</time><ele>50</ele></trkpt><trkpt lat="35.149323" lon="126.768341"><time>2026-06-28T06:31:52.000Z</time><ele>50</ele></trkpt><trkpt lat="35.149344" lon="126.768467"><time>2026-06-28T06:31:53.000Z</time><ele>50</ele></trkpt><trkpt lat="35.149359" lon="126.768588"><time>2026-06-28T06:31:54.000Z</time><ele>50</ele></trkpt><trkpt lat="35.149378" lon="126.768702"><time>2026-06-28T06:31:55.000Z</time><ele>50</ele></trkpt><trkpt lat="35.149396" lon="126.768823"><time>2026-06-28T06:31:56.000Z</time><ele>50</ele></trkpt><trkpt lat="35.14942" lon="126.768952"><time>2026-06-28T06:31:57.000Z</time><ele>50</ele></trkpt><trkpt lat="35.149448" lon="126.769088"><time>2026-06-28T06:31:58.000Z</time><ele>50</ele></trkpt><trkpt lat="35.149478" lon="126.769223"><time>2026-06-28T06:31:59.000Z</time><ele>50</ele></trkpt><trkpt lat="35.149509" lon="126.769361"><time>2026-06-28T06:32:00.000Z</time><ele>50</ele></trkpt><trkpt lat="35.149544" lon="126.769501"><time>2026-06-28T06:32:01.000Z</time><ele>51</ele></trkpt><trkpt lat="35.149576" lon="126.769644"><time>2026-06-28T06:32:02.000Z</time><ele>50</ele></trkpt><trkpt lat="35.149614" lon="126.76979"><time>2026-06-28T06:32:03.000Z</time><ele>50</ele></trkpt><trkpt lat="35.149658" lon="126.769936"><time>2026-06-28T06:32:04.000Z</time><ele>50</ele></trkpt><trkpt lat="35.149706" lon="126.770082"><time>2026-06-28T06:32:05.000Z</time><ele>50</ele></trkpt><trkpt lat="35.149761" lon="126.770229"><time>2026-06-28T06:32:06.000Z</time><ele>50</ele></trkpt><trkpt lat="35.149812" lon="126.770378"><time>2026-06-28T06:32:07.000Z</time><ele>50</ele></trkpt><trkpt lat="35.149866" lon="126.770534"><time>2026-06-28T06:32:08.000Z</time><ele>50</ele></trkpt><trkpt lat="35.149916" lon="126.770691"><time>2026-06-28T06:32:09.000Z</time><ele>50</ele></trkpt><trkpt lat="35.149967" lon="126.770851"><time>2026-06-28T06:32:10.000Z</time><ele>49</ele></trkpt><trkpt lat="35.15002" lon="126.771001"><time>2026-06-28T06:32:11.000Z</time><ele>49</ele></trkpt><trkpt lat="35.150074" lon="126.771157"><time>2026-06-28T06:32:12.000Z</time><ele>49</ele></trkpt><trkpt lat="35.150126" lon="126.771311"><time>2026-06-28T06:32:13.000Z</time><ele>49</ele></trkpt><trkpt lat="35.150181" lon="126.771463"><time>2026-06-28T06:32:14.000Z</time><ele>49</ele></trkpt><trkpt lat="35.150229" lon="126.771609"><time>2026-06-28T06:32:15.000Z</time><ele>49</ele></trkpt><trkpt lat="35.150279" lon="126.771751"><time>2026-06-28T06:32:16.000Z</time><ele>49</ele></trkpt><trkpt lat="35.150322" lon="126.771891"><time>2026-06-28T06:32:17.000Z</time><ele>49</ele></trkpt><trkpt lat="35.150363" lon="126.772025"><time>2026-06-28T06:32:18.000Z</time><ele>49</ele></trkpt><trkpt lat="35.150402" lon="126.772148"><time>2026-06-28T06:32:19.000Z</time><ele>49</ele></trkpt><trkpt lat="35.150445" lon="126.772266"><time>2026-06-28T06:32:20.000Z</time><ele>49</ele></trkpt><trkpt lat="35.150493" lon="126.772388"><time>2026-06-28T06:32:21.000Z</time><ele>49</ele></trkpt><trkpt lat="35.150538" lon="126.772512"><time>2026-06-28T06:32:22.000Z</time><ele>49</ele></trkpt><trkpt lat="35.150583" lon="126.772635"><time>2026-06-28T06:32:23.000Z</time><ele>49</ele></trkpt><trkpt lat="35.150627" lon="126.772764"><time>2026-06-28T06:32:24.000Z</time><ele>49</ele></trkpt><trkpt lat="35.150673" lon="126.772902"><time>2026-06-28T06:32:25.000Z</time><ele>49</ele></trkpt><trkpt lat="35.150718" lon="126.77304"><time>2026-06-28T06:32:26.000Z</time><ele>49</ele></trkpt><trkpt lat="35.150762" lon="126.773181"><time>2026-06-28T06:32:27.000Z</time><ele>49</ele></trkpt><trkpt lat="35.150811" lon="126.773324"><time>2026-06-28T06:32:28.000Z</time><ele>49</ele></trkpt><trkpt lat="35.150863" lon="126.773474"><time>2026-06-28T06:32:29.000Z</time><ele>49</ele></trkpt><trkpt lat="35.150916" lon="126.773625"><time>2026-06-28T06:32:30.000Z</time><ele>49</ele></trkpt><trkpt lat="35.150968" lon="126.773779"><time>2026-06-28T06:32:31.000Z</time><ele>48</ele></trkpt><trkpt lat="35.151027" lon="126.773935"><time>2026-06-28T06:32:32.000Z</time><ele>49</ele></trkpt><trkpt lat="35.151079" lon="126.774089"><time>2026-06-28T06:32:33.000Z</time><ele>49</ele></trkpt><trkpt lat="35.151125" lon="126.774244"><time>2026-06-28T06:32:34.000Z</time><ele>49</ele></trkpt><trkpt lat="35.151171" lon="126.774405"><time>2026-06-28T06:32:35.000Z</time><ele>48</ele></trkpt><trkpt lat="35.15122" lon="126.774578"><time>2026-06-28T06:32:36.000Z</time><ele>48</ele></trkpt><trkpt lat="35.15127" lon="126.774759"><time>2026-06-28T06:32:37.000Z</time><ele>48</ele></trkpt><trkpt lat="35.151323" lon="126.774945"><time>2026-06-28T06:32:38.000Z</time><ele>48</ele></trkpt><trkpt lat="35.151373" lon="126.775138"><time>2026-06-28T06:32:39.000Z</time><ele>48</ele></trkpt><trkpt lat="35.151417" lon="126.775332"><time>2026-06-28T06:32:40.000Z</time><ele>48</ele></trkpt><trkpt lat="35.151457" lon="126.775527"><time>2026-06-28T06:32:41.000Z</time><ele>48</ele></trkpt><trkpt lat="35.151491" lon="126.775729"><time>2026-06-28T06:32:42.000Z</time><ele>48</ele></trkpt><trkpt lat="35.151515" lon="126.775931"><time>2026-06-28T06:32:43.000Z</time><ele>48</ele></trkpt><trkpt lat="35.151541" lon="126.776133"><time>2026-06-28T06:32:44.000Z</time><ele>48</ele></trkpt><trkpt lat="35.151567" lon="126.776333"><time>2026-06-28T06:32:45.000Z</time><ele>48</ele></trkpt><trkpt lat="35.151583" lon="126.776501"><time>2026-06-28T06:32:46.000Z</time><ele>48</ele></trkpt><trkpt lat="35.151586" lon="126.77664"><time>2026-06-28T06:32:47.000Z</time><ele>48</ele></trkpt><trkpt lat="35.151595" lon="126.776785"><time>2026-06-28T06:32:48.000Z</time><ele>47</ele></trkpt><trkpt lat="35.151611" lon="126.776939"><time>2026-06-28T06:32:49.000Z</time><ele>47</ele></trkpt><trkpt lat="35.151632" lon="126.777098"><time>2026-06-28T06:32:50.000Z</time><ele>47</ele></trkpt><trkpt lat="35.151648" lon="126.777252"><time>2026-06-28T06:32:51.000Z</time><ele>47</ele></trkpt><trkpt lat="35.15166" lon="126.777389"><time>2026-06-28T06:32:52.000Z</time><ele>47</ele></trkpt><trkpt lat="35.15167" lon="126.777496"><time>2026-06-28T06:32:53.000Z</time><ele>47</ele></trkpt><trkpt lat="35.151687" lon="126.777587"><time>2026-06-28T06:32:54.000Z</time><ele>47</ele></trkpt><trkpt lat="35.15171" lon="126.777669"><time>2026-06-28T06:32:55.000Z</time><ele>47</ele></trkpt><trkpt lat="35.151721" lon="126.777754"><time>2026-06-28T06:32:56.000Z</time><ele>47</ele></trkpt><trkpt lat="35.151733" lon="126.77785"><time>2026-06-28T06:32:57.000Z</time><ele>47</ele></trkpt><trkpt lat="35.151738" lon="126.777956"><time>2026-06-28T06:32:58.000Z</time><ele>47</ele></trkpt><trkpt lat="35.151749" lon="126.778072"><time>2026-06-28T06:32:59.000Z</time><ele>47</ele></trkpt><trkpt lat="35.151763" lon="126.778195"><time>2026-06-28T06:33:00.000Z</time><ele>47</ele></trkpt><trkpt lat="35.151775" lon="126.778327"><time>2026-06-28T06:33:01.000Z</time><ele>46</ele></trkpt><trkpt lat="35.151788" lon="126.778455"><time>2026-06-28T06:33:02.000Z</time><ele>46</ele></trkpt><trkpt lat="35.151802" lon="126.778582"><time>2026-06-28T06:33:03.000Z</time><ele>46</ele></trkpt><trkpt lat="35.151816" lon="126.778706"><time>2026-06-28T06:33:04.000Z</time><ele>46</ele></trkpt><trkpt lat="35.151829" lon="126.778833"><time>2026-06-28T06:33:05.000Z</time><ele>46</ele></trkpt><trkpt lat="35.151841" lon="126.778961"><time>2026-06-28T06:33:06.000Z</time><ele>45</ele></trkpt><trkpt lat="35.151848" lon="126.779096"><time>2026-06-28T06:33:07.000Z</time><ele>45</ele></trkpt><trkpt lat="35.151856" lon="126.779232"><time>2026-06-28T06:33:08.000Z</time><ele>45</ele></trkpt><trkpt lat="35.151864" lon="126.779363"><time>2026-06-28T06:33:09.000Z</time><ele>45</ele></trkpt><trkpt lat="35.151875" lon="126.779487"><time>2026-06-28T06:33:10.000Z</time><ele>45</ele></trkpt><trkpt lat="35.151887" lon="126.779606"><time>2026-06-28T06:33:11.000Z</time><ele>45</ele></trkpt><trkpt lat="35.151898" lon="126.779709"><time>2026-06-28T06:33:12.000Z</time><ele>45</ele></trkpt><trkpt lat="35.151904" lon="126.77979"><time>2026-06-28T06:33:13.000Z</time><ele>45</ele></trkpt><trkpt lat="35.151912" lon="126.77985"><time>2026-06-28T06:33:14.000Z</time><ele>45</ele></trkpt><trkpt lat="35.151909" lon="126.779925"><time>2026-06-28T06:35:05.000Z</time><ele>45</ele></trkpt><trkpt lat="35.151916" lon="126.780033"><time>2026-06-28T06:35:07.000Z</time><ele>45</ele></trkpt><trkpt lat="35.151929" lon="126.7801"><time>2026-06-28T06:35:08.000Z</time><ele>45</ele></trkpt><trkpt lat="35.151938" lon="126.780184"><time>2026-06-28T06:35:09.000Z</time><ele>46</ele></trkpt><trkpt lat="35.151947" lon="126.780278"><time>2026-06-28T06:35:10.000Z</time><ele>46</ele></trkpt><trkpt lat="35.151955" lon="126.780381"><time>2026-06-28T06:35:11.000Z</time><ele>46</ele></trkpt><trkpt lat="35.151972" lon="126.780491"><time>2026-06-28T06:35:12.000Z</time><ele>46</ele></trkpt><trkpt lat="35.15199" lon="126.780617"><time>2026-06-28T06:35:13.000Z</time><ele>46</ele></trkpt><trkpt lat="35.15201" lon="126.780754"><time>2026-06-28T06:35:14.000Z</time><ele>46</ele></trkpt><trkpt lat="35.152027" lon="126.780904"><time>2026-06-28T06:35:15.000Z</time><ele>47</ele></trkpt><trkpt lat="35.152041" lon="126.781064"><time>2026-06-28T06:35:16.000Z</time><ele>46</ele></trkpt><trkpt lat="35.15205" lon="126.781225"><time>2026-06-28T06:35:17.000Z</time><ele>47</ele></trkpt><trkpt lat="35.152059" lon="126.78138"><time>2026-06-28T06:35:18.000Z</time><ele>47</ele></trkpt><trkpt lat="35.152063" lon="126.78153"><time>2026-06-28T06:35:19.000Z</time><ele>47</ele></trkpt><trkpt lat="35.152065" lon="126.781678"><time>2026-06-28T06:35:20.000Z</time><ele>47</ele></trkpt><trkpt lat="35.152063" lon="126.781828"><time>2026-06-28T06:35:21.000Z</time><ele>47</ele></trkpt><trkpt lat="35.152061" lon="126.781996"><time>2026-06-28T06:35:22.000Z</time><ele>47</ele></trkpt><trkpt lat="35.15206" lon="126.782178"><time>2026-06-28T06:35:23.000Z</time><ele>47</ele></trkpt><trkpt lat="35.152051" lon="126.782359"><time>2026-06-28T06:35:24.000Z</time><ele>46</ele></trkpt><trkpt lat="35.152036" lon="126.782545"><time>2026-06-28T06:35:25.000Z</time><ele>46</ele></trkpt><trkpt lat="35.152015" lon="126.782731"><time>2026-06-28T06:35:26.000Z</time><ele>46</ele></trkpt><trkpt lat="35.151986" lon="126.78292"><time>2026-06-28T06:35:27.000Z</time><ele>46</ele></trkpt><trkpt lat="35.15195" lon="126.783114"><time>2026-06-28T06:35:28.000Z</time><ele>46</ele></trkpt><trkpt lat="35.151911" lon="126.783313"><time>2026-06-28T06:35:29.000Z</time><ele>46</ele></trkpt><trkpt lat="35.15187" lon="126.783516"><time>2026-06-28T06:35:30.000Z</time><ele>46</ele></trkpt><trkpt lat="35.151823" lon="126.783715"><time>2026-06-28T06:35:31.000Z</time><ele>46</ele></trkpt><trkpt lat="35.151769" lon="126.783921"><time>2026-06-28T06:35:32.000Z</time><ele>45</ele></trkpt><trkpt lat="35.151709" lon="126.784123"><time>2026-06-28T06:35:33.000Z</time><ele>45</ele></trkpt><trkpt lat="35.151651" lon="126.784326"><time>2026-06-28T06:35:34.000Z</time><ele>45</ele></trkpt><trkpt lat="35.151586" lon="126.784529"><time>2026-06-28T06:35:35.000Z</time><ele>45</ele></trkpt><trkpt lat="35.151515" lon="126.784732"><time>2026-06-28T06:35:36.000Z</time><ele>44</ele></trkpt><trkpt lat="35.151442" lon="126.784933"><time>2026-06-28T06:35:37.000Z</time><ele>44</ele></trkpt><trkpt lat="35.151363" lon="126.785139"><time>2026-06-28T06:35:38.000Z</time><ele>44</ele></trkpt><trkpt lat="35.151289" lon="126.785345"><time>2026-06-28T06:35:39.000Z</time><ele>44</ele></trkpt><trkpt lat="35.151213" lon="126.785551"><time>2026-06-28T06:35:40.000Z</time><ele>44</ele></trkpt><trkpt lat="35.151138" lon="126.785754"><time>2026-06-28T06:35:41.000Z</time><ele>44</ele></trkpt><trkpt lat="35.151063" lon="126.785959"><time>2026-06-28T06:35:42.000Z</time><ele>44</ele></trkpt><trkpt lat="35.150989" lon="126.786166"><time>2026-06-28T06:35:43.000Z</time><ele>44</ele></trkpt><trkpt lat="35.150914" lon="126.786373"><time>2026-06-28T06:35:44.000Z</time><ele>43</ele></trkpt><trkpt lat="35.150835" lon="126.78658"><time>2026-06-28T06:35:45.000Z</time><ele>43</ele></trkpt><trkpt lat="35.150761" lon="126.78678"><time>2026-06-28T06:35:46.000Z</time><ele>44</ele></trkpt><trkpt lat="35.150684" lon="126.78698"><time>2026-06-28T06:35:47.000Z</time><ele>44</ele></trkpt><trkpt lat="35.150608" lon="126.787171"><time>2026-06-28T06:35:48.000Z</time><ele>44</ele></trkpt><trkpt lat="35.150535" lon="126.787352"><time>2026-06-28T06:35:49.000Z</time><ele>44</ele></trkpt><trkpt lat="35.150448" lon="126.787516"><time>2026-06-28T06:35:50.000Z</time><ele>45</ele></trkpt><trkpt lat="35.150335" lon="126.787665"><time>2026-06-28T06:35:51.000Z</time><ele>45</ele></trkpt><trkpt lat="35.150201" lon="126.787787"><time>2026-06-28T06:35:52.000Z</time><ele>46</ele></trkpt><trkpt lat="35.150052" lon="126.7879"><time>2026-06-28T06:35:53.000Z</time><ele>46</ele></trkpt><trkpt lat="35.149901" lon="126.788024"><time>2026-06-28T06:35:54.000Z</time><ele>45</ele></trkpt><trkpt lat="35.149757" lon="126.788148"><time>2026-06-28T06:35:55.000Z</time><ele>44</ele></trkpt><trkpt lat="35.149612" lon="126.788269"><time>2026-06-28T06:35:56.000Z</time><ele>44</ele></trkpt><trkpt lat="35.149465" lon="126.788386"><time>2026-06-28T06:35:57.000Z</time><ele>44</ele></trkpt><trkpt lat="35.149322" lon="126.788497"><time>2026-06-28T06:35:58.000Z</time><ele>44</ele></trkpt><trkpt lat="35.149172" lon="126.788597"><time>2026-06-28T06:35:59.000Z</time><ele>44</ele></trkpt><trkpt lat="35.149017" lon="126.788674"><time>2026-06-28T06:36:00.000Z</time><ele>44</ele></trkpt><trkpt lat="35.14886" lon="126.788741"><time>2026-06-28T06:36:01.000Z</time><ele>44</ele></trkpt><trkpt lat="35.148704" lon="126.788792"><time>2026-06-28T06:36:02.000Z</time><ele>44</ele></trkpt><trkpt lat="35.148555" lon="126.78884"><time>2026-06-28T06:36:03.000Z</time><ele>44</ele></trkpt><trkpt lat="35.148407" lon="126.788887"><time>2026-06-28T06:36:04.000Z</time><ele>44</ele></trkpt><trkpt lat="35.148264" lon="126.788929"><time>2026-06-28T06:36:05.000Z</time><ele>43</ele></trkpt><trkpt lat="35.148124" lon="126.788965"><time>2026-06-28T06:36:06.000Z</time><ele>43</ele></trkpt><trkpt lat="35.147986" lon="126.789"><time>2026-06-28T06:36:07.000Z</time><ele>42</ele></trkpt><trkpt lat="35.147849" lon="126.789038"><time>2026-06-28T06:36:08.000Z</time><ele>42</ele></trkpt><trkpt lat="35.147719" lon="126.789072"><time>2026-06-28T06:36:09.000Z</time><ele>42</ele></trkpt><trkpt lat="35.147592" lon="126.789105"><time>2026-06-28T06:36:10.000Z</time><ele>42</ele></trkpt><trkpt lat="35.14747" lon="126.789141"><time>2026-06-28T06:36:11.000Z</time><ele>42</ele></trkpt><trkpt lat="35.147347" lon="126.789177"><time>2026-06-28T06:36:12.000Z</time><ele>41</ele></trkpt><trkpt lat="35.147232" lon="126.789211"><time>2026-06-28T06:36:13.000Z</time><ele>42</ele></trkpt><trkpt lat="35.147119" lon="126.789243"><time>2026-06-28T06:36:14.000Z</time><ele>42</ele></trkpt><trkpt lat="35.147011" lon="126.78927"><time>2026-06-28T06:36:15.000Z</time><ele>42</ele></trkpt><trkpt lat="35.1469" lon="126.789301"><time>2026-06-28T06:36:16.000Z</time><ele>42</ele></trkpt><trkpt lat="35.146787" lon="126.789332"><time>2026-06-28T06:36:17.000Z</time><ele>42</ele></trkpt><trkpt lat="35.146674" lon="126.789368"><time>2026-06-28T06:36:18.000Z</time><ele>42</ele></trkpt><trkpt lat="35.146563" lon="126.789398"><time>2026-06-28T06:36:19.000Z</time><ele>42</ele></trkpt><trkpt lat="35.14645" lon="126.789429"><time>2026-06-28T06:36:20.000Z</time><ele>42</ele></trkpt><trkpt lat="35.146341" lon="126.789461"><time>2026-06-28T06:36:21.000Z</time><ele>41</ele></trkpt><trkpt lat="35.146233" lon="126.789496"><time>2026-06-28T06:36:22.000Z</time><ele>41</ele></trkpt><trkpt lat="35.146123" lon="126.789531"><time>2026-06-28T06:36:23.000Z</time><ele>41</ele></trkpt><trkpt lat="35.146015" lon="126.789567"><time>2026-06-28T06:36:24.000Z</time><ele>41</ele></trkpt><trkpt lat="35.14591" lon="126.789606"><time>2026-06-28T06:36:25.000Z</time><ele>41</ele></trkpt><trkpt lat="35.145804" lon="126.789648"><time>2026-06-28T06:36:26.000Z</time><ele>40</ele></trkpt><trkpt lat="35.145699" lon="126.789693"><time>2026-06-28T06:36:27.000Z</time><ele>40</ele></trkpt><trkpt lat="35.145597" lon="126.789747"><time>2026-06-28T06:36:28.000Z</time><ele>41</ele></trkpt><trkpt lat="35.145496" lon="126.789812"><time>2026-06-28T06:36:29.000Z</time><ele>41</ele></trkpt><trkpt lat="35.145397" lon="126.789885"><time>2026-06-28T06:36:30.000Z</time><ele>41</ele></trkpt><trkpt lat="35.145298" lon="126.789964"><time>2026-06-28T06:36:31.000Z</time><ele>41</ele></trkpt><trkpt lat="35.1452" lon="126.790049"><time>2026-06-28T06:36:32.000Z</time><ele>41</ele></trkpt><trkpt lat="35.1451" lon="126.790141"><time>2026-06-28T06:36:33.000Z</time><ele>41</ele></trkpt><trkpt lat="35.144995" lon="126.79024"><time>2026-06-28T06:36:34.000Z</time><ele>41</ele></trkpt><trkpt lat="35.144886" lon="126.790342"><time>2026-06-28T06:36:35.000Z</time><ele>41</ele></trkpt><trkpt lat="35.144776" lon="126.790451"><time>2026-06-28T06:36:36.000Z</time><ele>41</ele></trkpt><trkpt lat="35.144665" lon="126.790562"><time>2026-06-28T06:36:37.000Z</time><ele>42</ele></trkpt><trkpt lat="35.144543" lon="126.790679"><time>2026-06-28T06:36:38.000Z</time><ele>42</ele></trkpt><trkpt lat="35.144419" lon="126.790801"><time>2026-06-28T06:36:39.000Z</time><ele>43</ele></trkpt><trkpt lat="35.144304" lon="126.790937"><time>2026-06-28T06:36:40.000Z</time><ele>42</ele></trkpt><trkpt lat="35.144196" lon="126.791086"><time>2026-06-28T06:36:41.000Z</time><ele>42</ele></trkpt><trkpt lat="35.144091" lon="126.791241"><time>2026-06-28T06:36:42.000Z</time><ele>42</ele></trkpt><trkpt lat="35.143985" lon="126.791393"><time>2026-06-28T06:36:43.000Z</time><ele>41</ele></trkpt><trkpt lat="35.143879" lon="126.791541"><time>2026-06-28T06:36:44.000Z</time><ele>41</ele></trkpt><trkpt lat="35.143768" lon="126.791681"><time>2026-06-28T06:36:45.000Z</time><ele>40</ele></trkpt><trkpt lat="35.143663" lon="126.791821"><time>2026-06-28T06:36:46.000Z</time><ele>40</ele></trkpt><trkpt lat="35.143561" lon="126.791955"><time>2026-06-28T06:36:47.000Z</time><ele>40</ele></trkpt><trkpt lat="35.14347" lon="126.792085"><time>2026-06-28T06:36:48.000Z</time><ele>39</ele></trkpt><trkpt lat="35.143378" lon="126.792217"><time>2026-06-28T06:36:49.000Z</time><ele>38</ele></trkpt><trkpt lat="35.143276" lon="126.792346"><time>2026-06-28T06:36:50.000Z</time><ele>38</ele></trkpt><trkpt lat="35.143179" lon="126.792475"><time>2026-06-28T06:36:51.000Z</time><ele>37</ele></trkpt><trkpt lat="35.143087" lon="126.792603"><time>2026-06-28T06:36:52.000Z</time><ele>36</ele></trkpt><trkpt lat="35.142996" lon="126.79273"><time>2026-06-28T06:36:53.000Z</time><ele>35</ele></trkpt><trkpt lat="35.142903" lon="126.792853"><time>2026-06-28T06:36:54.000Z</time><ele>34</ele></trkpt><trkpt lat="35.142813" lon="126.792975"><time>2026-06-28T06:36:55.000Z</time><ele>34</ele></trkpt><trkpt lat="35.142731" lon="126.793091"><time>2026-06-28T06:36:56.000Z</time><ele>34</ele></trkpt><trkpt lat="35.142421" lon="126.793582"><time>2026-06-28T06:37:00.000Z</time><ele>31</ele></trkpt><trkpt lat="35.142379" lon="126.793654"><time>2026-06-28T06:37:01.000Z</time><ele>31</ele></trkpt><trkpt lat="35.142302" lon="126.793715"><time>2026-06-28T06:37:02.000Z</time><ele>34</ele></trkpt><trkpt lat="35.142262" lon="126.793778"><time>2026-06-28T06:37:03.000Z</time><ele>35</ele></trkpt><trkpt lat="35.142211" lon="126.793837"><time>2026-06-28T06:37:04.000Z</time><ele>36</ele></trkpt><trkpt lat="35.142166" lon="126.793897"><time>2026-06-28T06:37:05.000Z</time><ele>37</ele></trkpt><trkpt lat="35.142123" lon="126.793948"><time>2026-06-28T06:37:06.000Z</time><ele>37</ele></trkpt><trkpt lat="35.14208" lon="126.793996"><time>2026-06-28T06:37:07.000Z</time><ele>38</ele></trkpt><trkpt lat="35.142042" lon="126.79405"><time>2026-06-28T06:37:08.000Z</time><ele>39</ele></trkpt><trkpt lat="35.142002" lon="126.794114"><time>2026-06-28T06:37:09.000Z</time><ele>40</ele></trkpt><trkpt lat="35.141943" lon="126.7942"><time>2026-06-28T06:37:10.000Z</time><ele>40</ele></trkpt><trkpt lat="35.141871" lon="126.794288"><time>2026-06-28T06:37:11.000Z</time><ele>40</ele></trkpt><trkpt lat="35.141793" lon="126.794386"><time>2026-06-28T06:37:12.000Z</time><ele>39</ele></trkpt><trkpt lat="35.141732" lon="126.794477"><time>2026-06-28T06:37:13.000Z</time><ele>39</ele></trkpt><trkpt lat="35.141686" lon="126.794567"><time>2026-06-28T06:37:14.000Z</time><ele>39</ele></trkpt><trkpt lat="35.141651" lon="126.794667"><time>2026-06-28T06:37:15.000Z</time><ele>40</ele></trkpt><trkpt lat="35.141641" lon="126.79476"><time>2026-06-28T06:37:16.000Z</time><ele>42</ele></trkpt><trkpt lat="35.141668" lon="126.794854"><time>2026-06-28T06:37:17.000Z</time><ele>42</ele></trkpt><trkpt lat="35.141732" lon="126.794955"><time>2026-06-28T06:37:18.000Z</time><ele>43</ele></trkpt><trkpt lat="35.141819" lon="126.795057"><time>2026-06-28T06:37:19.000Z</time><ele>42</ele></trkpt><trkpt lat="35.142219" lon="126.795504"><time>2026-06-28T06:37:23.000Z</time><ele>44</ele></trkpt><trkpt lat="35.142342" lon="126.795624"><time>2026-06-28T06:37:24.000Z</time><ele>44</ele></trkpt><trkpt lat="35.142471" lon="126.795744"><time>2026-06-28T06:37:25.000Z</time><ele>44</ele></trkpt><trkpt lat="35.142599" lon="126.795878"><time>2026-06-28T06:37:26.000Z</time><ele>44</ele></trkpt><trkpt lat="35.142722" lon="126.796026"><time>2026-06-28T06:37:27.000Z</time><ele>44</ele></trkpt><trkpt lat="35.142838" lon="126.796197"><time>2026-06-28T06:37:28.000Z</time><ele>44</ele></trkpt><trkpt lat="35.142948" lon="126.796377"><time>2026-06-28T06:37:29.000Z</time><ele>43</ele></trkpt><trkpt lat="35.143035" lon="126.796572"><time>2026-06-28T06:37:30.000Z</time><ele>43</ele></trkpt><trkpt lat="35.143112" lon="126.796771"><time>2026-06-28T06:37:31.000Z</time><ele>42</ele></trkpt><trkpt lat="35.143186" lon="126.796971"><time>2026-06-28T06:37:32.000Z</time><ele>42</ele></trkpt><trkpt lat="35.143253" lon="126.797171"><time>2026-06-28T06:37:33.000Z</time><ele>42</ele></trkpt><trkpt lat="35.143305" lon="126.797369"><time>2026-06-28T06:37:34.000Z</time><ele>42</ele></trkpt><trkpt lat="35.143342" lon="126.797565"><time>2026-06-28T06:37:35.000Z</time><ele>42</ele></trkpt><trkpt lat="35.143365" lon="126.797753"><time>2026-06-28T06:37:36.000Z</time><ele>42</ele></trkpt><trkpt lat="35.143377" lon="126.797928"><time>2026-06-28T06:37:37.000Z</time><ele>42</ele></trkpt><trkpt lat="35.143385" lon="126.798097"><time>2026-06-28T06:37:38.000Z</time><ele>42</ele></trkpt><trkpt lat="35.143392" lon="126.798259"><time>2026-06-28T06:37:39.000Z</time><ele>42</ele></trkpt><trkpt lat="35.143403" lon="126.798411"><time>2026-06-28T06:37:40.000Z</time><ele>42</ele></trkpt><trkpt lat="35.14342" lon="126.798551"><time>2026-06-28T06:37:41.000Z</time><ele>41</ele></trkpt><trkpt lat="35.143431" lon="126.798669"><time>2026-06-28T06:37:42.000Z</time><ele>41</ele></trkpt><trkpt lat="35.143434" lon="126.798773"><time>2026-06-28T06:37:43.000Z</time><ele>41</ele></trkpt><trkpt lat="35.143441" lon="126.798856"><time>2026-06-28T06:37:44.000Z</time><ele>40</ele></trkpt><trkpt lat="35.143451" lon="126.798919"><time>2026-06-28T06:37:45.000Z</time><ele>40</ele></trkpt><trkpt lat="35.143474" lon="126.79899"><time>2026-06-28T06:37:47.000Z</time><ele>41</ele></trkpt><trkpt lat="35.143476" lon="126.799045"><time>2026-06-28T06:37:53.000Z</time><ele>40</ele></trkpt><trkpt lat="35.143495" lon="126.799125"><time>2026-06-28T06:37:55.000Z</time><ele>40</ele></trkpt><trkpt lat="35.143516" lon="126.799215"><time>2026-06-28T06:37:57.000Z</time><ele>40</ele></trkpt><trkpt lat="35.143523" lon="126.7993"><time>2026-06-28T06:37:58.000Z</time><ele>40</ele></trkpt><trkpt lat="35.143535" lon="126.79941"><time>2026-06-28T06:37:59.000Z</time><ele>41</ele></trkpt><trkpt lat="35.143539" lon="126.799538"><time>2026-06-28T06:38:00.000Z</time><ele>41</ele></trkpt><trkpt lat="35.143551" lon="126.799682"><time>2026-06-28T06:38:01.000Z</time><ele>41</ele></trkpt><trkpt lat="35.143555" lon="126.799842"><time>2026-06-28T06:38:02.000Z</time><ele>41</ele></trkpt><trkpt lat="35.143564" lon="126.800013"><time>2026-06-28T06:38:03.000Z</time><ele>41</ele></trkpt><trkpt lat="35.143577" lon="126.800194"><time>2026-06-28T06:38:04.000Z</time><ele>41</ele></trkpt><trkpt lat="35.143596" lon="126.800379"><time>2026-06-28T06:38:05.000Z</time><ele>41</ele></trkpt><trkpt lat="35.143615" lon="126.800564"><time>2026-06-28T06:38:06.000Z</time><ele>41</ele></trkpt><trkpt lat="35.143634" lon="126.800753"><time>2026-06-28T06:38:07.000Z</time><ele>41</ele></trkpt><trkpt lat="35.143646" lon="126.800944"><time>2026-06-28T06:38:08.000Z</time><ele>41</ele></trkpt><trkpt lat="35.143659" lon="126.801141"><time>2026-06-28T06:38:09.000Z</time><ele>41</ele></trkpt><trkpt lat="35.143674" lon="126.801349"><time>2026-06-28T06:38:10.000Z</time><ele>41</ele></trkpt><trkpt lat="35.143693" lon="126.801566"><time>2026-06-28T06:38:11.000Z</time><ele>41</ele></trkpt><trkpt lat="35.143715" lon="126.801787"><time>2026-06-28T06:38:12.000Z</time><ele>41</ele></trkpt><trkpt lat="35.143733" lon="126.802014"><time>2026-06-28T06:38:13.000Z</time><ele>41</ele></trkpt><trkpt lat="35.143755" lon="126.802249"><time>2026-06-28T06:38:14.000Z</time><ele>41</ele></trkpt><trkpt lat="35.143774" lon="126.802487"><time>2026-06-28T06:38:15.000Z</time><ele>41</ele></trkpt><trkpt lat="35.143789" lon="126.802723"><time>2026-06-28T06:38:16.000Z</time><ele>41</ele></trkpt><trkpt lat="35.143802" lon="126.802958"><time>2026-06-28T06:38:17.000Z</time><ele>41</ele></trkpt><trkpt lat="35.143817" lon="126.80319"><time>2026-06-28T06:38:18.000Z</time><ele>42</ele></trkpt><trkpt lat="35.143836" lon="126.803416"><time>2026-06-28T06:38:19.000Z</time><ele>42</ele></trkpt><trkpt lat="35.143852" lon="126.803628"><time>2026-06-28T06:38:20.000Z</time><ele>42</ele></trkpt><trkpt lat="35.143877" lon="126.803834"><time>2026-06-28T06:38:21.000Z</time><ele>43</ele></trkpt><trkpt lat="35.143901" lon="126.804029"><time>2026-06-28T06:38:22.000Z</time><ele>43</ele></trkpt><trkpt lat="35.143924" lon="126.804219"><time>2026-06-28T06:38:23.000Z</time><ele>42</ele></trkpt><trkpt lat="35.143946" lon="126.804418"><time>2026-06-28T06:38:24.000Z</time><ele>42</ele></trkpt><trkpt lat="35.143964" lon="126.804627"><time>2026-06-28T06:38:25.000Z</time><ele>42</ele></trkpt><trkpt lat="35.143983" lon="126.804844"><time>2026-06-28T06:38:26.000Z</time><ele>42</ele></trkpt><trkpt lat="35.143997" lon="126.805072"><time>2026-06-28T06:38:27.000Z</time><ele>42</ele></trkpt><trkpt lat="35.14401" lon="126.805315"><time>2026-06-28T06:38:28.000Z</time><ele>42</ele></trkpt><trkpt lat="35.144018" lon="126.805565"><time>2026-06-28T06:38:29.000Z</time><ele>41</ele></trkpt><trkpt lat="35.144033" lon="126.805819"><time>2026-06-28T06:38:30.000Z</time><ele>41</ele></trkpt><trkpt lat="35.144046" lon="126.806076"><time>2026-06-28T06:38:31.000Z</time><ele>41</ele></trkpt><trkpt lat="35.144064" lon="126.806338"><time>2026-06-28T06:38:32.000Z</time><ele>41</ele></trkpt><trkpt lat="35.14408" lon="126.806602"><time>2026-06-28T06:38:33.000Z</time><ele>41</ele></trkpt><trkpt lat="35.144096" lon="126.806872"><time>2026-06-28T06:38:34.000Z</time><ele>41</ele></trkpt><trkpt lat="35.144113" lon="126.80714"><time>2026-06-28T06:38:35.000Z</time><ele>41</ele></trkpt><trkpt lat="35.144132" lon="126.807403"><time>2026-06-28T06:38:36.000Z</time><ele>40</ele></trkpt><trkpt lat="35.144149" lon="126.807668"><time>2026-06-28T06:38:37.000Z</time><ele>40</ele></trkpt><trkpt lat="35.144162" lon="126.807931"><time>2026-06-28T06:38:38.000Z</time><ele>41</ele></trkpt><trkpt lat="35.144173" lon="126.808195"><time>2026-06-28T06:38:39.000Z</time><ele>41</ele></trkpt><trkpt lat="35.144181" lon="126.808455"><time>2026-06-28T06:38:40.000Z</time><ele>41</ele></trkpt><trkpt lat="35.144191" lon="126.808705"><time>2026-06-28T06:38:41.000Z</time><ele>41</ele></trkpt><trkpt lat="35.144202" lon="126.808948"><time>2026-06-28T06:38:42.000Z</time><ele>40</ele></trkpt><trkpt lat="35.144207" lon="126.809187"><time>2026-06-28T06:38:43.000Z</time><ele>40</ele></trkpt><trkpt lat="35.144209" lon="126.809413"><time>2026-06-28T06:38:44.000Z</time><ele>40</ele></trkpt><trkpt lat="35.14421" lon="126.809627"><time>2026-06-28T06:38:45.000Z</time><ele>40</ele></trkpt><trkpt lat="35.144209" lon="126.809834"><time>2026-06-28T06:38:46.000Z</time><ele>40</ele></trkpt><trkpt lat="35.144205" lon="126.810032"><time>2026-06-28T06:38:47.000Z</time><ele>41</ele></trkpt><trkpt lat="35.144203" lon="126.810218"><time>2026-06-28T06:38:48.000Z</time><ele>41</ele></trkpt><trkpt lat="35.144199" lon="126.81039"><time>2026-06-28T06:38:49.000Z</time><ele>40</ele></trkpt><trkpt lat="35.144192" lon="126.810544"><time>2026-06-28T06:38:50.000Z</time><ele>40</ele></trkpt><trkpt lat="35.144187" lon="126.810682"><time>2026-06-28T06:38:51.000Z</time><ele>40</ele></trkpt><trkpt lat="35.144184" lon="126.8108"><time>2026-06-28T06:38:52.000Z</time><ele>40</ele></trkpt><trkpt lat="35.144178" lon="126.810898"><time>2026-06-28T06:38:53.000Z</time><ele>40</ele></trkpt><trkpt lat="35.144173" lon="126.810982"><time>2026-06-28T06:38:54.000Z</time><ele>40</ele></trkpt><trkpt lat="35.144168" lon="126.81105"><time>2026-06-28T06:38:55.000Z</time><ele>40</ele></trkpt><trkpt lat="35.144168" lon="126.81114"><time>2026-06-28T06:38:57.000Z</time><ele>40</ele></trkpt><trkpt lat="35.144151" lon="126.811193"><time>2026-06-28T06:40:22.000Z</time><ele>39</ele></trkpt><trkpt lat="35.144146" lon="126.811291"><time>2026-06-28T06:40:24.000Z</time><ele>39</ele></trkpt><trkpt lat="35.144136" lon="126.811365"><time>2026-06-28T06:40:25.000Z</time><ele>39</ele></trkpt><trkpt lat="35.144126" lon="126.811456"><time>2026-06-28T06:40:26.000Z</time><ele>39</ele></trkpt><trkpt lat="35.144113" lon="126.811555"><time>2026-06-28T06:40:27.000Z</time><ele>39</ele></trkpt><trkpt lat="35.144098" lon="126.811668"><time>2026-06-28T06:40:28.000Z</time><ele>38</ele></trkpt><trkpt lat="35.144076" lon="126.811795"><time>2026-06-28T06:40:29.000Z</time><ele>38</ele></trkpt><trkpt lat="35.144054" lon="126.811941"><time>2026-06-28T06:40:30.000Z</time><ele>38</ele></trkpt><trkpt lat="35.144032" lon="126.812096"><time>2026-06-28T06:40:31.000Z</time><ele>38</ele></trkpt><trkpt lat="35.144008" lon="126.812264"><time>2026-06-28T06:40:32.000Z</time><ele>38</ele></trkpt><trkpt lat="35.143847" lon="126.813296"><time>2026-06-28T06:40:37.000Z</time><ele>38</ele></trkpt><trkpt lat="35.143813" lon="126.81353"><time>2026-06-28T06:40:38.000Z</time><ele>37</ele></trkpt><trkpt lat="35.14378" lon="126.813773"><time>2026-06-28T06:40:39.000Z</time><ele>37</ele></trkpt><trkpt lat="35.143745" lon="126.814029"><time>2026-06-28T06:40:40.000Z</time><ele>37</ele></trkpt><trkpt lat="35.143709" lon="126.814288"><time>2026-06-28T06:40:41.000Z</time><ele>37</ele></trkpt><trkpt lat="35.143674" lon="126.814555"><time>2026-06-28T06:40:42.000Z</time><ele>37</ele></trkpt><trkpt lat="35.143636" lon="126.814824"><time>2026-06-28T06:40:43.000Z</time><ele>37</ele></trkpt><trkpt lat="35.143598" lon="126.815098"><time>2026-06-28T06:40:44.000Z</time><ele>37</ele></trkpt><trkpt lat="35.143565" lon="126.815376"><time>2026-06-28T06:40:45.000Z</time><ele>38</ele></trkpt><trkpt lat="35.14353" lon="126.815655"><time>2026-06-28T06:40:46.000Z</time><ele>38</ele></trkpt><trkpt lat="35.14349" lon="126.815938"><time>2026-06-28T06:40:47.000Z</time><ele>38</ele></trkpt><trkpt lat="35.143448" lon="126.816221"><time>2026-06-28T06:40:48.000Z</time><ele>38</ele></trkpt><trkpt lat="35.143406" lon="126.816508"><time>2026-06-28T06:40:49.000Z</time><ele>39</ele></trkpt><trkpt lat="35.143362" lon="126.816798"><time>2026-06-28T06:40:50.000Z</time><ele>38</ele></trkpt><trkpt lat="35.143319" lon="126.817088"><time>2026-06-28T06:40:51.000Z</time><ele>38</ele></trkpt><trkpt lat="35.143279" lon="126.817381"><time>2026-06-28T06:40:52.000Z</time><ele>38</ele></trkpt><trkpt lat="35.143237" lon="126.817674"><time>2026-06-28T06:40:53.000Z</time><ele>38</ele></trkpt><trkpt lat="35.143196" lon="126.817968"><time>2026-06-28T06:40:54.000Z</time><ele>38</ele></trkpt><trkpt lat="35.143156" lon="126.818261"><time>2026-06-28T06:40:55.000Z</time><ele>38</ele></trkpt><trkpt lat="35.143114" lon="126.818558"><time>2026-06-28T06:40:56.000Z</time><ele>38</ele></trkpt><trkpt lat="35.143074" lon="126.818855"><time>2026-06-28T06:40:57.000Z</time><ele>38</ele></trkpt><trkpt lat="35.143033" lon="126.819153"><time>2026-06-28T06:40:58.000Z</time><ele>37</ele></trkpt><trkpt lat="35.142991" lon="126.819446"><time>2026-06-28T06:40:59.000Z</time><ele>38</ele></trkpt><trkpt lat="35.142953" lon="126.819729"><time>2026-06-28T06:41:00.000Z</time><ele>38</ele></trkpt><trkpt lat="35.142915" lon="126.820012"><time>2026-06-28T06:41:01.000Z</time><ele>38</ele></trkpt><trkpt lat="35.142876" lon="126.820298"><time>2026-06-28T06:41:02.000Z</time><ele>38</ele></trkpt><trkpt lat="35.142837" lon="126.820579"><time>2026-06-28T06:41:03.000Z</time><ele>38</ele></trkpt><trkpt lat="35.1428" lon="126.820861"><time>2026-06-28T06:41:04.000Z</time><ele>38</ele></trkpt><trkpt lat="35.14276" lon="126.82114"><time>2026-06-28T06:41:05.000Z</time><ele>38</ele></trkpt><trkpt lat="35.142724" lon="126.821419"><time>2026-06-28T06:41:06.000Z</time><ele>38</ele></trkpt><trkpt lat="35.142686" lon="126.821695"><time>2026-06-28T06:41:07.000Z</time><ele>38</ele></trkpt><trkpt lat="35.142653" lon="126.821958"><time>2026-06-28T06:41:08.000Z</time><ele>38</ele></trkpt><trkpt lat="35.142622" lon="126.822212"><time>2026-06-28T06:41:09.000Z</time><ele>38</ele></trkpt><trkpt lat="35.142586" lon="126.822451"><time>2026-06-28T06:41:10.000Z</time><ele>38</ele></trkpt><trkpt lat="35.142553" lon="126.822681"><time>2026-06-28T06:41:11.000Z</time><ele>38</ele></trkpt><trkpt lat="35.14252" lon="126.822914"><time>2026-06-28T06:41:12.000Z</time><ele>38</ele></trkpt><trkpt lat="35.142487" lon="126.823147"><time>2026-06-28T06:41:13.000Z</time><ele>39</ele></trkpt><trkpt lat="35.142452" lon="126.823381"><time>2026-06-28T06:41:14.000Z</time><ele>39</ele></trkpt><trkpt lat="35.142415" lon="126.823615"><time>2026-06-28T06:41:15.000Z</time><ele>39</ele></trkpt><trkpt lat="35.142374" lon="126.823842"><time>2026-06-28T06:41:16.000Z</time><ele>38</ele></trkpt><trkpt lat="35.142327" lon="126.824067"><time>2026-06-28T06:41:17.000Z</time><ele>38</ele></trkpt><trkpt lat="35.142277" lon="126.824293"><time>2026-06-28T06:41:18.000Z</time><ele>38</ele></trkpt><trkpt lat="35.142227" lon="126.824519"><time>2026-06-28T06:41:19.000Z</time><ele>39</ele></trkpt><trkpt lat="35.142176" lon="126.824736"><time>2026-06-28T06:41:20.000Z</time><ele>39</ele></trkpt><trkpt lat="35.142124" lon="126.824949"><time>2026-06-28T06:41:21.000Z</time><ele>39</ele></trkpt><trkpt lat="35.142071" lon="126.825149"><time>2026-06-28T06:41:22.000Z</time><ele>39</ele></trkpt><trkpt lat="35.142016" lon="126.825345"><time>2026-06-28T06:41:23.000Z</time><ele>39</ele></trkpt><trkpt lat="35.141954" lon="126.825538"><time>2026-06-28T06:41:24.000Z</time><ele>40</ele></trkpt><trkpt lat="35.141897" lon="126.825733"><time>2026-06-28T06:41:25.000Z</time><ele>41</ele></trkpt><trkpt lat="35.141841" lon="126.825927"><time>2026-06-28T06:41:26.000Z</time><ele>41</ele></trkpt><trkpt lat="35.141785" lon="126.826124"><time>2026-06-28T06:41:27.000Z</time><ele>42</ele></trkpt><trkpt lat="35.141732" lon="126.826321"><time>2026-06-28T06:41:28.000Z</time><ele>42</ele></trkpt><trkpt lat="35.14168" lon="126.826512"><time>2026-06-28T06:41:29.000Z</time><ele>42</ele></trkpt><trkpt lat="35.141623" lon="126.826706"><time>2026-06-28T06:41:30.000Z</time><ele>42</ele></trkpt><trkpt lat="35.141567" lon="126.826899"><time>2026-06-28T06:41:31.000Z</time><ele>42</ele></trkpt><trkpt lat="35.141506" lon="126.827094"><time>2026-06-28T06:41:32.000Z</time><ele>42</ele></trkpt><trkpt lat="35.141447" lon="126.827291"><time>2026-06-28T06:41:33.000Z</time><ele>43</ele></trkpt><trkpt lat="35.141389" lon="126.827487"><time>2026-06-28T06:41:34.000Z</time><ele>43</ele></trkpt><trkpt lat="35.141325" lon="126.827688"><time>2026-06-28T06:41:35.000Z</time><ele>43</ele></trkpt><trkpt lat="35.141262" lon="126.827886"><time>2026-06-28T06:41:36.000Z</time><ele>43</ele></trkpt><trkpt lat="35.141201" lon="126.828083"><time>2026-06-28T06:41:37.000Z</time><ele>43</ele></trkpt><trkpt lat="35.141141" lon="126.828281"><time>2026-06-28T06:41:38.000Z</time><ele>43</ele></trkpt><trkpt lat="35.141084" lon="126.828478"><time>2026-06-28T06:41:39.000Z</time><ele>42</ele></trkpt><trkpt lat="35.141027" lon="126.828667"><time>2026-06-28T06:41:40.000Z</time><ele>43</ele></trkpt><trkpt lat="35.140974" lon="126.828846"><time>2026-06-28T06:41:41.000Z</time><ele>43</ele></trkpt><trkpt lat="35.14092" lon="126.829016"><time>2026-06-28T06:41:42.000Z</time><ele>43</ele></trkpt><trkpt lat="35.140871" lon="126.829178"><time>2026-06-28T06:41:43.000Z</time><ele>42</ele></trkpt><trkpt lat="35.140824" lon="126.829334"><time>2026-06-28T06:41:44.000Z</time><ele>42</ele></trkpt><trkpt lat="35.140778" lon="126.829484"><time>2026-06-28T06:41:45.000Z</time><ele>42</ele></trkpt><trkpt lat="35.140738" lon="126.829626"><time>2026-06-28T06:41:46.000Z</time><ele>42</ele></trkpt><trkpt lat="35.140704" lon="126.829747"><time>2026-06-28T06:41:47.000Z</time><ele>42</ele></trkpt><trkpt lat="35.140676" lon="126.829842"><time>2026-06-28T06:41:48.000Z</time><ele>42</ele></trkpt><trkpt lat="35.140661" lon="126.829911"><time>2026-06-28T06:41:49.000Z</time><ele>42</ele></trkpt><trkpt lat="35.140643" lon="126.82997"><time>2026-06-28T06:41:50.000Z</time><ele>42</ele></trkpt><trkpt lat="35.140624" lon="126.830031"><time>2026-06-28T06:41:51.000Z</time><ele>42</ele></trkpt><trkpt lat="35.140612" lon="126.830098"><time>2026-06-28T06:41:52.000Z</time><ele>41</ele></trkpt><trkpt lat="35.140615" lon="126.830181"><time>2026-06-28T06:41:53.000Z</time><ele>41</ele></trkpt><trkpt lat="35.140629" lon="126.830271"><time>2026-06-28T06:41:54.000Z</time><ele>41</ele></trkpt><trkpt lat="35.140676" lon="126.830348"><time>2026-06-28T06:41:55.000Z</time><ele>41</ele></trkpt><trkpt lat="35.140746" lon="126.830421"><time>2026-06-28T06:41:56.000Z</time><ele>42</ele></trkpt><trkpt lat="35.140845" lon="126.830463"><time>2026-06-28T06:41:57.000Z</time><ele>43</ele></trkpt><trkpt lat="35.140953" lon="126.830506"><time>2026-06-28T06:41:58.000Z</time><ele>43</ele></trkpt><trkpt lat="35.141059" lon="126.830571"><time>2026-06-28T06:41:59.000Z</time><ele>43</ele></trkpt><trkpt lat="35.141179" lon="126.830645"><time>2026-06-28T06:42:00.000Z</time><ele>43</ele></trkpt><trkpt lat="35.141307" lon="126.830714"><time>2026-06-28T06:42:01.000Z</time><ele>42</ele></trkpt><trkpt lat="35.14145" lon="126.830789"><time>2026-06-28T06:42:02.000Z</time><ele>42</ele></trkpt><trkpt lat="35.141604" lon="126.830868"><time>2026-06-28T06:42:03.000Z</time><ele>42</ele></trkpt><trkpt lat="35.141769" lon="126.830943"><time>2026-06-28T06:42:04.000Z</time><ele>41</ele></trkpt><trkpt lat="35.141944" lon="126.831026"><time>2026-06-28T06:42:05.000Z</time><ele>41</ele></trkpt><trkpt lat="35.142125" lon="126.831102"><time>2026-06-28T06:42:06.000Z</time><ele>41</ele></trkpt><trkpt lat="35.142314" lon="126.83117"><time>2026-06-28T06:42:07.000Z</time><ele>41</ele></trkpt><trkpt lat="35.142509" lon="126.831235"><time>2026-06-28T06:42:08.000Z</time><ele>42</ele></trkpt><trkpt lat="35.142709" lon="126.831295"><time>2026-06-28T06:42:09.000Z</time><ele>41</ele></trkpt><trkpt lat="35.142913" lon="126.831359"><time>2026-06-28T06:42:10.000Z</time><ele>41</ele></trkpt><trkpt lat="35.14312" lon="126.831415"><time>2026-06-28T06:42:11.000Z</time><ele>41</ele></trkpt><trkpt lat="35.143328" lon="126.831468"><time>2026-06-28T06:42:12.000Z</time><ele>42</ele></trkpt><trkpt lat="35.143532" lon="126.831517"><time>2026-06-28T06:42:13.000Z</time><ele>42</ele></trkpt><trkpt lat="35.143736" lon="126.831565"><time>2026-06-28T06:42:14.000Z</time><ele>42</ele></trkpt><trkpt lat="35.143945" lon="126.831605"><time>2026-06-28T06:42:15.000Z</time><ele>42</ele></trkpt><trkpt lat="35.144155" lon="126.831634"><time>2026-06-28T06:42:16.000Z</time><ele>42</ele></trkpt><trkpt lat="35.144369" lon="126.831653"><time>2026-06-28T06:42:17.000Z</time><ele>41</ele></trkpt><trkpt lat="35.14458" lon="126.831669"><time>2026-06-28T06:42:18.000Z</time><ele>41</ele></trkpt><trkpt lat="35.144797" lon="126.831681"><time>2026-06-28T06:42:19.000Z</time><ele>42</ele></trkpt><trkpt lat="35.145011" lon="126.831688"><time>2026-06-28T06:42:20.000Z</time><ele>42</ele></trkpt><trkpt lat="35.145224" lon="126.831687"><time>2026-06-28T06:42:21.000Z</time><ele>41</ele></trkpt><trkpt lat="35.145433" lon="126.831677"><time>2026-06-28T06:42:22.000Z</time><ele>42</ele></trkpt><trkpt lat="35.14564" lon="126.831667"><time>2026-06-28T06:42:23.000Z</time><ele>41</ele></trkpt><trkpt lat="35.145839" lon="126.831652"><time>2026-06-28T06:42:24.000Z</time><ele>41</ele></trkpt><trkpt lat="35.146031" lon="126.831638"><time>2026-06-28T06:42:25.000Z</time><ele>42</ele></trkpt><trkpt lat="35.14622" lon="126.831624"><time>2026-06-28T06:42:26.000Z</time><ele>42</ele></trkpt><trkpt lat="35.146403" lon="126.831616"><time>2026-06-28T06:42:27.000Z</time><ele>42</ele></trkpt><trkpt lat="35.146583" lon="126.83161"><time>2026-06-28T06:42:28.000Z</time><ele>41</ele></trkpt><trkpt lat="35.146759" lon="126.831605"><time>2026-06-28T06:42:29.000Z</time><ele>41</ele></trkpt><trkpt lat="35.146934" lon="126.831604"><time>2026-06-28T06:42:30.000Z</time><ele>40</ele></trkpt><trkpt lat="35.147111" lon="126.831603"><time>2026-06-28T06:42:31.000Z</time><ele>40</ele></trkpt><trkpt lat="35.147288" lon="126.831618"><time>2026-06-28T06:42:32.000Z</time><ele>40</ele></trkpt><trkpt lat="35.14747" lon="126.83164"><time>2026-06-28T06:42:33.000Z</time><ele>39</ele></trkpt><trkpt lat="35.147656" lon="126.831667"><time>2026-06-28T06:42:34.000Z</time><ele>38</ele></trkpt><trkpt lat="35.147845" lon="126.831698"><time>2026-06-28T06:42:35.000Z</time><ele>38</ele></trkpt><trkpt lat="35.148035" lon="126.831729"><time>2026-06-28T06:42:36.000Z</time><ele>38</ele></trkpt><trkpt lat="35.148227" lon="126.83176"><time>2026-06-28T06:42:37.000Z</time><ele>37</ele></trkpt><trkpt lat="35.148418" lon="126.831806"><time>2026-06-28T06:42:38.000Z</time><ele>37</ele></trkpt><trkpt lat="35.148607" lon="126.831871"><time>2026-06-28T06:42:39.000Z</time><ele>36</ele></trkpt><trkpt lat="35.148797" lon="126.831947"><time>2026-06-28T06:42:40.000Z</time><ele>36</ele></trkpt><trkpt lat="35.148985" lon="126.832032"><time>2026-06-28T06:42:41.000Z</time><ele>36</ele></trkpt><trkpt lat="35.149165" lon="126.83212"><time>2026-06-28T06:42:42.000Z</time><ele>37</ele></trkpt><trkpt lat="35.149345" lon="126.832215"><time>2026-06-28T06:42:43.000Z</time><ele>37</ele></trkpt><trkpt lat="35.149522" lon="126.832318"><time>2026-06-28T06:42:44.000Z</time><ele>37</ele></trkpt><trkpt lat="35.149696" lon="126.832429"><time>2026-06-28T06:42:45.000Z</time><ele>37</ele></trkpt><trkpt lat="35.149864" lon="126.832547"><time>2026-06-28T06:42:46.000Z</time><ele>37</ele></trkpt><trkpt lat="35.150032" lon="126.832669"><time>2026-06-28T06:42:47.000Z</time><ele>38</ele></trkpt><trkpt lat="35.150189" lon="126.832782"><time>2026-06-28T06:42:48.000Z</time><ele>38</ele></trkpt><trkpt lat="35.150346" lon="126.832901"><time>2026-06-28T06:42:49.000Z</time><ele>38</ele></trkpt><trkpt lat="35.150494" lon="126.833022"><time>2026-06-28T06:42:50.000Z</time><ele>38</ele></trkpt><trkpt lat="35.150636" lon="126.833146"><time>2026-06-28T06:42:51.000Z</time><ele>39</ele></trkpt><trkpt lat="35.150773" lon="126.833266"><time>2026-06-28T06:42:52.000Z</time><ele>40</ele></trkpt><trkpt lat="35.150905" lon="126.833381"><time>2026-06-28T06:42:53.000Z</time><ele>40</ele></trkpt><trkpt lat="35.151037" lon="126.833496"><time>2026-06-28T06:42:54.000Z</time><ele>40</ele></trkpt><trkpt lat="35.151164" lon="126.833608"><time>2026-06-28T06:42:55.000Z</time><ele>40</ele></trkpt><trkpt lat="35.151282" lon="126.833719"><time>2026-06-28T06:42:56.000Z</time><ele>41</ele></trkpt><trkpt lat="35.151401" lon="126.833833"><time>2026-06-28T06:42:57.000Z</time><ele>41</ele></trkpt><trkpt lat="35.151523" lon="126.833942"><time>2026-06-28T06:42:58.000Z</time><ele>41</ele></trkpt><trkpt lat="35.151645" lon="126.834051"><time>2026-06-28T06:42:59.000Z</time><ele>41</ele></trkpt><trkpt lat="35.151767" lon="126.834163"><time>2026-06-28T06:43:00.000Z</time><ele>41</ele></trkpt><trkpt lat="35.15189" lon="126.834277"><time>2026-06-28T06:43:01.000Z</time><ele>41</ele></trkpt><trkpt lat="35.152013" lon="126.834392"><time>2026-06-28T06:43:02.000Z</time><ele>41</ele></trkpt><trkpt lat="35.152135" lon="126.834499"><time>2026-06-28T06:43:03.000Z</time><ele>41</ele></trkpt><trkpt lat="35.15225" lon="126.834607"><time>2026-06-28T06:43:04.000Z</time><ele>41</ele></trkpt><trkpt lat="35.152364" lon="126.834711"><time>2026-06-28T06:43:05.000Z</time><ele>41</ele></trkpt><trkpt lat="35.152474" lon="126.834811"><time>2026-06-28T06:43:06.000Z</time><ele>41</ele></trkpt><trkpt lat="35.152578" lon="126.834902"><time>2026-06-28T06:43:07.000Z</time><ele>41</ele></trkpt><trkpt lat="35.152677" lon="126.834993"><time>2026-06-28T06:43:08.000Z</time><ele>41</ele></trkpt><trkpt lat="35.152779" lon="126.835082"><time>2026-06-28T06:43:09.000Z</time><ele>41</ele></trkpt><trkpt lat="35.152878" lon="126.835168"><time>2026-06-28T06:43:10.000Z</time><ele>41</ele></trkpt><trkpt lat="35.152978" lon="126.835255"><time>2026-06-28T06:43:11.000Z</time><ele>41</ele></trkpt><trkpt lat="35.153073" lon="126.835339"><time>2026-06-28T06:43:12.000Z</time><ele>42</ele></trkpt><trkpt lat="35.153163" lon="126.835422"><time>2026-06-28T06:43:13.000Z</time><ele>42</ele></trkpt><trkpt lat="35.153254" lon="126.835503"><time>2026-06-28T06:43:14.000Z</time><ele>42</ele></trkpt><trkpt lat="35.153341" lon="126.835577"><time>2026-06-28T06:43:15.000Z</time><ele>42</ele></trkpt><trkpt lat="35.153427" lon="126.835651"><time>2026-06-28T06:43:16.000Z</time><ele>42</ele></trkpt><trkpt lat="35.153511" lon="126.835728"><time>2026-06-28T06:43:17.000Z</time><ele>43</ele></trkpt><trkpt lat="35.153594" lon="126.835796"><time>2026-06-28T06:43:18.000Z</time><ele>43</ele></trkpt><trkpt lat="35.153663" lon="126.835851"><time>2026-06-28T06:43:19.000Z</time><ele>43</ele></trkpt><trkpt lat="35.153728" lon="126.835903"><time>2026-06-28T06:43:20.000Z</time><ele>43</ele></trkpt><trkpt lat="35.153798" lon="126.835965"><time>2026-06-28T06:43:21.000Z</time><ele>43</ele></trkpt><trkpt lat="35.153871" lon="126.836029"><time>2026-06-28T06:43:22.000Z</time><ele>43</ele></trkpt><trkpt lat="35.153954" lon="126.836095"><time>2026-06-28T06:43:23.000Z</time><ele>42</ele></trkpt><trkpt lat="35.154041" lon="126.836164"><time>2026-06-28T06:43:24.000Z</time><ele>43</ele></trkpt><trkpt lat="35.154139" lon="126.836246"><time>2026-06-28T06:43:25.000Z</time><ele>43</ele></trkpt><trkpt lat="35.154251" lon="126.836331"><time>2026-06-28T06:43:26.000Z</time><ele>43</ele></trkpt><trkpt lat="35.15438" lon="126.83642"><time>2026-06-28T06:43:27.000Z</time><ele>43</ele></trkpt><trkpt lat="35.155179" lon="126.836846"><time>2026-06-28T06:43:32.000Z</time><ele>43</ele></trkpt><trkpt lat="35.155344" lon="126.836935"><time>2026-06-28T06:43:33.000Z</time><ele>43</ele></trkpt><trkpt lat="35.155506" lon="126.837019"><time>2026-06-28T06:43:34.000Z</time><ele>42</ele></trkpt><trkpt lat="35.155665" lon="126.837105"><time>2026-06-28T06:43:35.000Z</time><ele>42</ele></trkpt><trkpt lat="35.155819" lon="126.83719"><time>2026-06-28T06:43:36.000Z</time><ele>41</ele></trkpt><trkpt lat="35.155968" lon="126.83727"><time>2026-06-28T06:43:37.000Z</time><ele>40</ele></trkpt><trkpt lat="35.156112" lon="126.837347"><time>2026-06-28T06:43:38.000Z</time><ele>40</ele></trkpt><trkpt lat="35.156252" lon="126.837427"><time>2026-06-28T06:43:39.000Z</time><ele>40</ele></trkpt><trkpt lat="35.156397" lon="126.837501"><time>2026-06-28T06:43:40.000Z</time><ele>40</ele></trkpt><trkpt lat="35.156545" lon="126.837577"><time>2026-06-28T06:43:41.000Z</time><ele>41</ele></trkpt><trkpt lat="35.15669" lon="126.837654"><time>2026-06-28T06:43:42.000Z</time><ele>40</ele></trkpt><trkpt lat="35.156831" lon="126.837747"><time>2026-06-28T06:43:43.000Z</time><ele>40</ele></trkpt><trkpt lat="35.156966" lon="126.837837"><time>2026-06-28T06:43:44.000Z</time><ele>40</ele></trkpt><trkpt lat="35.157098" lon="126.837938"><time>2026-06-28T06:43:45.000Z</time><ele>40</ele></trkpt><trkpt lat="35.157224" lon="126.838052"><time>2026-06-28T06:43:46.000Z</time><ele>39</ele></trkpt><trkpt lat="35.157343" lon="126.838172"><time>2026-06-28T06:43:47.000Z</time><ele>39</ele></trkpt><trkpt lat="35.157461" lon="126.838295"><time>2026-06-28T06:43:48.000Z</time><ele>40</ele></trkpt><trkpt lat="35.157575" lon="126.838423"><time>2026-06-28T06:43:49.000Z</time><ele>40</ele></trkpt><trkpt lat="35.157688" lon="126.838556"><time>2026-06-28T06:43:50.000Z</time><ele>39</ele></trkpt><trkpt lat="35.157795" lon="126.838691"><time>2026-06-28T06:43:51.000Z</time><ele>40</ele></trkpt><trkpt lat="35.157897" lon="126.838832"><time>2026-06-28T06:43:52.000Z</time><ele>40</ele></trkpt><trkpt lat="35.157993" lon="126.838983"><time>2026-06-28T06:43:53.000Z</time><ele>40</ele></trkpt><trkpt lat="35.158087" lon="126.839135"><time>2026-06-28T06:43:54.000Z</time><ele>40</ele></trkpt><trkpt lat="35.158175" lon="126.839294"><time>2026-06-28T06:43:55.000Z</time><ele>40</ele></trkpt><trkpt lat="35.158252" lon="126.839453"><time>2026-06-28T06:43:56.000Z</time><ele>40</ele></trkpt><trkpt lat="35.158328" lon="126.839611"><time>2026-06-28T06:43:57.000Z</time><ele>40</ele></trkpt><trkpt lat="35.158399" lon="126.839767"><time>2026-06-28T06:43:58.000Z</time><ele>40</ele></trkpt><trkpt lat="35.158468" lon="126.839921"><time>2026-06-28T06:43:59.000Z</time><ele>40</ele></trkpt><trkpt lat="35.158534" lon="126.840068"><time>2026-06-28T06:44:00.000Z</time><ele>40</ele></trkpt><trkpt lat="35.158599" lon="126.840213"><time>2026-06-28T06:44:01.000Z</time><ele>41</ele></trkpt><trkpt lat="35.158664" lon="126.840357"><time>2026-06-28T06:44:02.000Z</time><ele>41</ele></trkpt><trkpt lat="35.158729" lon="126.840507"><time>2026-06-28T06:44:03.000Z</time><ele>41</ele></trkpt><trkpt lat="35.158793" lon="126.840657"><time>2026-06-28T06:44:04.000Z</time><ele>42</ele></trkpt><trkpt lat="35.158863" lon="126.84082"><time>2026-06-28T06:44:05.000Z</time><ele>42</ele></trkpt><trkpt lat="35.158938" lon="126.840997"><time>2026-06-28T06:44:06.000Z</time><ele>42</ele></trkpt><trkpt lat="35.15902" lon="126.841178"><time>2026-06-28T06:44:07.000Z</time><ele>42</ele></trkpt><trkpt lat="35.15911" lon="126.841361"><time>2026-06-28T06:44:08.000Z</time><ele>42</ele></trkpt><trkpt lat="35.159199" lon="126.841547"><time>2026-06-28T06:44:09.000Z</time><ele>42</ele></trkpt><trkpt lat="35.159287" lon="126.841739"><time>2026-06-28T06:44:10.000Z</time><ele>42</ele></trkpt><trkpt lat="35.159377" lon="126.841938"><time>2026-06-28T06:44:11.000Z</time><ele>42</ele></trkpt><trkpt lat="35.159466" lon="126.842146"><time>2026-06-28T06:44:12.000Z</time><ele>42</ele></trkpt><trkpt lat="35.159551" lon="126.842358"><time>2026-06-28T06:44:13.000Z</time><ele>42</ele></trkpt><trkpt lat="35.159631" lon="126.842574"><time>2026-06-28T06:44:14.000Z</time><ele>42</ele></trkpt><trkpt lat="35.159705" lon="126.842794"><time>2026-06-28T06:44:15.000Z</time><ele>42</ele></trkpt><trkpt lat="35.159772" lon="126.843016"><time>2026-06-28T06:44:16.000Z</time><ele>43</ele></trkpt><trkpt lat="35.159843" lon="126.843235"><time>2026-06-28T06:44:17.000Z</time><ele>43</ele></trkpt><trkpt lat="35.159904" lon="126.843454"><time>2026-06-28T06:44:18.000Z</time><ele>43</ele></trkpt><trkpt lat="35.159958" lon="126.843671"><time>2026-06-28T06:44:19.000Z</time><ele>43</ele></trkpt><trkpt lat="35.160008" lon="126.843895"><time>2026-06-28T06:44:20.000Z</time><ele>43</ele></trkpt><trkpt lat="35.160056" lon="126.84412"><time>2026-06-28T06:44:21.000Z</time><ele>43</ele></trkpt><trkpt lat="35.16023" lon="126.84515"><time>2026-06-28T06:44:26.000Z</time><ele>42</ele></trkpt><trkpt lat="35.160242" lon="126.845337"><time>2026-06-28T06:44:27.000Z</time><ele>43</ele></trkpt><trkpt lat="35.160254" lon="126.845524"><time>2026-06-28T06:44:28.000Z</time><ele>43</ele></trkpt><trkpt lat="35.160265" lon="126.845696"><time>2026-06-28T06:44:29.000Z</time><ele>43</ele></trkpt><trkpt lat="35.160278" lon="126.84586"><time>2026-06-28T06:44:30.000Z</time><ele>43</ele></trkpt><trkpt lat="35.160294" lon="126.846017"><time>2026-06-28T06:44:31.000Z</time><ele>43</ele></trkpt><trkpt lat="35.160313" lon="126.846161"><time>2026-06-28T06:44:32.000Z</time><ele>43</ele></trkpt><trkpt lat="35.160333" lon="126.846303"><time>2026-06-28T06:44:33.000Z</time><ele>43</ele></trkpt><trkpt lat="35.160335" lon="126.846437"><time>2026-06-28T06:44:34.000Z</time><ele>43</ele></trkpt><trkpt lat="35.160337" lon="126.846564"><time>2026-06-28T06:44:35.000Z</time><ele>42</ele></trkpt><trkpt lat="35.160348" lon="126.846686"><time>2026-06-28T06:44:36.000Z</time><ele>42</ele></trkpt><trkpt lat="35.160351" lon="126.846802"><time>2026-06-28T06:44:37.000Z</time><ele>42</ele></trkpt><trkpt lat="35.160366" lon="126.846914"><time>2026-06-28T06:44:38.000Z</time><ele>42</ele></trkpt><trkpt lat="35.160379" lon="126.847025"><time>2026-06-28T06:44:39.000Z</time><ele>41</ele></trkpt><trkpt lat="35.160392" lon="126.847132"><time>2026-06-28T06:44:40.000Z</time><ele>41</ele></trkpt><trkpt lat="35.160405" lon="126.847228"><time>2026-06-28T06:44:41.000Z</time><ele>41</ele></trkpt><trkpt lat="35.160418" lon="126.847318"><time>2026-06-28T06:44:42.000Z</time><ele>41</ele></trkpt><trkpt lat="35.160427" lon="126.847401"><time>2026-06-28T06:44:43.000Z</time><ele>41</ele></trkpt><trkpt lat="35.160435" lon="126.847478"><time>2026-06-28T06:44:44.000Z</time><ele>41</ele></trkpt><trkpt lat="35.160443" lon="126.847553"><time>2026-06-28T06:44:45.000Z</time><ele>41</ele></trkpt><trkpt lat="35.16045" lon="126.847618"><time>2026-06-28T06:44:46.000Z</time><ele>42</ele></trkpt><trkpt lat="35.160458" lon="126.847679"><time>2026-06-28T06:44:47.000Z</time><ele>42</ele></trkpt><trkpt lat="35.160469" lon="126.847747"><time>2026-06-28T06:44:49.000Z</time><ele>41</ele></trkpt><trkpt lat="35.160486" lon="126.847836"><time>2026-06-28T06:46:10.000Z</time><ele>41</ele></trkpt><trkpt lat="35.16049" lon="126.847939"><time>2026-06-28T06:46:12.000Z</time><ele>42</ele></trkpt><trkpt lat="35.1605" lon="126.847999"><time>2026-06-28T06:46:13.000Z</time><ele>42</ele></trkpt><trkpt lat="35.160513" lon="126.848066"><time>2026-06-28T06:46:14.000Z</time><ele>42</ele></trkpt><trkpt lat="35.160522" lon="126.848139"><time>2026-06-28T06:46:15.000Z</time><ele>42</ele></trkpt><trkpt lat="35.160539" lon="126.848213"><time>2026-06-28T06:46:16.000Z</time><ele>42</ele></trkpt><trkpt lat="35.160553" lon="126.848288"><time>2026-06-28T06:46:17.000Z</time><ele>43</ele></trkpt><trkpt lat="35.160582" lon="126.848368"><time>2026-06-28T06:46:18.000Z</time><ele>43</ele></trkpt><trkpt lat="35.160627" lon="126.848438"><time>2026-06-28T06:46:19.000Z</time><ele>43</ele></trkpt><trkpt lat="35.160684" lon="126.848501"><time>2026-06-28T06:46:20.000Z</time><ele>44</ele></trkpt><trkpt lat="35.160762" lon="126.848527"><time>2026-06-28T06:46:21.000Z</time><ele>44</ele></trkpt><trkpt lat="35.160848" lon="126.848515"><time>2026-06-28T06:46:22.000Z</time><ele>44</ele></trkpt><trkpt lat="35.160929" lon="126.848502"><time>2026-06-28T06:46:23.000Z</time><ele>45</ele></trkpt><trkpt lat="35.161015" lon="126.848495"><time>2026-06-28T06:46:24.000Z</time><ele>45</ele></trkpt><trkpt lat="35.161112" lon="126.84849"><time>2026-06-28T06:46:25.000Z</time><ele>45</ele></trkpt><trkpt lat="35.161211" lon="126.848485"><time>2026-06-28T06:46:26.000Z</time><ele>45</ele></trkpt><trkpt lat="35.161316" lon="126.848483"><time>2026-06-28T06:46:27.000Z</time><ele>45</ele></trkpt><trkpt lat="35.161427" lon="126.848483"><time>2026-06-28T06:46:28.000Z</time><ele>45</ele></trkpt><trkpt lat="35.161541" lon="126.848481"><time>2026-06-28T06:46:29.000Z</time><ele>45</ele></trkpt><trkpt lat="35.161657" lon="126.848485"><time>2026-06-28T06:46:30.000Z</time><ele>45</ele></trkpt><trkpt lat="35.161775" lon="126.848482"><time>2026-06-28T06:46:31.000Z</time><ele>45</ele></trkpt><trkpt lat="35.161887" lon="126.848478"><time>2026-06-28T06:46:32.000Z</time><ele>44</ele></trkpt><trkpt lat="35.161996" lon="126.848474"><time>2026-06-28T06:46:33.000Z</time><ele>44</ele></trkpt><trkpt lat="35.1621" lon="126.848473"><time>2026-06-28T06:46:34.000Z</time><ele>44</ele></trkpt><trkpt lat="35.162199" lon="126.848475"><time>2026-06-28T06:46:35.000Z</time><ele>43</ele></trkpt><trkpt lat="35.162293" lon="126.848473"><time>2026-06-28T06:46:36.000Z</time><ele>43</ele></trkpt><trkpt lat="35.162379" lon="126.848471"><time>2026-06-28T06:46:37.000Z</time><ele>43</ele></trkpt><trkpt lat="35.162451" lon="126.848486"><time>2026-06-28T06:46:38.000Z</time><ele>43</ele></trkpt><trkpt lat="35.162506" lon="126.848505"><time>2026-06-28T06:46:39.000Z</time><ele>43</ele></trkpt><trkpt lat="35.162555" lon="126.848546"><time>2026-06-28T06:46:40.000Z</time><ele>43</ele></trkpt><trkpt lat="35.162593" lon="126.848599"><time>2026-06-28T06:46:41.000Z</time><ele>42</ele></trkpt><trkpt lat="35.162628" lon="126.848672"><time>2026-06-28T06:46:42.000Z</time><ele>42</ele></trkpt><trkpt lat="35.162637" lon="126.848767"><time>2026-06-28T06:46:43.000Z</time><ele>42</ele></trkpt><trkpt lat="35.162631" lon="126.848871"><time>2026-06-28T06:46:44.000Z</time><ele>41</ele></trkpt><trkpt lat="35.162623" lon="126.848979"><time>2026-06-28T06:46:45.000Z</time><ele>39</ele></trkpt><trkpt lat="35.162614" lon="126.849085"><time>2026-06-28T06:46:46.000Z</time><ele>38</ele></trkpt><trkpt lat="35.162605" lon="126.849193"><time>2026-06-28T06:46:47.000Z</time><ele>37</ele></trkpt><trkpt lat="35.1626" lon="126.849304"><time>2026-06-28T06:46:48.000Z</time><ele>36</ele></trkpt><trkpt lat="35.1626" lon="126.849408"><time>2026-06-28T06:46:49.000Z</time><ele>36</ele></trkpt><trkpt lat="35.162596" lon="126.849507"><time>2026-06-28T06:46:50.000Z</time><ele>36</ele></trkpt><trkpt lat="35.16259" lon="126.84961"><time>2026-06-28T06:46:51.000Z</time><ele>37</ele></trkpt><trkpt lat="35.16258" lon="126.849714"><time>2026-06-28T06:46:52.000Z</time><ele>37</ele></trkpt><trkpt lat="35.162567" lon="126.849819"><time>2026-06-28T06:46:53.000Z</time><ele>37</ele></trkpt><trkpt lat="35.162562" lon="126.849924"><time>2026-06-28T06:46:54.000Z</time><ele>38</ele></trkpt><trkpt lat="35.162555" lon="126.850019"><time>2026-06-28T06:46:55.000Z</time><ele>37</ele></trkpt><trkpt lat="35.162546" lon="126.850108"><time>2026-06-28T06:46:56.000Z</time><ele>37</ele></trkpt><trkpt lat="35.162536" lon="126.850193"><time>2026-06-28T06:46:57.000Z</time><ele>37</ele></trkpt><trkpt lat="35.162521" lon="126.850276"><time>2026-06-28T06:46:58.000Z</time><ele>37</ele></trkpt><trkpt lat="35.162507" lon="126.850362"><time>2026-06-28T06:46:59.000Z</time><ele>37</ele></trkpt><trkpt lat="35.1625" lon="126.850457"><time>2026-06-28T06:47:00.000Z</time><ele>38</ele></trkpt><trkpt lat="35.162499" lon="126.850558"><time>2026-06-28T06:47:01.000Z</time><ele>38</ele></trkpt><trkpt lat="35.162504" lon="126.850663"><time>2026-06-28T06:47:02.000Z</time><ele>37</ele></trkpt><trkpt lat="35.162519" lon="126.850762"><time>2026-06-28T06:47:03.000Z</time><ele>37</ele></trkpt><trkpt lat="35.162563" lon="126.850858"><time>2026-06-28T06:47:04.000Z</time><ele>37</ele></trkpt><trkpt lat="35.162608" lon="126.850955"><time>2026-06-28T06:47:05.000Z</time><ele>37</ele></trkpt><trkpt lat="35.162648" lon="126.851055"><time>2026-06-28T06:47:06.000Z</time><ele>37</ele></trkpt><trkpt lat="35.162683" lon="126.851158"><time>2026-06-28T06:47:07.000Z</time><ele>37</ele></trkpt><trkpt lat="35.162718" lon="126.851266"><time>2026-06-28T06:47:08.000Z</time><ele>37</ele></trkpt><trkpt lat="35.16276" lon="126.851388"><time>2026-06-28T06:47:09.000Z</time><ele>37</ele></trkpt><trkpt lat="35.162815" lon="126.851504"><time>2026-06-28T06:47:10.000Z</time><ele>36</ele></trkpt><trkpt lat="35.162819" lon="126.851658"><time>2026-06-28T06:47:11.000Z</time><ele>36</ele></trkpt><trkpt lat="35.162876" lon="126.85175"><time>2026-06-28T06:47:12.000Z</time><ele>37</ele></trkpt><trkpt lat="35.162924" lon="126.851839"><time>2026-06-28T06:47:13.000Z</time><ele>37</ele></trkpt><trkpt lat="35.162993" lon="126.851955"><time>2026-06-28T06:47:14.000Z</time><ele>38</ele></trkpt><trkpt lat="35.163082" lon="126.852065"><time>2026-06-28T06:47:15.000Z</time><ele>37</ele></trkpt><trkpt lat="35.163152" lon="126.852157"><time>2026-06-28T06:47:16.000Z</time><ele>38</ele></trkpt><trkpt lat="35.163222" lon="126.852246"><time>2026-06-28T06:47:17.000Z</time><ele>39</ele></trkpt><trkpt lat="35.16328" lon="126.852329"><time>2026-06-28T06:47:18.000Z</time><ele>40</ele></trkpt><trkpt lat="35.163342" lon="126.852414"><time>2026-06-28T06:47:19.000Z</time><ele>40</ele></trkpt><trkpt lat="35.163407" lon="126.852514"><time>2026-06-28T06:47:20.000Z</time><ele>40</ele></trkpt><trkpt lat="35.163476" lon="126.852634"><time>2026-06-28T06:47:21.000Z</time><ele>41</ele></trkpt><trkpt lat="35.163548" lon="126.852757"><time>2026-06-28T06:47:22.000Z</time><ele>42</ele></trkpt><trkpt lat="35.163625" lon="126.852882"><time>2026-06-28T06:47:23.000Z</time><ele>42</ele></trkpt><trkpt lat="35.164765" lon="126.854104"><time>2026-06-28T06:47:34.000Z</time><ele>42</ele></trkpt><trkpt lat="35.164844" lon="126.854165"><time>2026-06-28T06:47:35.000Z</time><ele>42</ele></trkpt><trkpt lat="35.164917" lon="126.854212"><time>2026-06-28T06:47:36.000Z</time><ele>42</ele></trkpt><trkpt lat="35.164979" lon="126.854247"><time>2026-06-28T06:47:37.000Z</time><ele>42</ele></trkpt><trkpt lat="35.165037" lon="126.85428"><time>2026-06-28T06:47:38.000Z</time><ele>42</ele></trkpt><trkpt lat="35.165089" lon="126.854313"><time>2026-06-28T06:47:39.000Z</time><ele>42</ele></trkpt><trkpt lat="35.16514" lon="126.85434"><time>2026-06-28T06:47:40.000Z</time><ele>42</ele></trkpt><trkpt lat="35.165193" lon="126.854365"><time>2026-06-28T06:47:41.000Z</time><ele>42</ele></trkpt><trkpt lat="35.165252" lon="126.854393"><time>2026-06-28T06:47:42.000Z</time><ele>42</ele></trkpt><trkpt lat="35.165312" lon="126.854423"><time>2026-06-28T06:47:43.000Z</time><ele>42</ele></trkpt><trkpt lat="35.165375" lon="126.85445"><time>2026-06-28T06:47:44.000Z</time><ele>43</ele></trkpt><trkpt lat="35.165441" lon="126.854475"><time>2026-06-28T06:47:45.000Z</time><ele>44</ele></trkpt><trkpt lat="35.165501" lon="126.854504"><time>2026-06-28T06:47:46.000Z</time><ele>44</ele></trkpt><trkpt lat="35.165556" lon="126.854529"><time>2026-06-28T06:47:47.000Z</time><ele>45</ele></trkpt><trkpt lat="35.165613" lon="126.854559"><time>2026-06-28T06:47:48.000Z</time><ele>45</ele></trkpt><trkpt lat="35.165668" lon="126.854587"><time>2026-06-28T06:47:49.000Z</time><ele>45</ele></trkpt><trkpt lat="35.165721" lon="126.854623"><time>2026-06-28T06:47:50.000Z</time><ele>45</ele></trkpt><trkpt lat="35.165772" lon="126.854661"><time>2026-06-28T06:47:51.000Z</time><ele>44</ele></trkpt><trkpt lat="35.165831" lon="126.854703"><time>2026-06-28T06:47:52.000Z</time><ele>44</ele></trkpt><trkpt lat="35.165893" lon="126.854746"><time>2026-06-28T06:47:53.000Z</time><ele>44</ele></trkpt><trkpt lat="35.165948" lon="126.854786"><time>2026-06-28T06:47:54.000Z</time><ele>44</ele></trkpt><trkpt lat="35.166003" lon="126.854827"><time>2026-06-28T06:47:55.000Z</time><ele>44</ele></trkpt><trkpt lat="35.166058" lon="126.854867"><time>2026-06-28T06:47:56.000Z</time><ele>44</ele></trkpt><trkpt lat="35.166121" lon="126.854912"><time>2026-06-28T06:47:57.000Z</time><ele>44</ele></trkpt><trkpt lat="35.166185" lon="126.85496"><time>2026-06-28T06:47:58.000Z</time><ele>44</ele></trkpt><trkpt lat="35.166246" lon="126.855"><time>2026-06-28T06:47:59.000Z</time><ele>44</ele></trkpt><trkpt lat="35.166308" lon="126.855044"><time>2026-06-28T06:48:00.000Z</time><ele>44</ele></trkpt><trkpt lat="35.166366" lon="126.855085"><time>2026-06-28T06:48:01.000Z</time><ele>45</ele></trkpt><trkpt lat="35.166415" lon="126.855125"><time>2026-06-28T06:48:02.000Z</time><ele>45</ele></trkpt><trkpt lat="35.166457" lon="126.855163"><time>2026-06-28T06:48:03.000Z</time><ele>45</ele></trkpt><trkpt lat="35.166495" lon="126.855193"><time>2026-06-28T06:48:04.000Z</time><ele>45</ele></trkpt><trkpt lat="35.166579" lon="126.85526"><time>2026-06-28T06:48:06.000Z</time><ele>44</ele></trkpt><trkpt lat="35.166626" lon="126.8553"><time>2026-06-28T06:48:07.000Z</time><ele>44</ele></trkpt><trkpt lat="35.166674" lon="126.855333"><time>2026-06-28T06:48:08.000Z</time><ele>44</ele></trkpt><trkpt lat="35.166721" lon="126.855356"><time>2026-06-28T06:48:09.000Z</time><ele>45</ele></trkpt><trkpt lat="35.166764" lon="126.855379"><time>2026-06-28T06:48:10.000Z</time><ele>46</ele></trkpt><trkpt lat="35.166836" lon="126.855433"><time>2026-06-28T06:48:12.000Z</time><ele>47</ele></trkpt><trkpt lat="35.16687" lon="126.855478"><time>2026-06-28T06:48:13.000Z</time><ele>48</ele></trkpt><trkpt lat="35.166903" lon="126.85553"><time>2026-06-28T06:48:14.000Z</time><ele>48</ele></trkpt><trkpt lat="35.16695" lon="126.855588"><time>2026-06-28T06:48:15.000Z</time><ele>48</ele></trkpt><trkpt lat="35.166995" lon="126.855643"><time>2026-06-28T06:48:16.000Z</time><ele>48</ele></trkpt><trkpt lat="35.167045" lon="126.855697"><time>2026-06-28T06:48:17.000Z</time><ele>48</ele></trkpt><trkpt lat="35.167101" lon="126.855764"><time>2026-06-28T06:48:18.000Z</time><ele>48</ele></trkpt><trkpt lat="35.167152" lon="126.855839"><time>2026-06-28T06:48:19.000Z</time><ele>48</ele></trkpt><trkpt lat="35.167203" lon="126.855926"><time>2026-06-28T06:48:20.000Z</time><ele>48</ele></trkpt><trkpt lat="35.16725" lon="126.856017"><time>2026-06-28T06:48:21.000Z</time><ele>47</ele></trkpt><trkpt lat="35.167308" lon="126.85613"><time>2026-06-28T06:48:22.000Z</time><ele>47</ele></trkpt><trkpt lat="35.167355" lon="126.856233"><time>2026-06-28T06:48:23.000Z</time><ele>47</ele></trkpt><trkpt lat="35.167429" lon="126.856342"><time>2026-06-28T06:48:24.000Z</time><ele>47</ele></trkpt><trkpt lat="35.1675" lon="126.856463"><time>2026-06-28T06:48:25.000Z</time><ele>47</ele></trkpt><trkpt lat="35.167562" lon="126.856584"><time>2026-06-28T06:48:26.000Z</time><ele>46</ele></trkpt><trkpt lat="35.167614" lon="126.856717"><time>2026-06-28T06:48:27.000Z</time><ele>46</ele></trkpt><trkpt lat="35.167663" lon="126.856852"><time>2026-06-28T06:48:28.000Z</time><ele>46</ele></trkpt><trkpt lat="35.167712" lon="126.856996"><time>2026-06-28T06:48:29.000Z</time><ele>46</ele></trkpt><trkpt lat="35.167766" lon="126.857141"><time>2026-06-28T06:48:30.000Z</time><ele>46</ele></trkpt><trkpt lat="35.167811" lon="126.857286"><time>2026-06-28T06:48:31.000Z</time><ele>47</ele></trkpt><trkpt lat="35.167858" lon="126.857439"><time>2026-06-28T06:48:32.000Z</time><ele>46</ele></trkpt><trkpt lat="35.167909" lon="126.857592"><time>2026-06-28T06:48:33.000Z</time><ele>46</ele></trkpt><trkpt lat="35.167958" lon="126.857745"><time>2026-06-28T06:48:34.000Z</time><ele>47</ele></trkpt><trkpt lat="35.168006" lon="126.857892"><time>2026-06-28T06:48:35.000Z</time><ele>47</ele></trkpt><trkpt lat="35.16805" lon="126.858038"><time>2026-06-28T06:48:36.000Z</time><ele>47</ele></trkpt><trkpt lat="35.168095" lon="126.85818"><time>2026-06-28T06:48:37.000Z</time><ele>47</ele></trkpt><trkpt lat="35.168135" lon="126.85831"><time>2026-06-28T06:48:38.000Z</time><ele>47</ele></trkpt><trkpt lat="35.168169" lon="126.858433"><time>2026-06-28T06:48:39.000Z</time><ele>47</ele></trkpt><trkpt lat="35.168198" lon="126.85855"><time>2026-06-28T06:48:40.000Z</time><ele>47</ele></trkpt><trkpt lat="35.168235" lon="126.858664"><time>2026-06-28T06:48:41.000Z</time><ele>48</ele></trkpt><trkpt lat="35.16827" lon="126.858782"><time>2026-06-28T06:48:42.000Z</time><ele>48</ele></trkpt><trkpt lat="35.168305" lon="126.858903"><time>2026-06-28T06:48:43.000Z</time><ele>47</ele></trkpt><trkpt lat="35.168341" lon="126.859018"><time>2026-06-28T06:48:44.000Z</time><ele>47</ele></trkpt><trkpt lat="35.168375" lon="126.859129"><time>2026-06-28T06:48:45.000Z</time><ele>47</ele></trkpt><trkpt lat="35.168406" lon="126.859248"><time>2026-06-28T06:48:46.000Z</time><ele>47</ele></trkpt><trkpt lat="35.168437" lon="126.859371"><time>2026-06-28T06:48:47.000Z</time><ele>47</ele></trkpt><trkpt lat="35.168464" lon="126.859503"><time>2026-06-28T06:48:48.000Z</time><ele>47</ele></trkpt><trkpt lat="35.168497" lon="126.85963"><time>2026-06-28T06:48:49.000Z</time><ele>47</ele></trkpt><trkpt lat="35.168533" lon="126.859759"><time>2026-06-28T06:48:50.000Z</time><ele>47</ele></trkpt><trkpt lat="35.168569" lon="126.859884"><time>2026-06-28T06:48:51.000Z</time><ele>47</ele></trkpt><trkpt lat="35.168599" lon="126.860005"><time>2026-06-28T06:48:52.000Z</time><ele>47</ele></trkpt><trkpt lat="35.168627" lon="126.860121"><time>2026-06-28T06:48:53.000Z</time><ele>47</ele></trkpt><trkpt lat="35.168652" lon="126.860236"><time>2026-06-28T06:48:54.000Z</time><ele>47</ele></trkpt><trkpt lat="35.168677" lon="126.860355"><time>2026-06-28T06:48:55.000Z</time><ele>48</ele></trkpt><trkpt lat="35.1687" lon="126.860479"><time>2026-06-28T06:48:56.000Z</time><ele>48</ele></trkpt><trkpt lat="35.168723" lon="126.860616"><time>2026-06-28T06:48:57.000Z</time><ele>48</ele></trkpt><trkpt lat="35.168749" lon="126.860759"><time>2026-06-28T06:48:58.000Z</time><ele>48</ele></trkpt><trkpt lat="35.168772" lon="126.860912"><time>2026-06-28T06:48:59.000Z</time><ele>48</ele></trkpt><trkpt lat="35.168795" lon="126.861065"><time>2026-06-28T06:49:00.000Z</time><ele>49</ele></trkpt><trkpt lat="35.168814" lon="126.86122"><time>2026-06-28T06:49:01.000Z</time><ele>50</ele></trkpt><trkpt lat="35.168837" lon="126.861358"><time>2026-06-28T06:49:02.000Z</time><ele>50</ele></trkpt><trkpt lat="35.168861" lon="126.861493"><time>2026-06-28T06:49:03.000Z</time><ele>50</ele></trkpt><trkpt lat="35.168881" lon="126.861619"><time>2026-06-28T06:49:04.000Z</time><ele>50</ele></trkpt><trkpt lat="35.168898" lon="126.861738"><time>2026-06-28T06:49:05.000Z</time><ele>50</ele></trkpt><trkpt lat="35.168956" lon="126.862189"><time>2026-06-28T06:49:09.000Z</time><ele>50</ele></trkpt><trkpt lat="35.16897" lon="126.862267"><time>2026-06-28T06:49:10.000Z</time><ele>50</ele></trkpt><trkpt lat="35.168987" lon="126.862353"><time>2026-06-28T06:49:12.000Z</time><ele>50</ele></trkpt><trkpt lat="35.168992" lon="126.862415"><time>2026-06-28T06:49:14.000Z</time><ele>51</ele></trkpt><trkpt lat="35.169" lon="126.862499"><time>2026-06-28T06:49:16.000Z</time><ele>51</ele></trkpt><trkpt lat="35.169007" lon="126.862565"><time>2026-06-28T06:49:17.000Z</time><ele>52</ele></trkpt><trkpt lat="35.169014" lon="126.862641"><time>2026-06-28T06:49:18.000Z</time><ele>52</ele></trkpt><trkpt lat="35.169025" lon="126.862719"><time>2026-06-28T06:49:19.000Z</time><ele>52</ele></trkpt><trkpt lat="35.169034" lon="126.862801"><time>2026-06-28T06:49:20.000Z</time><ele>52</ele></trkpt><trkpt lat="35.169048" lon="126.862882"><time>2026-06-28T06:49:21.000Z</time><ele>52</ele></trkpt><trkpt lat="35.169055" lon="126.862952"><time>2026-06-28T06:49:22.000Z</time><ele>53</ele></trkpt><trkpt lat="35.169064" lon="126.863023"><time>2026-06-28T06:49:23.000Z</time><ele>53</ele></trkpt><trkpt lat="35.16907" lon="126.86309"><time>2026-06-28T06:49:24.000Z</time><ele>53</ele></trkpt><trkpt lat="35.169081" lon="126.863154"><time>2026-06-28T06:49:25.000Z</time><ele>54</ele></trkpt><trkpt lat="35.169091" lon="126.863208"><time>2026-06-28T06:49:26.000Z</time><ele>54</ele></trkpt><trkpt lat="35.1691" lon="126.863284"><time>2026-06-28T06:49:28.000Z</time><ele>56</ele></trkpt><trkpt lat="35.169089" lon="126.863343"><time>2026-06-28T06:49:49.000Z</time><ele>55</ele></trkpt><trkpt lat="35.169088" lon="126.863416"><time>2026-06-28T06:49:51.000Z</time><ele>55</ele></trkpt><trkpt lat="35.169098" lon="126.863526"><time>2026-06-28T06:49:53.000Z</time><ele>56</ele></trkpt><trkpt lat="35.169115" lon="126.863587"><time>2026-06-28T06:49:54.000Z</time><ele>56</ele></trkpt><trkpt lat="35.169145" lon="126.863637"><time>2026-06-28T06:49:55.000Z</time><ele>56</ele></trkpt><trkpt lat="35.169184" lon="126.86367"><time>2026-06-28T06:49:56.000Z</time><ele>56</ele></trkpt><trkpt lat="35.169235" lon="126.863699"><time>2026-06-28T06:49:57.000Z</time><ele>56</ele></trkpt><trkpt lat="35.169306" lon="126.863724"><time>2026-06-28T06:49:58.000Z</time><ele>55</ele></trkpt><trkpt lat="35.169381" lon="126.863743"><time>2026-06-28T06:49:59.000Z</time><ele>55</ele></trkpt><trkpt lat="35.16945" lon="126.863751"><time>2026-06-28T06:50:00.000Z</time><ele>56</ele></trkpt><trkpt lat="35.169508" lon="126.863756"><time>2026-06-28T06:50:01.000Z</time><ele>56</ele></trkpt><trkpt lat="35.169573" lon="126.863766"><time>2026-06-28T06:50:02.000Z</time><ele>56</ele></trkpt><trkpt lat="35.169637" lon="126.863775"><time>2026-06-28T06:50:03.000Z</time><ele>56</ele></trkpt><trkpt lat="35.169694" lon="126.863784"><time>2026-06-28T06:50:04.000Z</time><ele>55</ele></trkpt><trkpt lat="35.16975" lon="126.863787"><time>2026-06-28T06:50:05.000Z</time><ele>55</ele></trkpt><trkpt lat="35.169801" lon="126.863791"><time>2026-06-28T06:50:06.000Z</time><ele>54</ele></trkpt><trkpt lat="35.169852" lon="126.863794"><time>2026-06-28T06:50:07.000Z</time><ele>54</ele></trkpt><trkpt lat="35.1699" lon="126.863805"><time>2026-06-28T06:50:08.000Z</time><ele>54</ele></trkpt><trkpt lat="35.169948" lon="126.86384"><time>2026-06-28T06:50:09.000Z</time><ele>54</ele></trkpt><trkpt lat="35.170007" lon="126.863918"><time>2026-06-28T06:50:11.000Z</time><ele>54</ele></trkpt><trkpt lat="35.170051" lon="126.864001"><time>2026-06-28T06:50:13.000Z</time><ele>54</ele></trkpt><trkpt lat="35.170049" lon="126.864072"><time>2026-06-28T06:50:16.000Z</time><ele>54</ele></trkpt><trkpt lat="35.17005" lon="126.864142"><time>2026-06-28T06:50:19.000Z</time><ele>54</ele></trkpt><trkpt lat="35.17006" lon="126.864226"><time>2026-06-28T06:50:21.000Z</time><ele>53</ele></trkpt><trkpt lat="35.170062" lon="126.864285"><time>2026-06-28T06:50:22.000Z</time><ele>53</ele></trkpt><trkpt lat="35.170063" lon="126.864357"><time>2026-06-28T06:50:23.000Z</time><ele>53</ele></trkpt><trkpt lat="35.170059" lon="126.864429"><time>2026-06-28T06:50:24.000Z</time><ele>53</ele></trkpt><trkpt lat="35.170056" lon="126.864495"><time>2026-06-28T06:50:25.000Z</time><ele>53</ele></trkpt><trkpt lat="35.170057" lon="126.864563"><time>2026-06-28T06:50:26.000Z</time><ele>53</ele></trkpt><trkpt lat="35.170056" lon="126.864627"><time>2026-06-28T06:50:27.000Z</time><ele>53</ele></trkpt><trkpt lat="35.170059" lon="126.864682"><time>2026-06-28T06:50:28.000Z</time><ele>52</ele></trkpt><trkpt lat="35.170076" lon="126.864761"><time>2026-06-28T06:50:30.000Z</time><ele>52</ele></trkpt><trkpt lat="35.17014" lon="126.864816"><time>2026-06-28T06:50:32.000Z</time><ele>52</ele></trkpt><trkpt lat="35.170215" lon="126.864854"><time>2026-06-28T06:50:34.000Z</time><ele>52</ele></trkpt><trkpt lat="35.170262" lon="126.864882"><time>2026-06-28T06:50:35.000Z</time><ele>52</ele></trkpt><trkpt lat="35.170306" lon="126.864912"><time>2026-06-28T06:50:36.000Z</time><ele>52</ele></trkpt><trkpt lat="35.170352" lon="126.864953"><time>2026-06-28T06:50:37.000Z</time><ele>52</ele></trkpt><trkpt lat="35.170397" lon="126.864997"><time>2026-06-28T06:50:38.000Z</time><ele>52</ele></trkpt><trkpt lat="35.170458" lon="126.865032"><time>2026-06-28T06:50:39.000Z</time><ele>52</ele></trkpt><trkpt lat="35.170506" lon="126.865085"><time>2026-06-28T06:50:40.000Z</time><ele>51</ele></trkpt><trkpt lat="35.170537" lon="126.865137"><time>2026-06-28T06:50:41.000Z</time><ele>50</ele></trkpt><trkpt lat="35.170567" lon="126.865222"><time>2026-06-28T06:50:42.000Z</time><ele>50</ele></trkpt><trkpt lat="35.170595" lon="126.86532"><time>2026-06-28T06:50:43.000Z</time><ele>49</ele></trkpt><trkpt lat="35.170608" lon="126.86543"><time>2026-06-28T06:50:44.000Z</time><ele>50</ele></trkpt><trkpt lat="35.170605" lon="126.865541"><time>2026-06-28T06:50:45.000Z</time><ele>49</ele></trkpt><trkpt lat="35.170602" lon="126.86564"><time>2026-06-28T06:50:46.000Z</time><ele>49</ele></trkpt><trkpt lat="35.170598" lon="126.865732"><time>2026-06-28T06:50:47.000Z</time><ele>49</ele></trkpt><trkpt lat="35.170604" lon="126.865831"><time>2026-06-28T06:50:48.000Z</time><ele>48</ele></trkpt><trkpt lat="35.170601" lon="126.865915"><time>2026-06-28T06:50:49.000Z</time><ele>48</ele></trkpt><trkpt lat="35.170597" lon="126.865995"><time>2026-06-28T06:50:50.000Z</time><ele>48</ele></trkpt><trkpt lat="35.170594" lon="126.866073"><time>2026-06-28T06:50:51.000Z</time><ele>48</ele></trkpt><trkpt lat="35.170588" lon="126.866151"><time>2026-06-28T06:50:52.000Z</time><ele>49</ele></trkpt><trkpt lat="35.170589" lon="126.866221"><time>2026-06-28T06:50:53.000Z</time><ele>49</ele></trkpt><trkpt lat="35.170586" lon="126.866279"><time>2026-06-28T06:50:54.000Z</time><ele>49</ele></trkpt><trkpt lat="35.170581" lon="126.866339"><time>2026-06-28T06:50:55.000Z</time><ele>49</ele></trkpt><trkpt lat="35.170535" lon="126.866373"><time>2026-06-28T06:50:58.000Z</time><ele>50</ele></trkpt><trkpt lat="35.1705" lon="126.866038"><time>2026-06-28T06:51:05.000Z</time><ele>50</ele></trkpt><trkpt lat="35.170501" lon="126.86596"><time>2026-06-28T06:51:07.000Z</time><ele>50</ele></trkpt><trkpt lat="35.170509" lon="126.865894"><time>2026-06-28T06:51:09.000Z</time><ele>50</ele></trkpt><trkpt lat="35.170505" lon="126.865838"><time>2026-06-28T06:51:12.000Z</time><ele>50</ele></trkpt><trkpt lat="35.170456" lon="126.865803"><time>2026-06-28T06:51:15.000Z</time><ele>50</ele></trkpt><trkpt lat="35.170381" lon="126.865786"><time>2026-06-28T06:51:17.000Z</time><ele>50</ele></trkpt><trkpt lat="35.170313" lon="126.865806"><time>2026-06-28T06:51:19.000Z</time><ele>50</ele></trkpt><trkpt lat="35.170255" lon="126.865834"><time>2026-06-28T06:51:21.000Z</time><ele>49</ele></trkpt><trkpt lat="35.170255" lon="126.865834"><time>2026-06-28T06:51:21.001Z</time><ele>49</ele></trkpt></trkseg></trk></gpx>